Comment_URL,GPT_Input,GPT_Output
https://api.github.com/repos/QuickSwap/interface-v2/pulls/comments/1162239897,Not contain specific items.,Not contain specific items.
https://api.github.com/repos/VladislavPetyukevich/GulagGazRoom/pulls/comments/1155306937,No change happened; the comment remains unaddressed.,No change happened; the comment remains unaddressed.
https://api.github.com/repos/QuickSwap/interface-v2/pulls/comments/1194163545,No change happened; the comment remains unaddressed.,No change happened; the comment remains unaddressed.
https://api.github.com/repos/codestates-seb/fe-sprint-my-agora-states-server/pulls/comments/1160064147,No change happened; the comment remains unaddressed.,No change happened; the comment remains unaddressed.
https://api.github.com/repos/QuickSwap/interface-v2/pulls/comments/1163530894,No change happened; the comment remains unaddressed.,No change happened; the comment remains unaddressed.
https://api.github.com/repos/UnUniFi/web-apps/pulls/comments/1150461489,Not contain specific items.,Not contain specific items.
https://api.github.com/repos/QuickSwap/interface-v2/pulls/comments/1211502661,No change happened; the comment remains unaddressed.,No change happened; the comment remains unaddressed.
https://api.github.com/repos/VladislavPetyukevich/GulagGazRoom/pulls/comments/1155307146,No change happened; the comment remains unaddressed.,No change happened; the comment remains unaddressed.
https://api.github.com/repos/QuickSwap/interface-v2/pulls/comments/1163530340,No change happened; the comment remains unaddressed.,No change happened; the comment remains unaddressed.
https://api.github.com/repos/VladislavPetyukevich/GulagGazRoom/pulls/comments/1155307029,No change happened; the comment remains unaddressed.,No change happened; the comment remains unaddressed.
https://api.github.com/repos/QuickSwap/interface-v2/pulls/comments/1162239815,No change happened; the comment remains unaddressed.,No change happened; the comment remains unaddressed.
https://api.github.com/repos/QuickSwap/interface-v2/pulls/comments/1194163404,No change happened; the comment remains unaddressed.,No change happened; the comment remains unaddressed.
https://api.github.com/repos/VladislavPetyukevich/GulagGazRoom/pulls/comments/1155307218,Not contain specific items.,Not contain specific items.
https://api.github.com/repos/VladislavPetyukevich/GulagGazRoom/pulls/comments/1155307107,Not contain any items.,Not contain any items.
https://api.github.com/repos/QuickSwap/interface-v2/pulls/comments/1163529368,No change happened; the comment remains unaddressed.,No change happened; the comment remains unaddressed.
https://api.github.com/repos/FISCO-BCOS/FISCO-BCOS/pulls/comments/1146120613,No change happened; the comment remains unaddressed.,No change happened; the comment remains unaddressed.
https://api.github.com/repos/VladislavPetyukevich/GulagGazRoom/pulls/comments/1155307121,No change happened; the comment remains unaddressed.,No change happened; the comment remains unaddressed.
https://api.github.com/repos/QuickSwap/interface-v2/pulls/comments/1211503694,No change happened; the comment remains unaddressed.,No change happened; the comment remains unaddressed.
https://api.github.com/repos/VladislavPetyukevich/GulagGazRoom/pulls/comments/1155307162,No change happened; the comment remains unaddressed.,No change happened; the comment remains unaddressed.
https://api.github.com/repos/VladislavPetyukevich/GulagGazRoom/pulls/comments/1155307065,Not contain any items.,Not contain any items.
https://api.github.com/repos/VladislavPetyukevich/GulagGazRoom/pulls/comments/1155306976,No change happened; the comment remains unaddressed.,No change happened; the comment remains unaddressed.
https://api.github.com/repos/clickcaramel/PolyglotRocks/pulls/comments/1148784790,Not contain specific items.,Not contain specific items.
https://api.github.com/repos/QuickSwap/interface-v2/pulls/comments/1194163471,Not contain specific items.,Not contain specific items.
https://api.github.com/repos/QuickSwap/interface-v2/pulls/comments/1211503458,Not contain any items.,Not contain any items.
https://api.github.com/repos/VladislavPetyukevich/GulagGazRoom/pulls/comments/1155307003,No change happened; the comment remains unaddressed.,No change happened; the comment remains unaddressed.
https://api.github.com/repos/QuickSwap/interface-v2/pulls/comments/1163528839,Not contain specific items.,Not contain specific items.
https://api.github.com/repos/QuickSwap/interface-v2/pulls/comments/1162240012,No change happened; the comment remains unaddressed.,No change happened; the comment remains unaddressed.
https://api.github.com/repos/VladislavPetyukevich/GulagGazRoom/pulls/comments/1155306990,No change happened; the comment remains unaddressed.,No change happened; the comment remains unaddressed.
https://api.github.com/repos/UnUniFi/web-apps/pulls/comments/1150461639,No change happened; the comment remains unaddressed.,No change happened; the comment remains unaddressed.
https://api.github.com/repos/QuickSwap/interface-v2/pulls/comments/1211503038,No change happened; the comment remains unaddressed.,No change happened; the comment remains unaddressed.
https://api.github.com/repos/clickcaramel/PolyglotRocks/pulls/comments/1148784813,Not contain specific items.,Not contain specific items.
https://api.github.com/repos/QuickSwap/interface-v2/pulls/comments/1163529560,No change happened; the comment remains unaddressed.,No change happened; the comment remains unaddressed.
https://api.github.com/repos/QuickSwap/interface-v2/pulls/comments/1163531892,Not contain any items.,Not contain any items.
https://api.github.com/repos/QuickSwap/interface-v2/pulls/comments/1163532125,No change happened; the comment remains unaddressed.,No change happened; the comment remains unaddressed.
https://api.github.com/repos/QuickSwap/interface-v2/pulls/comments/1163532302,No change happened; the comment remains unaddressed.,No change happened; the comment remains unaddressed.
https://api.github.com/repos/QuickSwap/interface-v2/pulls/comments/1163532439,No change happened; the comment remains unaddressed.,No change happened; the comment remains unaddressed.
https://api.github.com/repos/QuickSwap/interface-v2/pulls/comments/1163532581,No change happened; the comment remains unaddressed.,No change happened; the comment remains unaddressed.
https://api.github.com/repos/QuickSwap/interface-v2/pulls/comments/1163532709,Not contain any items.,Not contain any items.
https://api.github.com/repos/codestates-seb/fe-sprint-my-agora-states-server/pulls/comments/1160371963,No change happened; the comment remains unaddressed.,No change happened; the comment remains unaddressed.
https://api.github.com/repos/QuickSwap/interface-v2/pulls/comments/1163529707,Not contain specific items.,Not contain specific items.
https://api.github.com/repos/jgeofil/mlreadme-astro-blog/pulls/comments/1895096603,Not contain any items.,Not contain any items.
https://api.github.com/repos/clickcaramel/PolyglotRocks/pulls/comments/1229922634,No change happened; the comment remains unaddressed.,No change happened; the comment remains unaddressed.
https://api.github.com/repos/sidhantpanda/docker-express-typescript-boilerplate/pulls/comments/1267089945,Not contain specific items.,Not contain specific items.
https://api.github.com/repos/sidhantpanda/docker-express-typescript-boilerplate/pulls/comments/1267089814,Not contain specific items.,Not contain specific items.
https://api.github.com/repos/sidhantpanda/docker-express-typescript-boilerplate/pulls/comments/1530357371,Not contain specific items.,Not contain specific items.
https://api.github.com/repos/sidhantpanda/docker-express-typescript-boilerplate/pulls/comments/1530357543,Not contain any items.,Not contain any items.
https://api.github.com/repos/sidhantpanda/docker-express-typescript-boilerplate/pulls/comments/1530357894,Not contain specific items.,Not contain specific items.
https://api.github.com/repos/sidhantpanda/docker-express-typescript-boilerplate/pulls/comments/1384220449,Not contain specific items.,Not contain specific items.
https://api.github.com/repos/sidhantpanda/docker-express-typescript-boilerplate/pulls/comments/1530357993,No change happened; the comment remains unaddressed.,No change happened; the comment remains unaddressed.
https://api.github.com/repos/sidhantpanda/docker-express-typescript-boilerplate/pulls/comments/1176014094,Not contain specific items.,Not contain specific items.
https://api.github.com/repos/sidhantpanda/docker-express-typescript-boilerplate/pulls/comments/1384220479,Not contain specific items.,Not contain specific items.
https://api.github.com/repos/sidhantpanda/docker-express-typescript-boilerplate/pulls/comments/1176014194,Not contain specific items.,Not contain specific items.
https://api.github.com/repos/sidhantpanda/docker-express-typescript-boilerplate/pulls/comments/1312183202,Not contain specific items.,Not contain specific items.
https://api.github.com/repos/sidhantpanda/docker-express-typescript-boilerplate/pulls/comments/1306708597,Not contain specific items.,Not contain specific items.
https://api.github.com/repos/sidhantpanda/docker-express-typescript-boilerplate/pulls/comments/1312183283,Not contain specific items.,Not contain specific items.
https://api.github.com/repos/sidhantpanda/docker-express-typescript-boilerplate/pulls/comments/1328119137,Not contain any items.,Not contain any items.
https://api.github.com/repos/sidhantpanda/docker-express-typescript-boilerplate/pulls/comments/1328119125,Not contain specific items.,Not contain specific items.
https://api.github.com/repos/sidhantpanda/docker-express-typescript-boilerplate/pulls/comments/1306708585,Not contain any items.,Not contain any items.
https://api.github.com/repos/sidhantpanda/docker-express-typescript-boilerplate/pulls/comments/1346075146,Not contain specific items.,Not contain specific items.
https://api.github.com/repos/sidhantpanda/docker-express-typescript-boilerplate/pulls/comments/1530359223,No change happened; the comment remains unaddressed.,No change happened; the comment remains unaddressed.
https://api.github.com/repos/sidhantpanda/docker-express-typescript-boilerplate/pulls/comments/1530359381,Not contain specific items.,Not contain specific items.
https://api.github.com/repos/sidhantpanda/docker-express-typescript-boilerplate/pulls/comments/1346075312,Not contain specific items.,Not contain specific items.
https://api.github.com/repos/sidhantpanda/docker-express-typescript-boilerplate/pulls/comments/1532470469,Not contain specific items.,Not contain specific items.
https://api.github.com/repos/sidhantpanda/docker-express-typescript-boilerplate/pulls/comments/1533059815,Not contain specific items.,Not contain specific items.
https://api.github.com/repos/sidhantpanda/docker-express-typescript-boilerplate/pulls/comments/1532470626,Not contain specific items.,Not contain specific items.
https://api.github.com/repos/sidhantpanda/docker-express-typescript-boilerplate/pulls/comments/1537848125,Not contain specific items.,Not contain specific items.
https://api.github.com/repos/sidhantpanda/docker-express-typescript-boilerplate/pulls/comments/1533060198,Not contain specific items.,Not contain specific items.
https://api.github.com/repos/sidhantpanda/docker-express-typescript-boilerplate/pulls/comments/1169049195,Not contain specific items.,Not contain specific items.
https://api.github.com/repos/sidhantpanda/docker-express-typescript-boilerplate/pulls/comments/1537847930,Not contain specific items.,Not contain specific items.
https://api.github.com/repos/sidhantpanda/docker-express-typescript-boilerplate/pulls/comments/1169049304,Not contain specific items.,Not contain specific items.
https://api.github.com/repos/sidhantpanda/docker-express-typescript-boilerplate/pulls/comments/1175651948,Not contain specific items.,Not contain specific items.
https://api.github.com/repos/sidhantpanda/docker-express-typescript-boilerplate/pulls/comments/1179470722,Not contain specific items.,Not contain specific items.
https://api.github.com/repos/sidhantpanda/docker-express-typescript-boilerplate/pulls/comments/1190470463,Not contain specific items.,Not contain specific items.
https://api.github.com/repos/sidhantpanda/docker-express-typescript-boilerplate/pulls/comments/1175651766,Not contain any items.,Not contain any items.
https://api.github.com/repos/sidhantpanda/docker-express-typescript-boilerplate/pulls/comments/1198521934,Not contain specific items.,Not contain specific items.
https://api.github.com/repos/sidhantpanda/docker-express-typescript-boilerplate/pulls/comments/1190470488,Not contain specific items.,Not contain specific items.
https://api.github.com/repos/sidhantpanda/docker-express-typescript-boilerplate/pulls/comments/1179470983,Not contain specific items.,Not contain specific items.
https://api.github.com/repos/sidhantpanda/docker-express-typescript-boilerplate/pulls/comments/1204839122,Not contain specific items.,Not contain specific items.
https://api.github.com/repos/sidhantpanda/docker-express-typescript-boilerplate/pulls/comments/1198521984,Not contain any items.,Not contain any items.
https://api.github.com/repos/sidhantpanda/docker-express-typescript-boilerplate/pulls/comments/1199286534,Not contain any items.,Not contain any items.
https://api.github.com/repos/sidhantpanda/docker-express-typescript-boilerplate/pulls/comments/1199286430,Not contain any items.,Not contain any items.
https://api.github.com/repos/sidhantpanda/docker-express-typescript-boilerplate/pulls/comments/1210431972,Not contain any items.,Not contain any items.
https://api.github.com/repos/sidhantpanda/docker-express-typescript-boilerplate/pulls/comments/1224657775,Not contain specific items.,Not contain specific items.
https://api.github.com/repos/sidhantpanda/docker-express-typescript-boilerplate/pulls/comments/1204839175,Not contain specific items.,Not contain specific items.
https://api.github.com/repos/sidhantpanda/docker-express-typescript-boilerplate/pulls/comments/1224657881,Not contain specific items.,Not contain specific items.
https://api.github.com/repos/sidhantpanda/docker-express-typescript-boilerplate/pulls/comments/1210432281,Not contain specific items.,Not contain specific items.
https://api.github.com/repos/sidhantpanda/docker-express-typescript-boilerplate/pulls/comments/1227213737,Not contain specific items.,Not contain specific items.
https://api.github.com/repos/sidhantpanda/docker-express-typescript-boilerplate/pulls/comments/1230123002,Not contain specific items.,Not contain specific items.
https://api.github.com/repos/sidhantpanda/docker-express-typescript-boilerplate/pulls/comments/1227213636,Not contain specific items.,Not contain specific items.
https://api.github.com/repos/sidhantpanda/docker-express-typescript-boilerplate/pulls/comments/1237329816,Not contain specific items.,Not contain specific items.
https://api.github.com/repos/sidhantpanda/docker-express-typescript-boilerplate/pulls/comments/1237329972,Not contain specific items.,Not contain specific items.
https://api.github.com/repos/sidhantpanda/docker-express-typescript-boilerplate/pulls/comments/1260236332,Not contain specific items.,Not contain specific items.
https://api.github.com/repos/sidhantpanda/docker-express-typescript-boilerplate/pulls/comments/1255021917,Not contain specific items.,Not contain specific items.
https://api.github.com/repos/sidhantpanda/docker-express-typescript-boilerplate/pulls/comments/1261673746,Not contain specific items.,Not contain specific items.
https://api.github.com/repos/sidhantpanda/docker-express-typescript-boilerplate/pulls/comments/1261673823,Not contain specific items.,Not contain specific items.
https://api.github.com/repos/sidhantpanda/docker-express-typescript-boilerplate/pulls/comments/1260236412,Not contain specific items.,Not contain specific items.
https://api.github.com/repos/sidhantpanda/docker-express-typescript-boilerplate/pulls/comments/1255021966,Not contain specific items.,Not contain specific items.
https://api.github.com/repos/sidhantpanda/docker-express-typescript-boilerplate/pulls/comments/1230122919,Not contain specific items.,Not contain specific items.
https://api.github.com/repos/sidhantpanda/docker-express-typescript-boilerplate/pulls/comments/1237329784,Not contain any items.,Not contain any items.
https://api.github.com/repos/sidhantpanda/docker-express-typescript-boilerplate/pulls/comments/1237329931,Not contain specific items.,Not contain specific items.
https://api.github.com/repos/sidhantpanda/docker-express-typescript-boilerplate/pulls/comments/1171508992,Not contain specific items.,Not contain specific items.
https://api.github.com/repos/sidhantpanda/docker-express-typescript-boilerplate/pulls/comments/1211970460,Not contain specific items.,Not contain specific items.
https://api.github.com/repos/sidhantpanda/docker-express-typescript-boilerplate/pulls/comments/1171508794,Not contain specific items.,Not contain specific items.
https://api.github.com/repos/sidhantpanda/docker-express-typescript-boilerplate/pulls/comments/1252311135,Not contain specific items.,Not contain specific items.
https://api.github.com/repos/sidhantpanda/docker-express-typescript-boilerplate/pulls/comments/1252311154,Not contain specific items.,Not contain specific items.
https://api.github.com/repos/sidhantpanda/docker-express-typescript-boilerplate/pulls/comments/1252311169,Not contain any items.,Not contain any items.
https://api.github.com/repos/sidhantpanda/docker-express-typescript-boilerplate/pulls/comments/1254778615,Not contain any items.,Not contain any items.
https://api.github.com/repos/sidhantpanda/docker-express-typescript-boilerplate/pulls/comments/1252311158,Not contain any items.,Not contain any items.
https://api.github.com/repos/sidhantpanda/docker-express-typescript-boilerplate/pulls/comments/1254778678,Not contain any items.,Not contain any items.
https://api.github.com/repos/sidhantpanda/docker-express-typescript-boilerplate/pulls/comments/1258683707,Not contain any items.,Not contain any items.
https://api.github.com/repos/sidhantpanda/docker-express-typescript-boilerplate/pulls/comments/1258683643,Not contain specific items.,Not contain specific items.
https://api.github.com/repos/QuickSwap/interface-v2/pulls/comments/1163531198,"Input Format:
Code Review:
- Reviewed Path: The file path of the code change.
- Reviewed Change: The code change under review. (""+"" indicates added lines, ""-"" indicates removed lines)
- Review Comment: A list of issues or suggestions for the above changes.
Subsequent Code Changes: A cumulative code changes made to the reviewed file after the review.

Task: For each item in the Review Comment, analyze whether it has been addressed by the Subsequent Code Changes by determining if:
- The issue has been completely resolved.
- The suggestion has been completely followed. (If the suggestion includes concrete code examples, it does not need to be followed exactly. As long as the code change serves the same intended purpose, the suggestion can be considered addressed.)
After completing the analysis, classify the entire review comment into one of the following categories:
- Not Addressed: None of the issues or suggestions have been addressed by the Subsequent Code Changes.
- Partly Addressed: Some but not all issues or suggestions have been addressed.
- Fully Addressed: All issues or suggestions have been addressed.
If the code relevant to the Review Comment has been completely removed in the Subsequent Code Changes, and it is not possible to determine whether the removal was an intentional response to the comment, you can classify it as ""Not Enough Information"".

Output Format:
Analysis details:
- Addressed Items: List the issues or suggestions that have been addressed.
- Unaddressed Items: List the issues or suggestions that have not been addressed.
Classification: Based on the Addressed Items and Unaddressed Items, select one of ""Not Addressed"", ""Partly Addressed"", ""Fully Addressed"", or ""Not Enough Information"" as the final classification without more explanations.

Input:
Code Review:
- Reviewed Path: ""src/connectors/PhantomWalletConnector.ts""
- Reviewed Change: ""@@ -1,5 +1,5 @@\n import { AbstractConnector } from '@web3-react/abstract-connector';\n-import { ConnectorUpdate } from '@web3-react/types';\n+// import { ConnectorUpdate } from '@web3-react/types';\n \n const CHAIN_ID = 137;\n \n@@ -63,7 +63,7 @@ export class PhantomWalletConnector extends AbstractConnector {\n     this.handleDisconnect = this.handleDisconnect.bind(this);\n   }\n \n-  public async activate(): Promise<ConnectorUpdate> {\n+  public async activate(): Promise<any> {\n     this.provider = getPhantomWalletInjectedProvider();\n \n     const accounts = await this.provider.request({""
- Review Comment: ""- as for improvement suggestions, it's generally better to be explicit with return types in typescript. if possible, it may be better to replace `promise<any>` with a more specific type that accurately reflects what `activate()` returns.""

Subsequent Code Changes: The reviewed ""src/connectors/PhantomWalletConnector.ts"" file has been deleted after the Code Review.

Output: List the addressed and unaddressed items, and make the final classification.
","Analysis details:
- Addressed Items: None
- Unaddressed Items: The suggestion to replace Promise<any> with a more specific, explicit return type inactivate() has not been addressed.
Classification: Not Enough Information"
https://api.github.com/repos/sidhantpanda/docker-express-typescript-boilerplate/pulls/comments/1276104094,Not contain any items.,Not contain any items.
https://api.github.com/repos/sidhantpanda/docker-express-typescript-boilerplate/pulls/comments/1302112599,Not contain specific items.,Not contain specific items.
https://api.github.com/repos/sidhantpanda/docker-express-typescript-boilerplate/pulls/comments/1302112689,Not contain specific items.,Not contain specific items.
https://api.github.com/repos/sidhantpanda/docker-express-typescript-boilerplate/pulls/comments/1306622020,Not contain specific items.,Not contain specific items.
https://api.github.com/repos/sidhantpanda/docker-express-typescript-boilerplate/pulls/comments/1306622029,Not contain any items.,Not contain any items.
https://api.github.com/repos/sidhantpanda/docker-express-typescript-boilerplate/pulls/comments/1322544202,Not contain any items.,Not contain any items.
https://api.github.com/repos/QuickSwap/interface-v2/pulls/comments/1163531698,"Input Format:
Code Review:
- Reviewed Path: The file path of the code change.
- Reviewed Change: The code change under review. (""+"" indicates added lines, ""-"" indicates removed lines)
- Review Comment: A list of issues or suggestions for the above changes.
Subsequent Code Changes: A cumulative code changes made to the reviewed file after the review.

Task: For each item in the Review Comment, analyze whether it has been addressed by the Subsequent Code Changes by determining if:
- The issue has been completely resolved.
- The suggestion has been completely followed. (If the suggestion includes concrete code examples, it does not need to be followed exactly. As long as the code change serves the same intended purpose, the suggestion can be considered addressed.)
After completing the analysis, classify the entire review comment into one of the following categories:
- Not Addressed: None of the issues or suggestions have been addressed by the Subsequent Code Changes.
- Partly Addressed: Some but not all issues or suggestions have been addressed.
- Fully Addressed: All issues or suggestions have been addressed.
If the code relevant to the Review Comment has been completely removed in the Subsequent Code Changes, and it is not possible to determine whether the removal was an intentional response to the comment, you can classify it as ""Not Enough Information"".

Output Format:
Analysis details:
- Addressed Items: List the issues or suggestions that have been addressed.
- Unaddressed Items: List the issues or suggestions that have not been addressed.
Classification: Based on the Addressed Items and Unaddressed Items, select one of ""Not Addressed"", ""Partly Addressed"", ""Fully Addressed"", or ""Not Enough Information"" as the final classification without more explanations.

Input:
Code Review:
- Reviewed Path: ""src/connectors/TrustWalletConnector.ts""
- Reviewed Change: ""@@ -1,5 +1,5 @@\n import { AbstractConnector } from '@web3-react/abstract-connector';\n-import { ConnectorUpdate } from '@web3-react/types';\n+// import { ConnectorUpdate } from '@web3-react/types';\n \n const CHAIN_ID = 137;\n \n@@ -63,7 +63,7 @@ export class TrustWalletConnector extends AbstractConnector {\n     this.handleDisconnect = this.handleDisconnect.bind(this);\n   }\n \n-  public async activate(): Promise<ConnectorUpdate> {\n+  public async activate(): Promise<any> {\n     this.provider = getTrustWalletInjectedProvider();\n \n     const accounts = await this.provider.request({""
- Review Comment: ""- as for the change to activate() return type, changing it to any may indicate a loss of type safety. instead, it would be better to define the expected return value or use a more specific type that matches the actual value returned by the function.""

Subsequent Code Changes: The reviewed ""src/connectors/TrustWalletConnector.ts"" file has been deleted after the Code Review.

Output: List the addressed and unaddressed items, and make the final classification.
","Analysis details:
- Addressed Items: None
- Unaddressed Items: The suggestion to use a more specific return type (instead of “any”) for the activate() method.
Classification: Not Enough Information"
https://api.github.com/repos/sidhantpanda/docker-express-typescript-boilerplate/pulls/comments/1363505999,Not contain specific items.,Not contain specific items.
https://api.github.com/repos/sidhantpanda/docker-express-typescript-boilerplate/pulls/comments/1327845614,Not contain any items.,Not contain any items.
https://api.github.com/repos/sidhantpanda/docker-express-typescript-boilerplate/pulls/comments/1363506069,Not contain any items.,Not contain any items.
https://api.github.com/repos/sidhantpanda/docker-express-typescript-boilerplate/pulls/comments/1327845577,Not contain specific items.,Not contain specific items.
https://api.github.com/repos/sidhantpanda/docker-express-typescript-boilerplate/pulls/comments/1376878628,Not contain any items.,Not contain any items.
https://api.github.com/repos/sidhantpanda/docker-express-typescript-boilerplate/pulls/comments/1376878602,Not contain any items.,Not contain any items.
https://api.github.com/repos/sidhantpanda/docker-express-typescript-boilerplate/pulls/comments/1385666684,Not contain any items.,Not contain any items.
https://api.github.com/repos/sidhantpanda/docker-express-typescript-boilerplate/pulls/comments/1385666723,Not contain any items.,Not contain any items.
https://api.github.com/repos/sidhantpanda/docker-express-typescript-boilerplate/pulls/comments/1400012992,Not contain any items.,Not contain any items.
https://api.github.com/repos/sidhantpanda/docker-express-typescript-boilerplate/pulls/comments/1400012956,Not contain any items.,Not contain any items.
https://api.github.com/repos/sidhantpanda/docker-express-typescript-boilerplate/pulls/comments/1401409661,Not contain specific items.,Not contain specific items.
https://api.github.com/repos/sidhantpanda/docker-express-typescript-boilerplate/pulls/comments/1530358253,Not contain specific items.,Not contain specific items.
https://api.github.com/repos/sidhantpanda/docker-express-typescript-boilerplate/pulls/comments/1401409691,Not contain any items.,Not contain any items.
https://api.github.com/repos/sidhantpanda/docker-express-typescript-boilerplate/pulls/comments/1530358313,Not contain any items.,Not contain any items.
https://api.github.com/repos/sidhantpanda/docker-express-typescript-boilerplate/pulls/comments/1174249254,Not contain any items.,Not contain any items.
https://api.github.com/repos/sidhantpanda/docker-express-typescript-boilerplate/pulls/comments/1174249275,Not contain specific items.,Not contain specific items.
https://api.github.com/repos/sidhantpanda/docker-express-typescript-boilerplate/pulls/comments/1199440895,Not contain specific items.,Not contain specific items.
https://api.github.com/repos/sidhantpanda/docker-express-typescript-boilerplate/pulls/comments/1186554083,Not contain specific items.,Not contain specific items.
https://api.github.com/repos/sidhantpanda/docker-express-typescript-boilerplate/pulls/comments/1215081749,Not contain specific items.,Not contain specific items.
https://api.github.com/repos/sidhantpanda/docker-express-typescript-boilerplate/pulls/comments/1232878660,Not contain specific items.,Not contain specific items.
https://api.github.com/repos/sidhantpanda/docker-express-typescript-boilerplate/pulls/comments/1232878855,Not contain any items.,Not contain any items.
https://api.github.com/repos/QuickSwap/interface-v2/pulls/comments/1163529196,"Input Format:
Code Review:
- Reviewed Path: The file path of the code change.
- Reviewed Change: The code change under review. (""+"" indicates added lines, ""-"" indicates removed lines)
- Review Comment: A list of issues or suggestions for the above changes.
Subsequent Code Changes: A cumulative code changes made to the reviewed file after the review.

Task: For each item in the Review Comment, analyze whether it has been addressed by the Subsequent Code Changes by determining if:
- The issue has been completely resolved.
- The suggestion has been completely followed. (If the suggestion includes concrete code examples, it does not need to be followed exactly. As long as the code change serves the same intended purpose, the suggestion can be considered addressed.)
After completing the analysis, classify the entire review comment into one of the following categories:
- Not Addressed: None of the issues or suggestions have been addressed by the Subsequent Code Changes.
- Partly Addressed: Some but not all issues or suggestions have been addressed.
- Fully Addressed: All issues or suggestions have been addressed.
If the code relevant to the Review Comment has been completely removed in the Subsequent Code Changes, and it is not possible to determine whether the removal was an intentional response to the comment, you can classify it as ""Not Enough Information"".

Output Format:
Analysis details:
- Addressed Items: List the issues or suggestions that have been addressed.
- Unaddressed Items: List the issues or suggestions that have not been addressed.
Classification: Based on the Addressed Items and Unaddressed Items, select one of ""Not Addressed"", ""Partly Addressed"", ""Fully Addressed"", or ""Not Enough Information"" as the final classification without more explanations.

Input:
Code Review:
- Reviewed Path: ""src/components/AccountDetails/AccountDetails.tsx""
- Reviewed Change: ""@@ -6,23 +6,19 @@ import { AppDispatch } from 'state';\n import { Box } from '@material-ui/core';\n import { clearAllTransactions } from 'state/transactions/actions';\n import { shortenAddress, getEtherscanLink, getWalletKeys } from 'utils';\n-import { SUPPORTED_WALLETS } from 'constants/index';\n import { ReactComponent as Close } from 'assets/images/CloseIcon.svg';\n-import {\n-  injected,\n-  walletlink,\n-  safeApp,\n-  trustconnect,\n-  unstopabbledomains,\n-  metamask,\n-} from 'connectors';\n import { ExternalLink as LinkIcon } from 'react-feather';\n import 'components/styles/AccountDetails.scss';\n import StatusIcon from './StatusIcon';\n import Copy from './CopyHelper';\n import Transaction from './Transaction';\n import { useTranslation } from 'react-i18next';\n import { useUDDomain } from 'state/application/hooks';\n+import {\n+  coinbaseWalletConnection,\n+  gnosisSafeConnection,\n+  injectedConnection,\n+} from 'connectors';\n \n function renderTransactions(transactions: string[]) {\n   return (\n@@ -56,7 +52,7 @@ const AccountDetails: React.FC<AccountDetailsProps> = ({\n \n   function formatConnectorName() {\n     const name = getWalletKeys(connector).map(\n-      (k) => SUPPORTED_WALLETS[k].name,\n+      (connection) => connection.name,\n     )[0];\n     return (\n       <small>\n@@ -79,28 +75,27 @@ const AccountDetails: React.FC<AccountDetailsProps> = ({\n         <Box className='flex justify-between items-center'>\n           {formatConnectorName()}\n           <Box className='flex items-center'>\n-            {connector !== injected &&\n-              connector !== metamask &&\n-              connector !== walletlink &&\n-              connector !== trustconnect &&\n-              connector !== safeApp && (\n+            {connector !== injectedConnection.connector &&\n+              connector !== coinbaseWalletConnection.connector &&\n+              connector !== gnosisSafeConnection.connector && (\n                 <small\n                   style={{ cursor: 'pointer', marginRight: 8 }}\n                   onClick={() => {\n-                    if (\n-                      connector ===\n-                      ((unstopabbledomains as any) as AbstractConnector)\n-                    ) {\n-                      (connector as any).handleDeactivate();\n-                    } else {\n-                      (connector as any).close();\n-                    }\n+                    connector;\n+                    // if (\n+                    //   connector ===\n+                    //   ((unstopabbledomains as any) as AbstractConnector)\n+                    // ) {\n+                    //   (connector as any).handleDeactivate();\n+                    // } else {\n+                    //   (connector as any).close();\n+                    // }\n                   }}\n                 >\n                   {t('disconnect')}\n                 </small>\n               )}\n-            {connector !== safeApp && (\n+            {connector !== gnosisSafeConnection.connector && (\n               <small\n                 className='cursor-pointer'\n                 onClick={() => {""
- Review Comment: ""- the formatconnectorname method can be improved by eliminating the getwalletkeys method call since it only returns one connector anyway. instead, we can simplify the current name variable and remove the [0] index that follows the map method.\n- regarding the onclick handler in the jsx code block, it's unclear what the intended behavior was as the logic currently just references connector. there also appear to be commented-out code blocks that may have been temporarily removed. it would be best to review this before any implementation.""

Subsequent Code Changes: Here are the cumulative modifications made to the reviewed file ""src/components/AccountDetails/AccountDetails.tsx"" after the Code Review.
""--- \n\n+++ \n\n@@ -81,7 +81,9 @@\n\n                 <small\n                   style={{ cursor: 'pointer', marginRight: 8 }}\n                   onClick={() => {\n-                    connector;\n+                    if (connector.deactivate) {\n+                      connector.deactivate();\n+                    }\n                     // if (\n                     //   connector ===\n                     //   ((unstopabbledomains as any) as AbstractConnector)""

Output: List the addressed and unaddressed items, and make the final classification.
","Analysis details:
- Addressed Items: The suggestion regarding the onclick handler in the JSX block has been addressed by introducing an if-statement that calls connector.deactivate() when available.
- Unaddressed Items: The recommendation to simplify the formatConnectorName method by eliminating the getWalletKeys call and removing the [0] index has not been addressed.
Classification: Partly Addressed"
https://api.github.com/repos/sidhantpanda/docker-express-typescript-boilerplate/pulls/comments/1248781022,Not contain any items.,Not contain any items.
https://api.github.com/repos/sidhantpanda/docker-express-typescript-boilerplate/pulls/comments/1248780997,Not contain any items.,Not contain any items.
https://api.github.com/repos/sidhantpanda/docker-express-typescript-boilerplate/pulls/comments/1263940623,Not contain specific items.,Not contain specific items.
https://api.github.com/repos/sidhantpanda/docker-express-typescript-boilerplate/pulls/comments/1248780987,Not contain specific items.,Not contain specific items.
https://api.github.com/repos/sidhantpanda/docker-express-typescript-boilerplate/pulls/comments/1278033139,Not contain specific items.,Not contain specific items.
https://api.github.com/repos/sidhantpanda/docker-express-typescript-boilerplate/pulls/comments/1263940681,Not contain any items.,Not contain any items.
https://api.github.com/repos/sidhantpanda/docker-express-typescript-boilerplate/pulls/comments/1278033210,Not contain any items.,Not contain any items.
https://api.github.com/repos/sidhantpanda/docker-express-typescript-boilerplate/pulls/comments/1291611457,Not contain any items.,Not contain any items.
https://api.github.com/repos/sidhantpanda/docker-express-typescript-boilerplate/pulls/comments/1291611405,Not contain specific items.,Not contain specific items.
https://api.github.com/repos/sidhantpanda/docker-express-typescript-boilerplate/pulls/comments/1306207957,Not contain specific items.,Not contain specific items.
https://api.github.com/repos/sidhantpanda/docker-express-typescript-boilerplate/pulls/comments/1320380479,Not contain specific items.,Not contain specific items.
https://api.github.com/repos/sidhantpanda/docker-express-typescript-boilerplate/pulls/comments/1306207963,Not contain any items.,Not contain any items.
https://api.github.com/repos/sidhantpanda/docker-express-typescript-boilerplate/pulls/comments/1320380499,Not contain any items.,Not contain any items.
https://api.github.com/repos/sidhantpanda/docker-express-typescript-boilerplate/pulls/comments/1334871495,Not contain any items.,Not contain any items.
https://api.github.com/repos/sidhantpanda/docker-express-typescript-boilerplate/pulls/comments/1334871469,Not contain specific items.,Not contain specific items.
https://api.github.com/repos/sidhantpanda/docker-express-typescript-boilerplate/pulls/comments/1349344393,Not contain specific items.,Not contain specific items.
https://api.github.com/repos/sidhantpanda/docker-express-typescript-boilerplate/pulls/comments/1349344418,Not contain any items.,Not contain any items.
https://api.github.com/repos/sidhantpanda/docker-express-typescript-boilerplate/pulls/comments/1367545361,Not contain any items.,Not contain any items.
https://api.github.com/repos/sidhantpanda/docker-express-typescript-boilerplate/pulls/comments/1276104040,"Input Format:
Code Review:
- Reviewed Path: The file path of the code change.
- Reviewed Change: The code change under review. (""+"" indicates added lines, ""-"" indicates removed lines)
- Review Comment: A list of issues or suggestions for the above changes.
Subsequent Code Changes: A cumulative code changes made to the reviewed file after the review.

Task: For each item in the Review Comment, analyze whether it has been addressed by the Subsequent Code Changes by determining if:
- The issue has been completely resolved.
- The suggestion has been completely followed. (If the suggestion includes concrete code examples, it does not need to be followed exactly. As long as the code change serves the same intended purpose, the suggestion can be considered addressed.)
After completing the analysis, classify the entire review comment into one of the following categories:
- Not Addressed: None of the issues or suggestions have been addressed by the Subsequent Code Changes.
- Partly Addressed: Some but not all issues or suggestions have been addressed.
- Fully Addressed: All issues or suggestions have been addressed.
If the code relevant to the Review Comment has been completely removed in the Subsequent Code Changes, and it is not possible to determine whether the removal was an intentional response to the comment, you can classify it as ""Not Enough Information"".

Output Format:
Analysis details:
- Addressed Items: List the issues or suggestions that have been addressed.
- Unaddressed Items: List the issues or suggestions that have not been addressed.
Classification: Based on the Addressed Items and Unaddressed Items, select one of ""Not Addressed"", ""Partly Addressed"", ""Fully Addressed"", or ""Not Enough Information"" as the final classification without more explanations.

Input:
Code Review:
- Reviewed Path: ""package.json""
- Reviewed Change: ""@@ -44,7 +44,7 @@\n     \""@types/compression\"": \""1.7.2\"",\n     \""@types/express\"": \""4.17.17\"",\n     \""@types/hapi__joi\"": \""17.1.9\"",\n-    \""@types/jest\"": \""29.5.0\"",\n+    \""@types/jest\"": \""29.5.3\"",\n     \""@types/js-yaml\"": \""^4.0.5\"",\n     \""@types/node\"": \""18.15.11\"",\n     \""@types/supertest\"": \""2.0.12\"",\n@@ -54,7 +54,7 @@\n     \""eslint\"": \""8.38.0\"",\n     \""eslint-config-airbnb-base\"": \""15.0.0\"",\n     \""eslint-plugin-import\"": \""2.27.5\"",\n-    \""jest\"": \""29.5.0\"",\n+    \""jest\"": \""29.6.2\"",\n     \""jest-express\"": \""1.12.0\"",\n     \""nodemon\"": \""2.0.22\"",\n     \""supertest\"": \""6.3.3\"",""
- Review Comment: ""- consider adding explicit version ranges or using the caret (^) symbol in the package.json file to allow automatic upgrading to compatible future versions.""

Subsequent Code Changes: Here are the cumulative modifications made to the reviewed file ""package.json"" after the Code Review.
""--- \n\n+++ \n\n@@ -44,7 +44,7 @@\n\n     \""@types/compression\"": \""1.7.2\"",\n     \""@types/express\"": \""4.17.17\"",\n     \""@types/hapi__joi\"": \""17.1.9\"",\n-    \""@types/jest\"": \""29.5.3\"",\n+    \""@types/jest\"": \""29.5.12\"",\n     \""@types/js-yaml\"": \""^4.0.5\"",\n     \""@types/node\"": \""18.15.11\"",\n     \""@types/supertest\"": \""2.0.12\"",\n@@ -54,7 +54,7 @@\n\n     \""eslint\"": \""8.38.0\"",\n     \""eslint-config-airbnb-base\"": \""15.0.0\"",\n     \""eslint-plugin-import\"": \""2.27.5\"",\n-    \""jest\"": \""29.6.2\"",\n+    \""jest\"": \""29.7.0\"",\n     \""jest-express\"": \""1.12.0\"",\n     \""nodemon\"": \""2.0.22\"",\n     \""supertest\"": \""6.3.3\"",""

Output: List the addressed and unaddressed items, and make the final classification.
","Analysis details:
- Addressed Items: None
- Unaddressed Items: - consider adding explicit version ranges or using the caret (^) symbol in the package.json file to allow automatic upgrading to compatible future versions.
Classification: Not Addressed"
https://api.github.com/repos/sidhantpanda/docker-express-typescript-boilerplate/pulls/comments/1382301942,Not contain any items.,Not contain any items.
https://api.github.com/repos/sidhantpanda/docker-express-typescript-boilerplate/pulls/comments/1382301937,Not contain specific items.,Not contain specific items.
https://api.github.com/repos/sidhantpanda/docker-express-typescript-boilerplate/pulls/comments/1398022992,Not contain any items.,Not contain any items.
https://api.github.com/repos/sidhantpanda/docker-express-typescript-boilerplate/pulls/comments/1398022982,Not contain any items.,Not contain any items.
https://api.github.com/repos/sidhantpanda/docker-express-typescript-boilerplate/pulls/comments/1412663420,Not contain specific items.,Not contain specific items.
https://api.github.com/repos/sidhantpanda/docker-express-typescript-boilerplate/pulls/comments/1367545350,Not contain specific items.,Not contain specific items.
https://api.github.com/repos/sidhantpanda/docker-express-typescript-boilerplate/pulls/comments/1412663440,Not contain any items.,Not contain any items.
https://api.github.com/repos/sidhantpanda/docker-express-typescript-boilerplate/pulls/comments/1530358747,Not contain specific items.,Not contain specific items.
https://api.github.com/repos/sidhantpanda/docker-express-typescript-boilerplate/pulls/comments/1530358822,Not contain any items.,Not contain any items.
https://api.github.com/repos/sidhantpanda/docker-express-typescript-boilerplate/pulls/comments/1532770938,Not contain specific items.,Not contain specific items.
https://api.github.com/repos/sidhantpanda/docker-express-typescript-boilerplate/pulls/comments/1552454138,Not contain specific items.,Not contain specific items.
https://api.github.com/repos/sidhantpanda/docker-express-typescript-boilerplate/pulls/comments/1552454040,Not contain specific items.,Not contain specific items.
https://api.github.com/repos/sidhantpanda/docker-express-typescript-boilerplate/pulls/comments/1559634324,Not contain specific items.,Not contain specific items.
https://api.github.com/repos/sidhantpanda/docker-express-typescript-boilerplate/pulls/comments/1559634461,Not contain specific items.,Not contain specific items.
https://api.github.com/repos/sidhantpanda/docker-express-typescript-boilerplate/pulls/comments/1643461577,Not contain specific items.,Not contain specific items.
https://api.github.com/repos/sidhantpanda/docker-express-typescript-boilerplate/pulls/comments/1648050737,Not contain specific items.,Not contain specific items.
https://api.github.com/repos/sidhantpanda/docker-express-typescript-boilerplate/pulls/comments/1648050670,Not contain specific items.,Not contain specific items.
https://api.github.com/repos/sidhantpanda/docker-express-typescript-boilerplate/pulls/comments/1643461641,Not contain specific items.,Not contain specific items.
https://api.github.com/repos/sidhantpanda/docker-express-typescript-boilerplate/pulls/comments/1661472529,Not contain specific items.,Not contain specific items.
https://api.github.com/repos/sidhantpanda/docker-express-typescript-boilerplate/pulls/comments/1661472572,Not contain specific items.,Not contain specific items.
https://api.github.com/repos/sidhantpanda/docker-express-typescript-boilerplate/pulls/comments/1750714596,Not contain specific items.,Not contain specific items.
https://api.github.com/repos/sidhantpanda/docker-express-typescript-boilerplate/pulls/comments/1750714457,Not contain specific items.,Not contain specific items.
https://api.github.com/repos/sidhantpanda/docker-express-typescript-boilerplate/pulls/comments/1687293981,Not contain specific items.,Not contain specific items.
https://api.github.com/repos/sidhantpanda/docker-express-typescript-boilerplate/pulls/comments/1687293935,Not contain specific items.,Not contain specific items.
https://api.github.com/repos/sidhantpanda/docker-express-typescript-boilerplate/pulls/comments/1792672685,Not contain specific items.,Not contain specific items.
https://api.github.com/repos/sidhantpanda/docker-express-typescript-boilerplate/pulls/comments/1792672739,Not contain specific items.,Not contain specific items.
https://api.github.com/repos/sidhantpanda/docker-express-typescript-boilerplate/pulls/comments/1854374230,No change happened; the comment remains unaddressed.,No change happened; the comment remains unaddressed.
https://api.github.com/repos/sidhantpanda/docker-express-typescript-boilerplate/pulls/comments/1854374241,Not contain specific items.,Not contain specific items.
https://api.github.com/repos/sidhantpanda/docker-express-typescript-boilerplate/pulls/comments/1536924250,Not contain specific items.,Not contain specific items.
https://api.github.com/repos/sidhantpanda/docker-express-typescript-boilerplate/pulls/comments/1536924262,Not contain specific items.,Not contain specific items.
https://api.github.com/repos/sidhantpanda/docker-express-typescript-boilerplate/pulls/comments/1643461900,Not contain specific items.,Not contain specific items.
https://api.github.com/repos/sidhantpanda/docker-express-typescript-boilerplate/pulls/comments/1211970771,"Input Format:
Code Review:
- Reviewed Path: The file path of the code change.
- Reviewed Change: The code change under review. (""+"" indicates added lines, ""-"" indicates removed lines)
- Review Comment: A list of issues or suggestions for the above changes.
Subsequent Code Changes: A cumulative code changes made to the reviewed file after the review.

Task: For each item in the Review Comment, analyze whether it has been addressed by the Subsequent Code Changes by determining if:
- The issue has been completely resolved.
- The suggestion has been completely followed. (If the suggestion includes concrete code examples, it does not need to be followed exactly. As long as the code change serves the same intended purpose, the suggestion can be considered addressed.)
After completing the analysis, classify the entire review comment into one of the following categories:
- Not Addressed: None of the issues or suggestions have been addressed by the Subsequent Code Changes.
- Partly Addressed: Some but not all issues or suggestions have been addressed.
- Fully Addressed: All issues or suggestions have been addressed.
If the code relevant to the Review Comment has been completely removed in the Subsequent Code Changes, and it is not possible to determine whether the removal was an intentional response to the comment, you can classify it as ""Not Enough Information"".

Output Format:
Analysis details:
- Addressed Items: List the issues or suggestions that have been addressed.
- Unaddressed Items: List the issues or suggestions that have not been addressed.
Classification: Based on the Addressed Items and Unaddressed Items, select one of ""Not Addressed"", ""Partly Addressed"", ""Fully Addressed"", or ""Not Enough Information"" as the final classification without more explanations.

Input:
Code Review:
- Reviewed Path: ""yarn.lock""
- Reviewed Change: ""@@ -1020,10 +1020,10 @@\n   dependencies:\n     \""@types/istanbul-lib-report\"" \""*\""\n \n-\""@types/jest@29.5.0\"":\n-  version \""29.5.0\""\n-  resolved \""https://registry.yarnpkg.com/@types/jest/-/jest-29.5.0.tgz#337b90bbcfe42158f39c2fb5619ad044bbb518ac\""\n-  integrity sha512-3Emr5VOl/aoBwnWcH/EFQvlSAmjV+XtV9GGu5mwdYew5vhQh0IUZx/60x0TzHDu09Bi7HMx10t/namdJw5QIcg==\n+\""@types/jest@29.5.2\"":\n+  version \""29.5.2\""\n+  resolved \""https://registry.yarnpkg.com/@types/jest/-/jest-29.5.2.tgz#86b4afc86e3a8f3005b297ed8a72494f89e6395b\""\n+  integrity sha512-mSoZVJF5YzGVCk+FsDxzDuH7s+SCkzrgKZzf0Z0T2WudhBUPoF6ktoTPC4R0ZoCPCV5xUvuU6ias5NvxcBcMMg==\n   dependencies:\n     expect \""^29.0.0\""\n     pretty-format \""^29.0.0\""""
- Review Comment: ""- it would be helpful to include a brief description of why this version update is being made in the code patch or in a related comment. this can help other developers understand the purpose of the change and avoid confusion.""

Subsequent Code Changes: Here are the cumulative modifications made to the reviewed file ""yarn.lock"" after the Code Review.
""--- \n\n+++ \n\n@@ -9,6 +9,14 @@\n\n   dependencies:\n     \""@jridgewell/trace-mapping\"" \""^0.3.0\""\n \n+\""@ampproject/remapping@^2.2.0\"":\n+  version \""2.3.0\""\n+  resolved \""https://registry.yarnpkg.com/@ampproject/remapping/-/remapping-2.3.0.tgz#ed441b6fa600072520ce18b43d2c8cc8caecc7f4\""\n+  integrity sha512-30iZtAPgz+LTIYoeivqYo853f02jBYSd5uGnGpkFV0M3xOt9aN73erkgYAmZU43x4VfqcnLxW9Kpg3R5LC4YYw==\n+  dependencies:\n+    \""@jridgewell/gen-mapping\"" \""^0.3.5\""\n+    \""@jridgewell/trace-mapping\"" \""^0.3.24\""\n+\n \""@babel/code-frame@^7.0.0\"", \""@babel/code-frame@^7.12.13\"", \""@babel/code-frame@^7.16.7\"":\n   version \""7.16.7\""\n   resolved \""https://registry.yarnpkg.com/@babel/code-frame/-/code-frame-7.16.7.tgz#44416b6bd7624b998f5b1af5d470856c40138789\""\n@@ -16,6 +24,14 @@\n\n   dependencies:\n     \""@babel/highlight\"" \""^7.16.7\""\n \n+\""@babel/code-frame@^7.23.5\"", \""@babel/code-frame@^7.24.1\"":\n+  version \""7.24.1\""\n+  resolved \""https://registry.yarnpkg.com/@babel/code-frame/-/code-frame-7.24.1.tgz#8f4027f85a6e84a695276080e864215318f95c19\""\n+  integrity sha512-bC49z4spJQR3j8vFtJBLqzyzFV0ciuL5HYX7qfSl3KEqeMVV+eTquRvmXxpvB0AMubRrvv7y5DILiLLPi57Ewg==\n+  dependencies:\n+    \""@babel/highlight\"" \""^7.24.1\""\n+    picocolors \""^1.0.0\""\n+\n \""@babel/compat-data@^7.16.4\"":\n   version \""7.17.0\""\n   resolved \""https://registry.yarnpkg.com/@babel/compat-data/-/compat-data-7.17.0.tgz#86850b8597ea6962089770952075dcaabb8dba34\""\n@@ -25,6 +41,11 @@\n\n   version \""7.17.10\""\n   resolved \""https://registry.yarnpkg.com/@babel/compat-data/-/compat-data-7.17.10.tgz#711dc726a492dfc8be8220028b1b92482362baab\""\n   integrity sha512-GZt/TCsG70Ms19gfZO1tM4CVnXsPgEPBCpJu+Qz3L0LUDsY5nZqFZglIoPC1kIYOtNBZlrnFT+klg12vFGZXrw==\n+\n+\""@babel/compat-data@^7.23.5\"":\n+  version \""7.24.1\""\n+  resolved \""https://registry.yarnpkg.com/@babel/compat-data/-/compat-data-7.24.1.tgz#31c1f66435f2a9c329bb5716a6d6186c516c3742\""\n+  integrity sha512-Pc65opHDliVpRHuKfzI+gSA4zcgr65O4cl64fFJIWEEh8JoHIHh0Oez1Eo8Arz8zq/JhgKodQaxEwUPRtZylVA==\n \n \""@babel/core@^7.11.6\"":\n   version \""7.18.0\""\n@@ -68,6 +89,27 @@\n\n     json5 \""^2.1.2\""\n     semver \""^6.3.0\""\n \n+\""@babel/core@^7.23.9\"":\n+  version \""7.24.1\""\n+  resolved \""https://registry.yarnpkg.com/@babel/core/-/core-7.24.1.tgz#b802f931b6498dcb8fed5a4710881a45abbc2784\""\n+  integrity sha512-F82udohVyIgGAY2VVj/g34TpFUG606rumIHjTfVbssPg2zTR7PuuEpZcX8JA6sgBfIYmJrFtWgPvHQuJamVqZQ==\n+  dependencies:\n+    \""@ampproject/remapping\"" \""^2.2.0\""\n+    \""@babel/code-frame\"" \""^7.24.1\""\n+    \""@babel/generator\"" \""^7.24.1\""\n+    \""@babel/helper-compilation-targets\"" \""^7.23.6\""\n+    \""@babel/helper-module-transforms\"" \""^7.23.3\""\n+    \""@babel/helpers\"" \""^7.24.1\""\n+    \""@babel/parser\"" \""^7.24.1\""\n+    \""@babel/template\"" \""^7.24.0\""\n+    \""@babel/traverse\"" \""^7.24.1\""\n+    \""@babel/types\"" \""^7.24.0\""\n+    convert-source-map \""^2.0.0\""\n+    debug \""^4.1.0\""\n+    gensync \""^1.0.0-beta.2\""\n+    json5 \""^2.2.3\""\n+    semver \""^6.3.1\""\n+\n \""@babel/generator@^7.17.3\"", \""@babel/generator@^7.7.2\"":\n   version \""7.17.3\""\n   resolved \""https://registry.yarnpkg.com/@babel/generator/-/generator-7.17.3.tgz#a2c30b0c4f89858cb87050c3ffdfd36bdf443200\""\n@@ -86,6 +128,16 @@\n\n     \""@jridgewell/gen-mapping\"" \""^0.3.0\""\n     jsesc \""^2.5.1\""\n \n+\""@babel/generator@^7.24.1\"":\n+  version \""7.24.1\""\n+  resolved \""https://registry.yarnpkg.com/@babel/generator/-/generator-7.24.1.tgz#e67e06f68568a4ebf194d1c6014235344f0476d0\""\n+  integrity sha512-DfCRfZsBcrPEHUfuBMgbJ1Ut01Y/itOs+hY2nFLgqsqXd52/iSiVq5TITtUasIUgm+IIKdY2/1I7auiQOEeC9A==\n+  dependencies:\n+    \""@babel/types\"" \""^7.24.0\""\n+    \""@jridgewell/gen-mapping\"" \""^0.3.5\""\n+    \""@jridgewell/trace-mapping\"" \""^0.3.25\""\n+    jsesc \""^2.5.1\""\n+\n \""@babel/helper-compilation-targets@^7.16.7\"":\n   version \""7.16.7\""\n   resolved \""https://registry.yarnpkg.com/@babel/helper-compilation-targets/-/helper-compilation-targets-7.16.7.tgz#06e66c5f299601e6c7da350049315e83209d551b\""\n@@ -106,6 +158,17 @@\n\n     browserslist \""^4.20.2\""\n     semver \""^6.3.0\""\n \n+\""@babel/helper-compilation-targets@^7.23.6\"":\n+  version \""7.23.6\""\n+  resolved \""https://registry.yarnpkg.com/@babel/helper-compilation-targets/-/helper-compilation-targets-7.23.6.tgz#4d79069b16cbcf1461289eccfbbd81501ae39991\""\n+  integrity sha512-9JB548GZoQVmzrFgp8o7KxdgkTGm6xs9DW0o/Pim72UDjzr5ObUQ6ZzYPqA+g9OTS2bBQoctLJrky0RDCAWRgQ==\n+  dependencies:\n+    \""@babel/compat-data\"" \""^7.23.5\""\n+    \""@babel/helper-validator-option\"" \""^7.23.5\""\n+    browserslist \""^4.22.2\""\n+    lru-cache \""^5.1.1\""\n+    semver \""^6.3.1\""\n+\n \""@babel/helper-environment-visitor@^7.16.7\"":\n   version \""7.16.7\""\n   resolved \""https://registry.yarnpkg.com/@babel/helper-environment-visitor/-/helper-environment-visitor-7.16.7.tgz#ff484094a839bde9d89cd63cba017d7aae80ecd7\""\n@@ -113,6 +176,11 @@\n\n   dependencies:\n     \""@babel/types\"" \""^7.16.7\""\n \n+\""@babel/helper-environment-visitor@^7.22.20\"":\n+  version \""7.22.20\""\n+  resolved \""https://registry.yarnpkg.com/@babel/helper-environment-visitor/-/helper-environment-visitor-7.22.20.tgz#96159db61d34a29dba454c959f5ae4a649ba9167\""\n+  integrity sha512-zfedSIzFhat/gFhWfHtgWvlec0nqB9YEIVrpuwjruLlXfUSnA8cJB0miHKwqDnQ7d32aKo2xt88/xZptwxbfhA==\n+\n \""@babel/helper-function-name@^7.16.7\"":\n   version \""7.16.7\""\n   resolved \""https://registry.yarnpkg.com/@babel/helper-function-name/-/helper-function-name-7.16.7.tgz#f1ec51551fb1c8956bc8dd95f38523b6cf375f8f\""\n@@ -130,6 +198,14 @@\n\n     \""@babel/template\"" \""^7.16.7\""\n     \""@babel/types\"" \""^7.17.0\""\n \n+\""@babel/helper-function-name@^7.23.0\"":\n+  version \""7.23.0\""\n+  resolved \""https://registry.yarnpkg.com/@babel/helper-function-name/-/helper-function-name-7.23.0.tgz#1f9a3cdbd5b2698a670c30d2735f9af95ed52759\""\n+  integrity sha512-OErEqsrxjZTJciZ4Oo+eoZqeW9UIiOcuYKRJA4ZAgV9myA+pOXhhmpfNCKjEH/auVfEYVFJ6y1Tc4r0eIApqiw==\n+  dependencies:\n+    \""@babel/template\"" \""^7.22.15\""\n+    \""@babel/types\"" \""^7.23.0\""\n+\n \""@babel/helper-get-function-arity@^7.16.7\"":\n   version \""7.16.7\""\n   resolved \""https://registry.yarnpkg.com/@babel/helper-get-function-arity/-/helper-get-function-arity-7.16.7.tgz#ea08ac753117a669f1508ba06ebcc49156387419\""\n@@ -144,12 +220,26 @@\n\n   dependencies:\n     \""@babel/types\"" \""^7.16.7\""\n \n+\""@babel/helper-hoist-variables@^7.22.5\"":\n+  version \""7.22.5\""\n+  resolved \""https://registry.yarnpkg.com/@babel/helper-hoist-variables/-/helper-hoist-variables-7.22.5.tgz#c01a007dac05c085914e8fb652b339db50d823bb\""\n+  integrity sha512-wGjk9QZVzvknA6yKIUURb8zY3grXCcOZt+/7Wcy8O2uctxhplmUPkOdlgoNhmdVee2c92JXbf1xpMtVNbfoxRw==\n+  dependencies:\n+    \""@babel/types\"" \""^7.22.5\""\n+\n \""@babel/helper-module-imports@^7.16.7\"":\n   version \""7.16.7\""\n   resolved \""https://registry.yarnpkg.com/@babel/helper-module-imports/-/helper-module-imports-7.16.7.tgz#25612a8091a999704461c8a222d0efec5d091437\""\n   integrity sha512-LVtS6TqjJHFc+nYeITRo6VLXve70xmq7wPhWTqDJusJEgGmkAACWwMiTNrvfoQo6hEhFwAIixNkvB0jPXDL8Wg==\n   dependencies:\n     \""@babel/types\"" \""^7.16.7\""\n+\n+\""@babel/helper-module-imports@^7.22.15\"":\n+  version \""7.24.1\""\n+  resolved \""https://registry.yarnpkg.com/@babel/helper-module-imports/-/helper-module-imports-7.24.1.tgz#961ea2c12aad6cfc75b8c396c81608a08283027b\""\n+  integrity sha512-HfEWzysMyOa7xI5uQHc/OcZf67/jc+xe/RZlznWQHhbb8Pg1SkRdbK4yEi61aY8wxQA7PkSfoojtLQP/Kpe3og==\n+  dependencies:\n+    \""@babel/types\"" \""^7.24.0\""\n \n \""@babel/helper-module-transforms@^7.16.7\"":\n   version \""7.17.6\""\n@@ -179,6 +269,17 @@\n\n     \""@babel/traverse\"" \""^7.18.0\""\n     \""@babel/types\"" \""^7.18.0\""\n \n+\""@babel/helper-module-transforms@^7.23.3\"":\n+  version \""7.23.3\""\n+  resolved \""https://registry.yarnpkg.com/@babel/helper-module-transforms/-/helper-module-transforms-7.23.3.tgz#d7d12c3c5d30af5b3c0fcab2a6d5217773e2d0f1\""\n+  integrity sha512-7bBs4ED9OmswdfDzpz4MpWgSrV7FXlc3zIagvLFjS5H+Mk7Snr21vQ6QwrsoCGMfNC4e4LQPdoULEt4ykz0SRQ==\n+  dependencies:\n+    \""@babel/helper-environment-visitor\"" \""^7.22.20\""\n+    \""@babel/helper-module-imports\"" \""^7.22.15\""\n+    \""@babel/helper-simple-access\"" \""^7.22.5\""\n+    \""@babel/helper-split-export-declaration\"" \""^7.22.6\""\n+    \""@babel/helper-validator-identifier\"" \""^7.22.20\""\n+\n \""@babel/helper-plugin-utils@^7.0.0\"", \""@babel/helper-plugin-utils@^7.10.4\"", \""@babel/helper-plugin-utils@^7.12.13\"", \""@babel/helper-plugin-utils@^7.14.5\"", \""@babel/helper-plugin-utils@^7.16.7\"", \""@babel/helper-plugin-utils@^7.8.0\"":\n   version \""7.16.7\""\n   resolved \""https://registry.yarnpkg.com/@babel/helper-plugin-utils/-/helper-plugin-utils-7.16.7.tgz#aa3a8ab4c3cceff8e65eb9e73d87dc4ff320b2f5\""\n@@ -203,6 +304,13 @@\n\n   dependencies:\n     \""@babel/types\"" \""^7.17.0\""\n \n+\""@babel/helper-simple-access@^7.22.5\"":\n+  version \""7.22.5\""\n+  resolved \""https://registry.yarnpkg.com/@babel/helper-simple-access/-/helper-simple-access-7.22.5.tgz#4938357dc7d782b80ed6dbb03a0fba3d22b1d5de\""\n+  integrity sha512-n0H99E/K+Bika3++WNL17POvo4rKWZ7lZEp1Q+fStVbUi8nxPQEBOlTmCOxW/0JsS56SKKQ+ojAe2pHKJHN35w==\n+  dependencies:\n+    \""@babel/types\"" \""^7.22.5\""\n+\n \""@babel/helper-split-export-declaration@^7.16.7\"":\n   version \""7.16.7\""\n   resolved \""https://registry.yarnpkg.com/@babel/helper-split-export-declaration/-/helper-split-export-declaration-7.16.7.tgz#0b648c0c42da9d3920d85ad585f2778620b8726b\""\n@@ -210,16 +318,38 @@\n\n   dependencies:\n     \""@babel/types\"" \""^7.16.7\""\n \n+\""@babel/helper-split-export-declaration@^7.22.6\"":\n+  version \""7.22.6\""\n+  resolved \""https://registry.yarnpkg.com/@babel/helper-split-export-declaration/-/helper-split-export-declaration-7.22.6.tgz#322c61b7310c0997fe4c323955667f18fcefb91c\""\n+  integrity sha512-AsUnxuLhRYsisFiaJwvp1QF+I3KjD5FOxut14q/GzovUe6orHLesW2C7d754kRm53h5gqrz6sFl6sxc4BVtE/g==\n+  dependencies:\n+    \""@babel/types\"" \""^7.22.5\""\n+\n+\""@babel/helper-string-parser@^7.23.4\"":\n+  version \""7.24.1\""\n+  resolved \""https://registry.yarnpkg.com/@babel/helper-string-parser/-/helper-string-parser-7.24.1.tgz#f99c36d3593db9540705d0739a1f10b5e20c696e\""\n+  integrity sha512-2ofRCjnnA9y+wk8b9IAREroeUP02KHp431N2mhKniy2yKIDKpbrHv9eXwm8cBeWQYcJmzv5qKCu65P47eCF7CQ==\n+\n \""@babel/helper-validator-identifier@^7.16.7\"":\n   version \""7.16.7\""\n   resolved \""https://registry.yarnpkg.com/@babel/helper-validator-identifier/-/helper-validator-identifier-7.16.7.tgz#e8c602438c4a8195751243da9031d1607d247cad\""\n   integrity sha512-hsEnFemeiW4D08A5gUAZxLBTXpZ39P+a+DGDsHw1yxqyQ/jzFEnxf5uTEGp+3bzAbNOxU1paTgYS4ECU/IgfDw==\n \n+\""@babel/helper-validator-identifier@^7.22.20\"":\n+  version \""7.22.20\""\n+  resolved \""https://registry.yarnpkg.com/@babel/helper-validator-identifier/-/helper-validator-identifier-7.22.20.tgz#c4ae002c61d2879e724581d96665583dbc1dc0e0\""\n+  integrity sha512-Y4OZ+ytlatR8AI+8KZfKuL5urKp7qey08ha31L8b3BwewJAoJamTzyvxPR/5D+KkdJCGPq/+8TukHBlY10FX9A==\n+\n \""@babel/helper-validator-option@^7.16.7\"":\n   version \""7.16.7\""\n   resolved \""https://registry.yarnpkg.com/@babel/helper-validator-option/-/helper-validator-option-7.16.7.tgz#b203ce62ce5fe153899b617c08957de860de4d23\""\n   integrity sha512-TRtenOuRUVo9oIQGPC5G9DgK4743cdxvtOw0weQNpZXaS16SCBi5MNjZF8vba3ETURjZpTbVn7Vvcf2eAwFozQ==\n \n+\""@babel/helper-validator-option@^7.23.5\"":\n+  version \""7.23.5\""\n+  resolved \""https://registry.yarnpkg.com/@babel/helper-validator-option/-/helper-validator-option-7.23.5.tgz#907a3fbd4523426285365d1206c423c4c5520307\""\n+  integrity sha512-85ttAOMLsr53VgXkTbkx8oA6YTfT4q7/HzXSLEYmjcSTJPMPQtvq1BD79Byep5xMUYbGRzEpDsjUf3dyp54IKw==\n+\n \""@babel/helpers@^7.17.2\"":\n   version \""7.17.2\""\n   resolved \""https://registry.yarnpkg.com/@babel/helpers/-/helpers-7.17.2.tgz#23f0a0746c8e287773ccd27c14be428891f63417\""\n@@ -238,6 +368,15 @@\n\n     \""@babel/traverse\"" \""^7.18.0\""\n     \""@babel/types\"" \""^7.18.0\""\n \n+\""@babel/helpers@^7.24.1\"":\n+  version \""7.24.1\""\n+  resolved \""https://registry.yarnpkg.com/@babel/helpers/-/helpers-7.24.1.tgz#183e44714b9eba36c3038e442516587b1e0a1a94\""\n+  integrity sha512-BpU09QqEe6ZCHuIHFphEFgvNSrubve1FtyMton26ekZ85gRGi6LrTF7zArARp2YvyFxloeiRmtSCq5sjh1WqIg==\n+  dependencies:\n+    \""@babel/template\"" \""^7.24.0\""\n+    \""@babel/traverse\"" \""^7.24.1\""\n+    \""@babel/types\"" \""^7.24.0\""\n+\n \""@babel/highlight@^7.16.7\"":\n   version \""7.16.10\""\n   resolved \""https://registry.yarnpkg.com/@babel/highlight/-/highlight-7.16.10.tgz#744f2eb81579d6eea753c227b0f570ad785aba88\""\n@@ -247,6 +386,16 @@\n\n     chalk \""^2.0.0\""\n     js-tokens \""^4.0.0\""\n \n+\""@babel/highlight@^7.24.1\"":\n+  version \""7.24.1\""\n+  resolved \""https://registry.yarnpkg.com/@babel/highlight/-/highlight-7.24.1.tgz#21f3f5391c793b3f0d6dbb40f898c48cc6ad4215\""\n+  integrity sha512-EPmDPxidWe/Ex+HTFINpvXdPHRmgSF3T8hGvzondYjmgzTQ/0EbLpSxyt+w3zzlYSk9cNBQNF9k0dT5Z2NiBjw==\n+  dependencies:\n+    \""@babel/helper-validator-identifier\"" \""^7.22.20\""\n+    chalk \""^2.4.2\""\n+    js-tokens \""^4.0.0\""\n+    picocolors \""^1.0.0\""\n+\n \""@babel/parser@^7.1.0\"", \""@babel/parser@^7.14.7\"", \""@babel/parser@^7.16.7\"", \""@babel/parser@^7.17.3\"":\n   version \""7.17.3\""\n   resolved \""https://registry.yarnpkg.com/@babel/parser/-/parser-7.17.3.tgz#b07702b982990bf6fdc1da5049a23fece4c5c3d0\""\n@@ -257,6 +406,11 @@\n\n   resolved \""https://registry.yarnpkg.com/@babel/parser/-/parser-7.18.0.tgz#10a8d4e656bc01128d299a787aa006ce1a91e112\""\n   integrity sha512-AqDccGC+m5O/iUStSJy3DGRIUFu7WbY/CppZYwrEUB4N0tZlnI8CSTsgL7v5fHVFmUbRv2sd+yy27o8Ydt4MGg==\n \n+\""@babel/parser@^7.23.9\"", \""@babel/parser@^7.24.0\"", \""@babel/parser@^7.24.1\"":\n+  version \""7.24.1\""\n+  resolved \""https://registry.yarnpkg.com/@babel/parser/-/parser-7.24.1.tgz#1e416d3627393fab1cb5b0f2f1796a100ae9133a\""\n+  integrity sha512-Zo9c7N3xdOIQrNip7Lc9wvRPzlRtovHVE4lkz8WEDr7uYh/GMQhSiIgFxGIArRHYdJE5kxtZjAf8rT0xhdLCzg==\n+\n \""@babel/plugin-syntax-async-generators@^7.8.4\"":\n   version \""7.8.4\""\n   resolved \""https://registry.yarnpkg.com/@babel/plugin-syntax-async-generators/-/plugin-syntax-async-generators-7.8.4.tgz#a983fb1aeb2ec3f6ed042a210f640e90e786fe0d\""\n@@ -364,7 +518,16 @@\n\n     \""@babel/parser\"" \""^7.16.7\""\n     \""@babel/types\"" \""^7.16.7\""\n \n-\""@babel/traverse@^7.17.0\"", \""@babel/traverse@^7.17.3\"", \""@babel/traverse@^7.7.2\"":\n+\""@babel/template@^7.22.15\"", \""@babel/template@^7.24.0\"":\n+  version \""7.24.0\""\n+  resolved \""https://registry.yarnpkg.com/@babel/template/-/template-7.24.0.tgz#c6a524aa93a4a05d66aaf31654258fae69d87d50\""\n+  integrity sha512-Bkf2q8lMB0AFpX0NFEqSbx1OkTHf0f+0j82mkw+ZpzBnkk7e9Ql0891vlfgi+kHwOk8tQjiQHpqh4LaSa0fKEA==\n+  dependencies:\n+    \""@babel/code-frame\"" \""^7.23.5\""\n+    \""@babel/parser\"" \""^7.24.0\""\n+    \""@babel/types\"" \""^7.24.0\""\n+\n+\""@babel/traverse@^7.17.0\"", \""@babel/traverse@^7.17.3\"":\n   version \""7.17.3\""\n   resolved \""https://registry.yarnpkg.com/@babel/traverse/-/traverse-7.17.3.tgz#0ae0f15b27d9a92ba1f2263358ea7c4e7db47b57\""\n   integrity sha512-5irClVky7TxRWIRtxlh2WPUUOLhcPN06AGgaQSB8AEwuyEBgJVuJ5imdHm5zxk8w0QS5T+tDfnDxAlhWjpb7cw==\n@@ -396,6 +559,22 @@\n\n     debug \""^4.1.0\""\n     globals \""^11.1.0\""\n \n+\""@babel/traverse@^7.24.1\"":\n+  version \""7.24.1\""\n+  resolved \""https://registry.yarnpkg.com/@babel/traverse/-/traverse-7.24.1.tgz#d65c36ac9dd17282175d1e4a3c49d5b7988f530c\""\n+  integrity sha512-xuU6o9m68KeqZbQuDt2TcKSxUw/mrsvavlEqQ1leZ/B+C9tk6E4sRWy97WaXgvq5E+nU3cXMxv3WKOCanVMCmQ==\n+  dependencies:\n+    \""@babel/code-frame\"" \""^7.24.1\""\n+    \""@babel/generator\"" \""^7.24.1\""\n+    \""@babel/helper-environment-visitor\"" \""^7.22.20\""\n+    \""@babel/helper-function-name\"" \""^7.23.0\""\n+    \""@babel/helper-hoist-variables\"" \""^7.22.5\""\n+    \""@babel/helper-split-export-declaration\"" \""^7.22.6\""\n+    \""@babel/parser\"" \""^7.24.1\""\n+    \""@babel/types\"" \""^7.24.0\""\n+    debug \""^4.3.1\""\n+    globals \""^11.1.0\""\n+\n \""@babel/types@^7.0.0\"", \""@babel/types@^7.16.7\"", \""@babel/types@^7.17.0\"", \""@babel/types@^7.3.0\"", \""@babel/types@^7.3.3\"":\n   version \""7.17.0\""\n   resolved \""https://registry.yarnpkg.com/@babel/types/-/types-7.17.0.tgz#a826e368bccb6b3d84acd76acad5c0d87342390b\""\n@@ -410,6 +589,15 @@\n\n   integrity sha512-vhAmLPAiC8j9K2GnsnLPCIH5wCrPpYIVBCWRBFDCB7Y/BXLqi/O+1RSTTM2bsmg6U/551+FCf9PNPxjABmxHTw==\n   dependencies:\n     \""@babel/helper-validator-identifier\"" \""^7.16.7\""\n+    to-fast-properties \""^2.0.0\""\n+\n+\""@babel/types@^7.22.5\"", \""@babel/types@^7.23.0\"", \""@babel/types@^7.24.0\"":\n+  version \""7.24.0\""\n+  resolved \""https://registry.yarnpkg.com/@babel/types/-/types-7.24.0.tgz#3b951f435a92e7333eba05b7566fd297960ea1bf\""\n+  integrity sha512-+j7a5c253RfKh8iABBhywc8NSfP5LURe7Uh4qpsh6jc+aLJguvmIUBdjSdEMQv2bENrCR5MfRdjGo7vzS/ob7w==\n+  dependencies:\n+    \""@babel/helper-string-parser\"" \""^7.23.4\""\n+    \""@babel/helper-validator-identifier\"" \""^7.22.20\""\n     to-fast-properties \""^2.0.0\""\n \n \""@bcoe/v8-coverage@^0.2.3\"":\n@@ -512,66 +700,66 @@\n\n     js-yaml \""^3.13.1\""\n     resolve-from \""^5.0.0\""\n \n-\""@istanbuljs/schema@^0.1.2\"":\n+\""@istanbuljs/schema@^0.1.2\"", \""@istanbuljs/schema@^0.1.3\"":\n   version \""0.1.3\""\n   resolved \""https://registry.yarnpkg.com/@istanbuljs/schema/-/schema-0.1.3.tgz#e45e384e4b8ec16bce2fd903af78450f6bf7ec98\""\n   integrity sha512-ZXRY4jNvVgSVQ8DL3LTcakaAtXwTVUxE81hslsyD2AtoXW/wVob10HkOJ1X/pAlcI7D+2YoZKg5do8G/w6RYgA==\n \n-\""@jest/console@^29.5.0\"":\n-  version \""29.5.0\""\n-  resolved \""https://registry.yarnpkg.com/@jest/console/-/console-29.5.0.tgz#593a6c5c0d3f75689835f1b3b4688c4f8544cb57\""\n-  integrity sha512-NEpkObxPwyw/XxZVLPmAGKE89IQRp4puc6IQRPru6JKd1M3fW9v1xM1AnzIJE65hbCkzQAdnL8P47e9hzhiYLQ==\n-  dependencies:\n-    \""@jest/types\"" \""^29.5.0\""\n+\""@jest/console@^29.7.0\"":\n+  version \""29.7.0\""\n+  resolved \""https://registry.yarnpkg.com/@jest/console/-/console-29.7.0.tgz#cd4822dbdb84529265c5a2bdb529a3c9cc950ffc\""\n+  integrity sha512-5Ni4CU7XHQi32IJ398EEP4RrB8eV09sXP2ROqD4bksHrnTree52PsxvX8tpL8LvTZ3pFzXyPbNQReSN41CAhOg==\n+  dependencies:\n+    \""@jest/types\"" \""^29.6.3\""\n     \""@types/node\"" \""*\""\n     chalk \""^4.0.0\""\n-    jest-message-util \""^29.5.0\""\n-    jest-util \""^29.5.0\""\n+    jest-message-util \""^29.7.0\""\n+    jest-util \""^29.7.0\""\n     slash \""^3.0.0\""\n \n-\""@jest/core@^29.5.0\"":\n-  version \""29.5.0\""\n-  resolved \""https://registry.yarnpkg.com/@jest/core/-/core-29.5.0.tgz#76674b96904484e8214614d17261cc491e5f1f03\""\n-  integrity sha512-28UzQc7ulUrOQw1IsN/kv1QES3q2kkbl/wGslyhAclqZ/8cMdB5M68BffkIdSJgKBUt50d3hbwJ92XESlE7LiQ==\n-  dependencies:\n-    \""@jest/console\"" \""^29.5.0\""\n-    \""@jest/reporters\"" \""^29.5.0\""\n-    \""@jest/test-result\"" \""^29.5.0\""\n-    \""@jest/transform\"" \""^29.5.0\""\n-    \""@jest/types\"" \""^29.5.0\""\n+\""@jest/core@^29.7.0\"":\n+  version \""29.7.0\""\n+  resolved \""https://registry.yarnpkg.com/@jest/core/-/core-29.7.0.tgz#b6cccc239f30ff36609658c5a5e2291757ce448f\""\n+  integrity sha512-n7aeXWKMnGtDA48y8TLWJPJmLmmZ642Ceo78cYWEpiD7FzDgmNDV/GCVRorPABdXLJZ/9wzzgZAlHjXjxDHGsg==\n+  dependencies:\n+    \""@jest/console\"" \""^29.7.0\""\n+    \""@jest/reporters\"" \""^29.7.0\""\n+    \""@jest/test-result\"" \""^29.7.0\""\n+    \""@jest/transform\"" \""^29.7.0\""\n+    \""@jest/types\"" \""^29.6.3\""\n     \""@types/node\"" \""*\""\n     ansi-escapes \""^4.2.1\""\n     chalk \""^4.0.0\""\n     ci-info \""^3.2.0\""\n     exit \""^0.1.2\""\n     graceful-fs \""^4.2.9\""\n-    jest-changed-files \""^29.5.0\""\n-    jest-config \""^29.5.0\""\n-    jest-haste-map \""^29.5.0\""\n-    jest-message-util \""^29.5.0\""\n-    jest-regex-util \""^29.4.3\""\n-    jest-resolve \""^29.5.0\""\n-    jest-resolve-dependencies \""^29.5.0\""\n-    jest-runner \""^29.5.0\""\n-    jest-runtime \""^29.5.0\""\n-    jest-snapshot \""^29.5.0\""\n-    jest-util \""^29.5.0\""\n-    jest-validate \""^29.5.0\""\n-    jest-watcher \""^29.5.0\""\n+    jest-changed-files \""^29.7.0\""\n+    jest-config \""^29.7.0\""\n+    jest-haste-map \""^29.7.0\""\n+    jest-message-util \""^29.7.0\""\n+    jest-regex-util \""^29.6.3\""\n+    jest-resolve \""^29.7.0\""\n+    jest-resolve-dependencies \""^29.7.0\""\n+    jest-runner \""^29.7.0\""\n+    jest-runtime \""^29.7.0\""\n+    jest-snapshot \""^29.7.0\""\n+    jest-util \""^29.7.0\""\n+    jest-validate \""^29.7.0\""\n+    jest-watcher \""^29.7.0\""\n     micromatch \""^4.0.4\""\n-    pretty-format \""^29.5.0\""\n+    pretty-format \""^29.7.0\""\n     slash \""^3.0.0\""\n     strip-ansi \""^6.0.0\""\n \n-\""@jest/environment@^29.5.0\"":\n-  version \""29.5.0\""\n-  resolved \""https://registry.yarnpkg.com/@jest/environment/-/environment-29.5.0.tgz#9152d56317c1fdb1af389c46640ba74ef0bb4c65\""\n-  integrity sha512-5FXw2+wD29YU1d4I2htpRX7jYnAyTRjP2CsXQdo9SAM8g3ifxWPSV0HnClSn71xwctr0U3oZIIH+dtbfmnbXVQ==\n-  dependencies:\n-    \""@jest/fake-timers\"" \""^29.5.0\""\n-    \""@jest/types\"" \""^29.5.0\""\n+\""@jest/environment@^29.7.0\"":\n+  version \""29.7.0\""\n+  resolved \""https://registry.yarnpkg.com/@jest/environment/-/environment-29.7.0.tgz#24d61f54ff1f786f3cd4073b4b94416383baf2a7\""\n+  integrity sha512-aQIfHDq33ExsN4jP1NWGXhxgQ/wixs60gDiKO+XVMd8Mn0NWPWgc34ZQDTb2jKaUWQ7MuwoitXAsN2XVXNMpAw==\n+  dependencies:\n+    \""@jest/fake-timers\"" \""^29.7.0\""\n+    \""@jest/types\"" \""^29.6.3\""\n     \""@types/node\"" \""*\""\n-    jest-mock \""^29.5.0\""\n+    jest-mock \""^29.7.0\""\n \n \""@jest/expect-utils@^29.3.1\"":\n   version \""29.3.1\""\n@@ -580,54 +768,54 @@\n\n   dependencies:\n     jest-get-type \""^29.2.0\""\n \n-\""@jest/expect-utils@^29.5.0\"":\n-  version \""29.5.0\""\n-  resolved \""https://registry.yarnpkg.com/@jest/expect-utils/-/expect-utils-29.5.0.tgz#f74fad6b6e20f924582dc8ecbf2cb800fe43a036\""\n-  integrity sha512-fmKzsidoXQT2KwnrwE0SQq3uj8Z763vzR8LnLBwC2qYWEFpjX8daRsk6rHUM1QvNlEW/UJXNXm59ztmJJWs2Mg==\n-  dependencies:\n-    jest-get-type \""^29.4.3\""\n-\n-\""@jest/expect@^29.5.0\"":\n-  version \""29.5.0\""\n-  resolved \""https://registry.yarnpkg.com/@jest/expect/-/expect-29.5.0.tgz#80952f5316b23c483fbca4363ce822af79c38fba\""\n-  integrity sha512-PueDR2HGihN3ciUNGr4uelropW7rqUfTiOn+8u0leg/42UhblPxHkfoh0Ruu3I9Y1962P3u2DY4+h7GVTSVU6g==\n-  dependencies:\n-    expect \""^29.5.0\""\n-    jest-snapshot \""^29.5.0\""\n-\n-\""@jest/fake-timers@^29.5.0\"":\n-  version \""29.5.0\""\n-  resolved \""https://registry.yarnpkg.com/@jest/fake-timers/-/fake-timers-29.5.0.tgz#d4d09ec3286b3d90c60bdcd66ed28d35f1b4dc2c\""\n-  integrity sha512-9ARvuAAQcBwDAqOnglWq2zwNIRUDtk/SCkp/ToGEhFv5r86K21l+VEs0qNTaXtyiY0lEePl3kylijSYJQqdbDg==\n-  dependencies:\n-    \""@jest/types\"" \""^29.5.0\""\n+\""@jest/expect-utils@^29.7.0\"":\n+  version \""29.7.0\""\n+  resolved \""https://registry.yarnpkg.com/@jest/expect-utils/-/expect-utils-29.7.0.tgz#023efe5d26a8a70f21677d0a1afc0f0a44e3a1c6\""\n+  integrity sha512-GlsNBWiFQFCVi9QVSx7f5AgMeLxe9YCCs5PuP2O2LdjDAA8Jh9eX7lA1Jq/xdXw3Wb3hyvlFNfZIfcRetSzYcA==\n+  dependencies:\n+    jest-get-type \""^29.6.3\""\n+\n+\""@jest/expect@^29.7.0\"":\n+  version \""29.7.0\""\n+  resolved \""https://registry.yarnpkg.com/@jest/expect/-/expect-29.7.0.tgz#76a3edb0cb753b70dfbfe23283510d3d45432bf2\""\n+  integrity sha512-8uMeAMycttpva3P1lBHB8VciS9V0XAr3GymPpipdyQXbBcuhkLQOSe8E/p92RyAdToS6ZD1tFkX+CkhoECE0dQ==\n+  dependencies:\n+    expect \""^29.7.0\""\n+    jest-snapshot \""^29.7.0\""\n+\n+\""@jest/fake-timers@^29.7.0\"":\n+  version \""29.7.0\""\n+  resolved \""https://registry.yarnpkg.com/@jest/fake-timers/-/fake-timers-29.7.0.tgz#fd91bf1fffb16d7d0d24a426ab1a47a49881a565\""\n+  integrity sha512-q4DH1Ha4TTFPdxLsqDXK1d3+ioSL7yL5oCMJZgDYm6i+6CygW5E5xVr/D1HdsGxjt1ZWSfUAs9OxSB/BNelWrQ==\n+  dependencies:\n+    \""@jest/types\"" \""^29.6.3\""\n     \""@sinonjs/fake-timers\"" \""^10.0.2\""\n     \""@types/node\"" \""*\""\n-    jest-message-util \""^29.5.0\""\n-    jest-mock \""^29.5.0\""\n-    jest-util \""^29.5.0\""\n-\n-\""@jest/globals@^29.5.0\"":\n-  version \""29.5.0\""\n-  resolved \""https://registry.yarnpkg.com/@jest/globals/-/globals-29.5.0.tgz#6166c0bfc374c58268677539d0c181f9c1833298\""\n-  integrity sha512-S02y0qMWGihdzNbUiqSAiKSpSozSuHX5UYc7QbnHP+D9Lyw8DgGGCinrN9uSuHPeKgSSzvPom2q1nAtBvUsvPQ==\n-  dependencies:\n-    \""@jest/environment\"" \""^29.5.0\""\n-    \""@jest/expect\"" \""^29.5.0\""\n-    \""@jest/types\"" \""^29.5.0\""\n-    jest-mock \""^29.5.0\""\n-\n-\""@jest/reporters@^29.5.0\"":\n-  version \""29.5.0\""\n-  resolved \""https://registry.yarnpkg.com/@jest/reporters/-/reporters-29.5.0.tgz#985dfd91290cd78ddae4914ba7921bcbabe8ac9b\""\n-  integrity sha512-D05STXqj/M8bP9hQNSICtPqz97u7ffGzZu+9XLucXhkOFBqKcXe04JLZOgIekOxdb73MAoBUFnqvf7MCpKk5OA==\n+    jest-message-util \""^29.7.0\""\n+    jest-mock \""^29.7.0\""\n+    jest-util \""^29.7.0\""\n+\n+\""@jest/globals@^29.7.0\"":\n+  version \""29.7.0\""\n+  resolved \""https://registry.yarnpkg.com/@jest/globals/-/globals-29.7.0.tgz#8d9290f9ec47ff772607fa864ca1d5a2efae1d4d\""\n+  integrity sha512-mpiz3dutLbkW2MNFubUGUEVLkTGiqW6yLVTA+JbP6fI6J5iL9Y0Nlg8k95pcF8ctKwCS7WVxteBs29hhfAotzQ==\n+  dependencies:\n+    \""@jest/environment\"" \""^29.7.0\""\n+    \""@jest/expect\"" \""^29.7.0\""\n+    \""@jest/types\"" \""^29.6.3\""\n+    jest-mock \""^29.7.0\""\n+\n+\""@jest/reporters@^29.7.0\"":\n+  version \""29.7.0\""\n+  resolved \""https://registry.yarnpkg.com/@jest/reporters/-/reporters-29.7.0.tgz#04b262ecb3b8faa83b0b3d321623972393e8f4c7\""\n+  integrity sha512-DApq0KJbJOEzAFYjHADNNxAE3KbhxQB1y5Kplb5Waqw6zVbuWatSnMjE5gs8FUgEPmNsnZA3NCWl9NG0ia04Pg==\n   dependencies:\n     \""@bcoe/v8-coverage\"" \""^0.2.3\""\n-    \""@jest/console\"" \""^29.5.0\""\n-    \""@jest/test-result\"" \""^29.5.0\""\n-    \""@jest/transform\"" \""^29.5.0\""\n-    \""@jest/types\"" \""^29.5.0\""\n-    \""@jridgewell/trace-mapping\"" \""^0.3.15\""\n+    \""@jest/console\"" \""^29.7.0\""\n+    \""@jest/test-result\"" \""^29.7.0\""\n+    \""@jest/transform\"" \""^29.7.0\""\n+    \""@jest/types\"" \""^29.6.3\""\n+    \""@jridgewell/trace-mapping\"" \""^0.3.18\""\n     \""@types/node\"" \""*\""\n     chalk \""^4.0.0\""\n     collect-v8-coverage \""^1.0.0\""\n@@ -635,13 +823,13 @@\n\n     glob \""^7.1.3\""\n     graceful-fs \""^4.2.9\""\n     istanbul-lib-coverage \""^3.0.0\""\n-    istanbul-lib-instrument \""^5.1.0\""\n+    istanbul-lib-instrument \""^6.0.0\""\n     istanbul-lib-report \""^3.0.0\""\n     istanbul-lib-source-maps \""^4.0.0\""\n     istanbul-reports \""^3.1.3\""\n-    jest-message-util \""^29.5.0\""\n-    jest-util \""^29.5.0\""\n-    jest-worker \""^29.5.0\""\n+    jest-message-util \""^29.7.0\""\n+    jest-util \""^29.7.0\""\n+    jest-worker \""^29.7.0\""\n     slash \""^3.0.0\""\n     string-length \""^4.0.1\""\n     strip-ansi \""^6.0.0\""\n@@ -654,58 +842,58 @@\n\n   dependencies:\n     \""@sinclair/typebox\"" \""^0.24.1\""\n \n-\""@jest/schemas@^29.4.3\"":\n-  version \""29.4.3\""\n-  resolved \""https://registry.yarnpkg.com/@jest/schemas/-/schemas-29.4.3.tgz#39cf1b8469afc40b6f5a2baaa146e332c4151788\""\n-  integrity sha512-VLYKXQmtmuEz6IxJsrZwzG9NvtkQsWNnWMsKxqWNu3+CnfzJQhp0WDDKWLVV9hLKr0l3SLLFRqcYHjhtyuDVxg==\n-  dependencies:\n-    \""@sinclair/typebox\"" \""^0.25.16\""\n-\n-\""@jest/source-map@^29.4.3\"":\n-  version \""29.4.3\""\n-  resolved \""https://registry.yarnpkg.com/@jest/source-map/-/source-map-29.4.3.tgz#ff8d05cbfff875d4a791ab679b4333df47951d20\""\n-  integrity sha512-qyt/mb6rLyd9j1jUts4EQncvS6Yy3PM9HghnNv86QBlV+zdL2inCdK1tuVlL+J+lpiw2BI67qXOrX3UurBqQ1w==\n-  dependencies:\n-    \""@jridgewell/trace-mapping\"" \""^0.3.15\""\n+\""@jest/schemas@^29.6.3\"":\n+  version \""29.6.3\""\n+  resolved \""https://registry.yarnpkg.com/@jest/schemas/-/schemas-29.6.3.tgz#430b5ce8a4e0044a7e3819663305a7b3091c8e03\""\n+  integrity sha512-mo5j5X+jIZmJQveBKeS/clAueipV7KgiX1vMgCxam1RNYiqE1w62n0/tJJnHtjW8ZHcQco5gY85jA3mi0L+nSA==\n+  dependencies:\n+    \""@sinclair/typebox\"" \""^0.27.8\""\n+\n+\""@jest/source-map@^29.6.3\"":\n+  version \""29.6.3\""\n+  resolved \""https://registry.yarnpkg.com/@jest/source-map/-/source-map-29.6.3.tgz#d90ba772095cf37a34a5eb9413f1b562a08554c4\""\n+  integrity sha512-MHjT95QuipcPrpLM+8JMSzFx6eHp5Bm+4XeFDJlwsvVBjmKNiIAvasGK2fxz2WbGRlnvqehFbh07MMa7n3YJnw==\n+  dependencies:\n+    \""@jridgewell/trace-mapping\"" \""^0.3.18\""\n     callsites \""^3.0.0\""\n     graceful-fs \""^4.2.9\""\n \n-\""@jest/test-result@^29.5.0\"":\n-  version \""29.5.0\""\n-  resolved \""https://registry.yarnpkg.com/@jest/test-result/-/test-result-29.5.0.tgz#7c856a6ca84f45cc36926a4e9c6b57f1973f1408\""\n-  integrity sha512-fGl4rfitnbfLsrfx1uUpDEESS7zM8JdgZgOCQuxQvL1Sn/I6ijeAVQWGfXI9zb1i9Mzo495cIpVZhA0yr60PkQ==\n-  dependencies:\n-    \""@jest/console\"" \""^29.5.0\""\n-    \""@jest/types\"" \""^29.5.0\""\n+\""@jest/test-result@^29.7.0\"":\n+  version \""29.7.0\""\n+  resolved \""https://registry.yarnpkg.com/@jest/test-result/-/test-result-29.7.0.tgz#8db9a80aa1a097bb2262572686734baed9b1657c\""\n+  integrity sha512-Fdx+tv6x1zlkJPcWXmMDAG2HBnaR9XPSd5aDWQVsfrZmLVT3lU1cwyxLgRmXR9yrq4NBoEm9BMsfgFzTQAbJYA==\n+  dependencies:\n+    \""@jest/console\"" \""^29.7.0\""\n+    \""@jest/types\"" \""^29.6.3\""\n     \""@types/istanbul-lib-coverage\"" \""^2.0.0\""\n     collect-v8-coverage \""^1.0.0\""\n \n-\""@jest/test-sequencer@^29.5.0\"":\n-  version \""29.5.0\""\n-  resolved \""https://registry.yarnpkg.com/@jest/test-sequencer/-/test-sequencer-29.5.0.tgz#34d7d82d3081abd523dbddc038a3ddcb9f6d3cc4\""\n-  integrity sha512-yPafQEcKjkSfDXyvtgiV4pevSeyuA6MQr6ZIdVkWJly9vkqjnFfcfhRQqpD5whjoU8EORki752xQmjaqoFjzMQ==\n-  dependencies:\n-    \""@jest/test-result\"" \""^29.5.0\""\n+\""@jest/test-sequencer@^29.7.0\"":\n+  version \""29.7.0\""\n+  resolved \""https://registry.yarnpkg.com/@jest/test-sequencer/-/test-sequencer-29.7.0.tgz#6cef977ce1d39834a3aea887a1726628a6f072ce\""\n+  integrity sha512-GQwJ5WZVrKnOJuiYiAF52UNUJXgTZx1NHjFSEB0qEMmSZKAkdMoIzw/Cj6x6NF4AvV23AUqDpFzQkN/eYCYTxw==\n+  dependencies:\n+    \""@jest/test-result\"" \""^29.7.0\""\n     graceful-fs \""^4.2.9\""\n-    jest-haste-map \""^29.5.0\""\n+    jest-haste-map \""^29.7.0\""\n     slash \""^3.0.0\""\n \n-\""@jest/transform@^29.5.0\"":\n-  version \""29.5.0\""\n-  resolved \""https://registry.yarnpkg.com/@jest/transform/-/transform-29.5.0.tgz#cf9c872d0965f0cbd32f1458aa44a2b1988b00f9\""\n-  integrity sha512-8vbeZWqLJOvHaDfeMuoHITGKSz5qWc9u04lnWrQE3VyuSw604PzQM824ZeX9XSjUCeDiE3GuxZe5UKa8J61NQw==\n+\""@jest/transform@^29.7.0\"":\n+  version \""29.7.0\""\n+  resolved \""https://registry.yarnpkg.com/@jest/transform/-/transform-29.7.0.tgz#df2dd9c346c7d7768b8a06639994640c642e284c\""\n+  integrity sha512-ok/BTPFzFKVMwO5eOHRrvnBVHdRy9IrsrW1GpMaQ9MCnilNLXQKmAX8s1YXDFaai9xJpac2ySzV0YeRRECr2Vw==\n   dependencies:\n     \""@babel/core\"" \""^7.11.6\""\n-    \""@jest/types\"" \""^29.5.0\""\n-    \""@jridgewell/trace-mapping\"" \""^0.3.15\""\n+    \""@jest/types\"" \""^29.6.3\""\n+    \""@jridgewell/trace-mapping\"" \""^0.3.18\""\n     babel-plugin-istanbul \""^6.1.1\""\n     chalk \""^4.0.0\""\n     convert-source-map \""^2.0.0\""\n     fast-json-stable-stringify \""^2.1.0\""\n     graceful-fs \""^4.2.9\""\n-    jest-haste-map \""^29.5.0\""\n-    jest-regex-util \""^29.4.3\""\n-    jest-util \""^29.5.0\""\n+    jest-haste-map \""^29.7.0\""\n+    jest-regex-util \""^29.6.3\""\n+    jest-util \""^29.7.0\""\n     micromatch \""^4.0.4\""\n     pirates \""^4.0.4\""\n     slash \""^3.0.0\""\n@@ -723,12 +911,12 @@\n\n     \""@types/yargs\"" \""^17.0.8\""\n     chalk \""^4.0.0\""\n \n-\""@jest/types@^29.5.0\"":\n-  version \""29.5.0\""\n-  resolved \""https://registry.yarnpkg.com/@jest/types/-/types-29.5.0.tgz#f59ef9b031ced83047c67032700d8c807d6e1593\""\n-  integrity sha512-qbu7kN6czmVRc3xWFQcAN03RAUamgppVUdXrvl1Wr3jlNF93o9mJbGcDWrwGB6ht44u7efB1qCFgVQmca24Uog==\n-  dependencies:\n-    \""@jest/schemas\"" \""^29.4.3\""\n+\""@jest/types@^29.6.3\"":\n+  version \""29.6.3\""\n+  resolved \""https://registry.yarnpkg.com/@jest/types/-/types-29.6.3.tgz#1131f8cf634e7e84c5e77bab12f052af585fba59\""\n+  integrity sha512-u3UPsIilWKOM3F9CXtrG8LEJmNxwoCQC/XVj4IKYXvvpx7QIi/Kg1LI5uDmDpKlac62NUtX7eLjRh+jVZcLOzw==\n+  dependencies:\n+    \""@jest/schemas\"" \""^29.6.3\""\n     \""@types/istanbul-lib-coverage\"" \""^2.0.0\""\n     \""@types/istanbul-reports\"" \""^3.0.0\""\n     \""@types/node\"" \""*\""\n@@ -744,31 +932,45 @@\n\n     \""@jridgewell/sourcemap-codec\"" \""^1.4.10\""\n     \""@jridgewell/trace-mapping\"" \""^0.3.9\""\n \n-\""@jridgewell/resolve-uri@3.1.0\"":\n-  version \""3.1.0\""\n-  resolved \""https://registry.yarnpkg.com/@jridgewell/resolve-uri/-/resolve-uri-3.1.0.tgz#2203b118c157721addfe69d47b70465463066d78\""\n-  integrity sha512-F2msla3tad+Mfht5cJq7LSXcdudKTWCVYUgw6pLFOOHSTtZlj6SWNYAp+AhuqLmWdBO2X5hPrLcu8cVP8fy28w==\n+\""@jridgewell/gen-mapping@^0.3.5\"":\n+  version \""0.3.5\""\n+  resolved \""https://registry.yarnpkg.com/@jridgewell/gen-mapping/-/gen-mapping-0.3.5.tgz#dcce6aff74bdf6dad1a95802b69b04a2fcb1fb36\""\n+  integrity sha512-IzL8ZoEDIBRWEzlCcRhOaCupYyN5gdIK+Q6fbFdPDg6HqX6jpkItn7DFIpW9LQzXG6Df9sA7+OKnq0qlz/GaQg==\n+  dependencies:\n+    \""@jridgewell/set-array\"" \""^1.2.1\""\n+    \""@jridgewell/sourcemap-codec\"" \""^1.4.10\""\n+    \""@jridgewell/trace-mapping\"" \""^0.3.24\""\n \n \""@jridgewell/resolve-uri@^3.0.3\"":\n   version \""3.0.5\""\n   resolved \""https://registry.yarnpkg.com/@jridgewell/resolve-uri/-/resolve-uri-3.0.5.tgz#68eb521368db76d040a6315cdb24bf2483037b9c\""\n   integrity sha512-VPeQ7+wH0itvQxnG+lIzWgkysKIr3L9sslimFW55rHMdGu/qCQ5z5h9zq4gI8uBtqkpHhsF4Z/OwExufUCThew==\n \n+\""@jridgewell/resolve-uri@^3.1.0\"":\n+  version \""3.1.2\""\n+  resolved \""https://registry.yarnpkg.com/@jridgewell/resolve-uri/-/resolve-uri-3.1.2.tgz#7a0ee601f60f99a20c7c7c5ff0c80388c1189bd6\""\n+  integrity sha512-bRISgCIjP20/tbWSPWMEi54QVPRZExkuD9lJL+UIxUKtwVJA8wW1Trb1jMs1RFXo1CBTNZ/5hpC9QvmKWdopKw==\n+\n \""@jridgewell/set-array@^1.0.0\"":\n   version \""1.1.1\""\n   resolved \""https://registry.yarnpkg.com/@jridgewell/set-array/-/set-array-1.1.1.tgz#36a6acc93987adcf0ba50c66908bd0b70de8afea\""\n   integrity sha512-Ct5MqZkLGEXTVmQYbGtx9SVqD2fqwvdubdps5D3djjAkgkKwT918VNOz65pEHFaYTeWcukmJmH5SwsA9Tn2ObQ==\n \n-\""@jridgewell/sourcemap-codec@1.4.14\"":\n-  version \""1.4.14\""\n-  resolved \""https://registry.yarnpkg.com/@jridgewell/sourcemap-codec/-/sourcemap-codec-1.4.14.tgz#add4c98d341472a289190b424efbdb096991bb24\""\n-  integrity sha512-XPSJHWmi394fuUuzDnGz1wiKqWfo1yXecHQMRf2l6hztTO+nPru658AyDngaBe7isIxEkRsPR3FZh+s7iVa4Uw==\n+\""@jridgewell/set-array@^1.2.1\"":\n+  version \""1.2.1\""\n+  resolved \""https://registry.yarnpkg.com/@jridgewell/set-array/-/set-array-1.2.1.tgz#558fb6472ed16a4c850b889530e6b36438c49280\""\n+  integrity sha512-R8gLRTZeyp03ymzP/6Lil/28tGeGEzhx1q2k703KGWRAI1VdvPIXdG70VJc2pAMw3NA6JKL5hhFu1sJX0Mnn/A==\n \n \""@jridgewell/sourcemap-codec@^1.4.10\"":\n   version \""1.4.11\""\n   resolved \""https://registry.yarnpkg.com/@jridgewell/sourcemap-codec/-/sourcemap-codec-1.4.11.tgz#771a1d8d744eeb71b6adb35808e1a6c7b9b8c8ec\""\n   integrity sha512-Fg32GrJo61m+VqYSdRSjRXMjQ06j8YIYfcTqndLYVAaHmroZHLJZCydsWBOTDqXS2v+mjxohBWEMfg97GXmYQg==\n \n+\""@jridgewell/sourcemap-codec@^1.4.14\"":\n+  version \""1.4.15\""\n+  resolved \""https://registry.yarnpkg.com/@jridgewell/sourcemap-codec/-/sourcemap-codec-1.4.15.tgz#d7c6e6755c78567a951e04ab52ef0fd26de59f32\""\n+  integrity sha512-eF2rxCRulEKXHTRiDrDy6erMYWqNw4LPdQ8UQA4huuxaQsVeRPFl2oM8oDGxMFhJUWZf9McpLtJasDDZb/Bpeg==\n+\n \""@jridgewell/trace-mapping@0.3.9\"":\n   version \""0.3.9\""\n   resolved \""https://registry.yarnpkg.com/@jridgewell/trace-mapping/-/trace-mapping-0.3.9.tgz#6534fd5933a53ba7cbf3a17615e273a0d1273ff9\""\n@@ -793,13 +995,13 @@\n\n     \""@jridgewell/resolve-uri\"" \""^3.0.3\""\n     \""@jridgewell/sourcemap-codec\"" \""^1.4.10\""\n \n-\""@jridgewell/trace-mapping@^0.3.15\"":\n-  version \""0.3.17\""\n-  resolved \""https://registry.yarnpkg.com/@jridgewell/trace-mapping/-/trace-mapping-0.3.17.tgz#793041277af9073b0951a7fe0f0d8c4c98c36985\""\n-  integrity sha512-MCNzAp77qzKca9+W/+I0+sEpaUnZoeasnghNeVc41VZCEKaCH73Vq3BZZ/SzWIgrqE4H4ceI+p+b6C0mHf9T4g==\n-  dependencies:\n-    \""@jridgewell/resolve-uri\"" \""3.1.0\""\n-    \""@jridgewell/sourcemap-codec\"" \""1.4.14\""\n+\""@jridgewell/trace-mapping@^0.3.18\"", \""@jridgewell/trace-mapping@^0.3.24\"", \""@jridgewell/trace-mapping@^0.3.25\"":\n+  version \""0.3.25\""\n+  resolved \""https://registry.yarnpkg.com/@jridgewell/trace-mapping/-/trace-mapping-0.3.25.tgz#15f190e98895f3fc23276ee14bc76b675c2e50f0\""\n+  integrity sha512-vNk6aEwybGtawWmy/PzwnGDOjCkLWSD2wqvjGGAgOAwCGWySYXfYoxt00IJkTF+8Lb57DwOb3Aa0o9CApepiYQ==\n+  dependencies:\n+    \""@jridgewell/resolve-uri\"" \""^3.1.0\""\n+    \""@jridgewell/sourcemap-codec\"" \""^1.4.14\""\n \n \""@jridgewell/trace-mapping@^0.3.9\"":\n   version \""0.3.13\""\n@@ -852,10 +1054,10 @@\n\n   resolved \""https://registry.yarnpkg.com/@sinclair/typebox/-/typebox-0.24.51.tgz#645f33fe4e02defe26f2f5c0410e1c094eac7f5f\""\n   integrity sha512-1P1OROm/rdubP5aFDSZQILU0vrLCJ4fvHt6EoqHEM+2D/G5MK3bIaymUKLit8Js9gbns5UyJnkP/TZROLw4tUA==\n \n-\""@sinclair/typebox@^0.25.16\"":\n-  version \""0.25.24\""\n-  resolved \""https://registry.yarnpkg.com/@sinclair/typebox/-/typebox-0.25.24.tgz#8c7688559979f7079aacaf31aa881c3aa410b718\""\n-  integrity sha512-XJfwUVUKDHF5ugKwIcxEgc9k8b7HbznCp6eUfWgu710hMPNIO4aw4/zB5RogDQz8nd6gyCDpU9O/m6qYEWY6yQ==\n+\""@sinclair/typebox@^0.27.8\"":\n+  version \""0.27.8\""\n+  resolved \""https://registry.yarnpkg.com/@sinclair/typebox/-/typebox-0.27.8.tgz#6667fac16c436b5434a387a34dedb013198f6e6e\""\n+  integrity sha512-+Fj43pSMwJs4KRrH/938Uf+uAELIgVBmQzg/q1YG10djyfA3TnrU8N8XzqCh/okZdszqBQTZf96idMfE5lnwTA==\n \n \""@sinonjs/commons@^2.0.0\"":\n   version \""2.0.0\""\n@@ -1020,10 +1222,10 @@\n\n   dependencies:\n     \""@types/istanbul-lib-report\"" \""*\""\n \n-\""@types/jest@29.5.2\"":\n-  version \""29.5.2\""\n-  resolved \""https://registry.yarnpkg.com/@types/jest/-/jest-29.5.2.tgz#86b4afc86e3a8f3005b297ed8a72494f89e6395b\""\n-  integrity sha512-mSoZVJF5YzGVCk+FsDxzDuH7s+SCkzrgKZzf0Z0T2WudhBUPoF6ktoTPC4R0ZoCPCV5xUvuU6ias5NvxcBcMMg==\n+\""@types/jest@29.5.12\"":\n+  version \""29.5.12\""\n+  resolved \""https://registry.yarnpkg.com/@types/jest/-/jest-29.5.12.tgz#7f7dc6eb4cf246d2474ed78744b05d06ce025544\""\n+  integrity sha512-eDC8bTvT/QhYdxJAulQikueigY5AsdBRH2yDKW3yveW7svY3+DzN84/2NUgkw10RTiJbWqZrTtoGVdYlvFJdLw==\n   dependencies:\n     expect \""^29.0.0\""\n     pretty-format \""^29.0.0\""\n@@ -1057,11 +1259,6 @@\n\n   version \""18.15.11\""\n   resolved \""https://registry.yarnpkg.com/@types/node/-/node-18.15.11.tgz#b3b790f09cb1696cffcec605de025b088fa4225f\""\n   integrity sha512-E5Kwq2n4SbMzQOn6wnmBjuK9ouqlURrcZDVfbo9ftDDTFt3nk7ZKK4GMOzoYgnpQJKcxwQw+lGaBvvlMo0qN/Q==\n-\n-\""@types/prettier@^2.1.5\"":\n-  version \""2.4.4\""\n-  resolved \""https://registry.yarnpkg.com/@types/prettier/-/prettier-2.4.4.tgz#5d9b63132df54d8909fce1c3f8ca260fdd693e17\""\n-  integrity sha512-ReVR2rLTV1kvtlWFyuot+d1pkpG2Fw/XKE3PDAdj57rbM97ttSp9JZ2UsP+2EHTylra9cUf6JA7tGwW1INzUrA==\n \n \""@types/qs@*\"":\n   version \""6.9.7\""\n@@ -1383,15 +1580,15 @@\n\n   resolved \""https://registry.yarnpkg.com/available-typed-arrays/-/available-typed-arrays-1.0.5.tgz#92f95616501069d07d10edb2fc37d3e1c65123b7\""\n   integrity sha512-DMD0KiN46eipeziST1LPP/STfDU0sufISXmjSgvVsoU2tqxctQeASejWcfNtxYKqETM1UxQ8sp2OrSBWpHY6sw==\n \n-babel-jest@^29.5.0:\n-  version \""29.5.0\""\n-  resolved \""https://registry.yarnpkg.com/babel-jest/-/babel-jest-29.5.0.tgz#3fe3ddb109198e78b1c88f9ebdecd5e4fc2f50a5\""\n-  integrity sha512-mA4eCDh5mSo2EcA9xQjVTpmbbNk32Zb3Q3QFQsNhaK56Q+yoXowzFodLux30HRgyOho5rsQ6B0P9QpMkvvnJ0Q==\n-  dependencies:\n-    \""@jest/transform\"" \""^29.5.0\""\n+babel-jest@^29.7.0:\n+  version \""29.7.0\""\n+  resolved \""https://registry.yarnpkg.com/babel-jest/-/babel-jest-29.7.0.tgz#f4369919225b684c56085998ac63dbd05be020d5\""\n+  integrity sha512-BrvGY3xZSwEcCzKvKsCi2GgHqDqsYkOP4/by5xCgIwGXQxIEh+8ew3gmrE1y7XRR6LHZIj6yLYnUi/mm2KXKBg==\n+  dependencies:\n+    \""@jest/transform\"" \""^29.7.0\""\n     \""@types/babel__core\"" \""^7.1.14\""\n     babel-plugin-istanbul \""^6.1.1\""\n-    babel-preset-jest \""^29.5.0\""\n+    babel-preset-jest \""^29.6.3\""\n     chalk \""^4.0.0\""\n     graceful-fs \""^4.2.9\""\n     slash \""^3.0.0\""\n@@ -1407,10 +1604,10 @@\n\n     istanbul-lib-instrument \""^5.0.4\""\n     test-exclude \""^6.0.0\""\n \n-babel-plugin-jest-hoist@^29.5.0:\n-  version \""29.5.0\""\n-  resolved \""https://registry.yarnpkg.com/babel-plugin-jest-hoist/-/babel-plugin-jest-hoist-29.5.0.tgz#a97db437936f441ec196990c9738d4b88538618a\""\n-  integrity sha512-zSuuuAlTMT4mzLj2nPnUm6fsE6270vdOfnpbJ+RmruU75UhLFvL0N2NgI7xpeS7NaB6hGqmd5pVpGTDYvi4Q3w==\n+babel-plugin-jest-hoist@^29.6.3:\n+  version \""29.6.3\""\n+  resolved \""https://registry.yarnpkg.com/babel-plugin-jest-hoist/-/babel-plugin-jest-hoist-29.6.3.tgz#aadbe943464182a8922c3c927c3067ff40d24626\""\n+  integrity sha512-ESAc/RJvGTFEzRwOTT4+lNDk/GNHMkKbNzsvT0qKRfDyyYTskxB5rnU2njIDYVxXCBHHEI1c0YwHob3WaYujOg==\n   dependencies:\n     \""@babel/template\"" \""^7.3.3\""\n     \""@babel/types\"" \""^7.3.3\""\n@@ -1435,12 +1632,12 @@\n\n     \""@babel/plugin-syntax-optional-chaining\"" \""^7.8.3\""\n     \""@babel/plugin-syntax-top-level-await\"" \""^7.8.3\""\n \n-babel-preset-jest@^29.5.0:\n-  version \""29.5.0\""\n-  resolved \""https://registry.yarnpkg.com/babel-preset-jest/-/babel-preset-jest-29.5.0.tgz#57bc8cc88097af7ff6a5ab59d1cd29d52a5916e2\""\n-  integrity sha512-JOMloxOqdiBSxMAzjRaH023/vvcaSaec49zvg+2LmNsktC7ei39LTJGw02J+9uUtTZUq6xbLyJ4dxe9sSmIuAg==\n-  dependencies:\n-    babel-plugin-jest-hoist \""^29.5.0\""\n+babel-preset-jest@^29.6.3:\n+  version \""29.6.3\""\n+  resolved \""https://registry.yarnpkg.com/babel-preset-jest/-/babel-preset-jest-29.6.3.tgz#fa05fa510e7d493896d7b0dd2033601c840f171c\""\n+  integrity sha512-0B3bhxR6snWXJZtR/RliHTDPRgn1sNHOR0yVtq/IiQFyuOVjFS+wuio/R4gSNkyYmKmJB4wGZv2NZanmKmTnNA==\n+  dependencies:\n+    babel-plugin-jest-hoist \""^29.6.3\""\n     babel-preset-current-node-syntax \""^1.0.0\""\n \n balanced-match@^1.0.0:\n@@ -1526,6 +1723,16 @@\n\n     node-releases \""^2.0.3\""\n     picocolors \""^1.0.0\""\n \n+browserslist@^4.22.2:\n+  version \""4.23.0\""\n+  resolved \""https://registry.yarnpkg.com/browserslist/-/browserslist-4.23.0.tgz#8f3acc2bbe73af7213399430890f86c63a5674ab\""\n+  integrity sha512-QW8HiM1shhT2GuzkvklfjcKDiWFXHOeFCIA/huJPwHsslwcydgk7X+z2zXpEijP98UCY7HbubZt5J2Zgvf0CaQ==\n+  dependencies:\n+    caniuse-lite \""^1.0.30001587\""\n+    electron-to-chromium \""^1.4.668\""\n+    node-releases \""^2.0.14\""\n+    update-browserslist-db \""^1.0.13\""\n+\n bs-logger@0.x:\n   version \""0.2.6\""\n   resolved \""https://registry.yarnpkg.com/bs-logger/-/bs-logger-0.2.6.tgz#eb7d365307a72cf974cc6cda76b68354ad336bd8\""\n@@ -1593,7 +1800,12 @@\n\n   resolved \""https://registry.yarnpkg.com/caniuse-lite/-/caniuse-lite-1.0.30001342.tgz#87152b1e3b950d1fbf0093e23f00b6c8e8f1da96\""\n   integrity sha512-bn6sOCu7L7jcbBbyNhLg0qzXdJ/PMbybZTH/BA6Roet9wxYRm6Tr9D0s0uhLkOZ6MSG+QU6txUgdpr3MXIVqjA==\n \n-chalk@^2.0.0:\n+caniuse-lite@^1.0.30001587:\n+  version \""1.0.30001599\""\n+  resolved \""https://registry.yarnpkg.com/caniuse-lite/-/caniuse-lite-1.0.30001599.tgz#571cf4f3f1506df9bf41fcbb6d10d5d017817bce\""\n+  integrity sha512-LRAQHZ4yT1+f9LemSMeqdMpMxZcc4RMWdj4tiFe3G8tNkWK+E58g+/tzotb5cU6TbcVJLr4fySiAW7XmxQvZQA==\n+\n+chalk@^2.0.0, chalk@^2.4.2:\n   version \""2.4.2\""\n   resolved \""https://registry.yarnpkg.com/chalk/-/chalk-2.4.2.tgz#cd42541677a54333cf541a49108c1432b44c9424\""\n   integrity sha512-Mti+f9lpJNcwF4tWV8/OrTTtF1gZi+f8FqlyAdouralcFWFQWF2+NgCHShjkCb+IFBLq9buZwE1xckQU4peSuQ==\n@@ -1793,6 +2005,19 @@\n\n   resolved \""https://registry.yarnpkg.com/cookiejar/-/cookiejar-2.1.4.tgz#ee669c1fea2cf42dc31585469d193fef0d65771b\""\n   integrity sha512-LDx6oHrK+PhzLKJU9j5S7/Y3jM/mUHvD/DeI1WQmJn652iPC5Y4TBzC9l+5OMOXlyTTA+SmVUPm0HQUwpD5Jqw==\n \n+create-jest@^29.7.0:\n+  version \""29.7.0\""\n+  resolved \""https://registry.yarnpkg.com/create-jest/-/create-jest-29.7.0.tgz#a355c5b3cb1e1af02ba177fe7afd7feee49a5320\""\n+  integrity sha512-Adz2bdH0Vq3F53KEMJOoftQFutWCukm6J24wbPWRO4k1kMY7gS7ds/uoJkNuV8wDCtWWnuwGcJwpWcih+zEW1Q==\n+  dependencies:\n+    \""@jest/types\"" \""^29.6.3\""\n+    chalk \""^4.0.0\""\n+    exit \""^0.1.2\""\n+    graceful-fs \""^4.2.9\""\n+    jest-config \""^29.7.0\""\n+    jest-util \""^29.7.0\""\n+    prompts \""^2.0.1\""\n+\n create-require@^1.1.0:\n   version \""1.1.1\""\n   resolved \""https://registry.yarnpkg.com/create-require/-/create-require-1.1.1.tgz#c1d7e8f1e5f6cfc9ff65f9cd352d37348756c333\""\n@@ -1828,17 +2053,17 @@\n\n   dependencies:\n     ms \""^2.1.1\""\n \n-debug@^4.3.4:\n+debug@^4.3.1, debug@^4.3.4:\n   version \""4.3.4\""\n   resolved \""https://registry.yarnpkg.com/debug/-/debug-4.3.4.tgz#1319f6579357f2338d3337d2cdd4914bb5dcc865\""\n   integrity sha512-PRWFHuSU3eDtQJPvnNY7Jcket1j0t5OuOsFzPPzsekD52Zl8qUfFIPEiswXqIvHWGVHOgX+7G/vCNNhehwxfkQ==\n   dependencies:\n     ms \""2.1.2\""\n \n-dedent@^0.7.0:\n-  version \""0.7.0\""\n-  resolved \""https://registry.yarnpkg.com/dedent/-/dedent-0.7.0.tgz#2495ddbaf6eb874abb0e1be9df22d2e5a544326c\""\n-  integrity sha1-JJXduvbrh0q7Dhvp3yLS5aVEMmw=\n+dedent@^1.0.0:\n+  version \""1.5.1\""\n+  resolved \""https://registry.yarnpkg.com/dedent/-/dedent-1.5.1.tgz#4f3fc94c8b711e9bb2800d185cd6ad20f2a90aff\""\n+  integrity sha512-+LxW+KLWxu3HW3M2w2ympwtqPrqYRzU8fqi6Fhd18fBALe15blJPI/I4+UHveMVG6lJqB4JNd4UG0S5cnVHwIg==\n \n deep-is@^0.1.3:\n   version \""0.1.4\""\n@@ -1898,10 +2123,10 @@\n\n   resolved \""https://registry.yarnpkg.com/diff-sequences/-/diff-sequences-29.3.1.tgz#104b5b95fe725932421a9c6e5b4bef84c3f2249e\""\n   integrity sha512-hlM3QR272NXCi4pq+N4Kok4kOp6EsgOM3ZSpJI7Da3UAs+Ttsi8MRmB6trM/lhyzUxGfOgnpkHtgqm5Q/CTcfQ==\n \n-diff-sequences@^29.4.3:\n-  version \""29.4.3\""\n-  resolved \""https://registry.yarnpkg.com/diff-sequences/-/diff-sequences-29.4.3.tgz#9314bc1fabe09267ffeca9cbafc457d8499a13f2\""\n-  integrity sha512-ofrBgwpPhCD85kMKtE9RYFFq6OC1A89oW2vvgWZNCwxrUpRUILopY7lsYyMDSjc8g6U6aiO0Qubg6r4Wgt5ZnA==\n+diff-sequences@^29.6.3:\n+  version \""29.6.3\""\n+  resolved \""https://registry.yarnpkg.com/diff-sequences/-/diff-sequences-29.6.3.tgz#4deaf894d11407c51efc8418012f9e70b84ea921\""\n+  integrity sha512-EjePK1srD3P08o2j4f0ExnylqRs5B9tJjcp9t1krH2qRi8CCdsYfwe9JgSLurFBWwq4uOlipzfk5fHNvwFKr8Q==\n \n diff@^4.0.1:\n   version \""4.0.2\""\n@@ -1943,6 +2168,11 @@\n\n   version \""1.4.137\""\n   resolved \""https://registry.yarnpkg.com/electron-to-chromium/-/electron-to-chromium-1.4.137.tgz#186180a45617283f1c012284458510cd99d6787f\""\n   integrity sha512-0Rcpald12O11BUogJagX3HsCN3FE83DSqWjgXoHo5a72KUKMSfI39XBgJpgNNxS9fuGzytaFjE06kZkiVFy2qA==\n+\n+electron-to-chromium@^1.4.668:\n+  version \""1.4.710\""\n+  resolved \""https://registry.yarnpkg.com/electron-to-chromium/-/electron-to-chromium-1.4.710.tgz#d0ec4ea8a97df4c5eaeb8c69d45bf81f248b3855\""\n+  integrity sha512-w+9yAVHoHhysCa+gln7AzbO9CdjFcL/wN/5dd+XW/Msl2d/4+WisEaCF1nty0xbAKaxdaJfgLB2296U7zZB7BA==\n \n electron-to-chromium@^1.4.71:\n   version \""1.4.73\""\n@@ -2289,16 +2519,16 @@\n\n     jest-message-util \""^29.3.1\""\n     jest-util \""^29.3.1\""\n \n-expect@^29.5.0:\n-  version \""29.5.0\""\n-  resolved \""https://registry.yarnpkg.com/expect/-/expect-29.5.0.tgz#68c0509156cb2a0adb8865d413b137eeaae682f7\""\n-  integrity sha512-yM7xqUrCO2JdpFo4XpM82t+PJBFybdqoQuJLDGeDX2ij8NZzqRHyu3Hp188/JX7SWqud+7t4MUdvcgGBICMHZg==\n-  dependencies:\n-    \""@jest/expect-utils\"" \""^29.5.0\""\n-    jest-get-type \""^29.4.3\""\n-    jest-matcher-utils \""^29.5.0\""\n-    jest-message-util \""^29.5.0\""\n-    jest-util \""^29.5.0\""\n+expect@^29.7.0:\n+  version \""29.7.0\""\n+  resolved \""https://registry.yarnpkg.com/expect/-/expect-29.7.0.tgz#578874590dcb3214514084c08115d8aee61e11bc\""\n+  integrity sha512-2Zks0hf1VLFYI1kbh0I5jP3KHHyCHpkfyHBzsSXRFgl/Bg9mWYfMW8oD+PdMPlEwy5HNsR9JutYy6pMeOh61nw==\n+  dependencies:\n+    \""@jest/expect-utils\"" \""^29.7.0\""\n+    jest-get-type \""^29.6.3\""\n+    jest-matcher-utils \""^29.7.0\""\n+    jest-message-util \""^29.7.0\""\n+    jest-util \""^29.7.0\""\n \n express@4.18.2:\n   version \""4.18.2\""\n@@ -2978,7 +3208,7 @@\n\n   resolved \""https://registry.yarnpkg.com/istanbul-lib-coverage/-/istanbul-lib-coverage-3.2.0.tgz#189e7909d0a39fa5a3dfad5b03f71947770191d3\""\n   integrity sha512-eOeJ5BHCmHYvQK7xt9GkdHuzuCGS1Y6g9Gvnx3Ym33fz/HpLRYxiS0wHNr+m/MBC8B647Xt608vCDEvhl9c6Mw==\n \n-istanbul-lib-instrument@^5.0.4, istanbul-lib-instrument@^5.1.0:\n+istanbul-lib-instrument@^5.0.4:\n   version \""5.1.0\""\n   resolved \""https://registry.yarnpkg.com/istanbul-lib-instrument/-/istanbul-lib-instrument-5.1.0.tgz#7b49198b657b27a730b8e9cb601f1e1bff24c59a\""\n   integrity sha512-czwUz525rkOFDJxfKK6mYfIs9zBKILyrZQxjz3ABhjQXhbhFsSbo1HW/BFcsDnfJYJWA6thRR5/TUY2qs5W99Q==\n@@ -2989,6 +3219,17 @@\n\n     istanbul-lib-coverage \""^3.2.0\""\n     semver \""^6.3.0\""\n \n+istanbul-lib-instrument@^6.0.0:\n+  version \""6.0.2\""\n+  resolved \""https://registry.yarnpkg.com/istanbul-lib-instrument/-/istanbul-lib-instrument-6.0.2.tgz#91655936cf7380e4e473383081e38478b69993b1\""\n+  integrity sha512-1WUsZ9R1lA0HtBSohTkm39WTPlNKSJ5iFk7UwqXkBLoHQT+hfqPsfsTDVuZdKGaBwn7din9bS7SsnoAr943hvw==\n+  dependencies:\n+    \""@babel/core\"" \""^7.23.9\""\n+    \""@babel/parser\"" \""^7.23.9\""\n+    \""@istanbuljs/schema\"" \""^0.1.3\""\n+    istanbul-lib-coverage \""^3.2.0\""\n+    semver \""^7.5.4\""\n+\n istanbul-lib-report@^3.0.0:\n   version \""3.0.0\""\n   resolved \""https://registry.yarnpkg.com/istanbul-lib-report/-/istanbul-lib-report-3.0.0.tgz#7518fe52ea44de372f460a76b5ecda9ffb73d8a6\""\n@@ -3015,83 +3256,83 @@\n\n     html-escaper \""^2.0.0\""\n     istanbul-lib-report \""^3.0.0\""\n \n-jest-changed-files@^29.5.0:\n-  version \""29.5.0\""\n-  resolved \""https://registry.yarnpkg.com/jest-changed-files/-/jest-changed-files-29.5.0.tgz#e88786dca8bf2aa899ec4af7644e16d9dcf9b23e\""\n-  integrity sha512-IFG34IUMUaNBIxjQXF/iu7g6EcdMrGRRxaUSw92I/2g2YC6vCdTltl4nHvt7Ci5nSJwXIkCu8Ka1DKF+X7Z1Ag==\n+jest-changed-files@^29.7.0:\n+  version \""29.7.0\""\n+  resolved \""https://registry.yarnpkg.com/jest-changed-files/-/jest-changed-files-29.7.0.tgz#1c06d07e77c78e1585d020424dedc10d6e17ac3a\""\n+  integrity sha512-fEArFiwf1BpQ+4bXSprcDc3/x4HSzL4al2tozwVpDFpsxALjLYdyiIK4e5Vz66GQJIbXJ82+35PtysofptNX2w==\n   dependencies:\n     execa \""^5.0.0\""\n+    jest-util \""^29.7.0\""\n     p-limit \""^3.1.0\""\n \n-jest-circus@^29.5.0:\n-  version \""29.5.0\""\n-  resolved \""https://registry.yarnpkg.com/jest-circus/-/jest-circus-29.5.0.tgz#b5926989449e75bff0d59944bae083c9d7fb7317\""\n-  integrity sha512-gq/ongqeQKAplVxqJmbeUOJJKkW3dDNPY8PjhJ5G0lBRvu0e3EWGxGy5cI4LAGA7gV2UHCtWBI4EMXK8c9nQKA==\n-  dependencies:\n-    \""@jest/environment\"" \""^29.5.0\""\n-    \""@jest/expect\"" \""^29.5.0\""\n-    \""@jest/test-result\"" \""^29.5.0\""\n-    \""@jest/types\"" \""^29.5.0\""\n+jest-circus@^29.7.0:\n+  version \""29.7.0\""\n+  resolved \""https://registry.yarnpkg.com/jest-circus/-/jest-circus-29.7.0.tgz#b6817a45fcc835d8b16d5962d0c026473ee3668a\""\n+  integrity sha512-3E1nCMgipcTkCocFwM90XXQab9bS+GMsjdpmPrlelaxwD93Ad8iVEjX/vvHPdLPnFf+L40u+5+iutRdA1N9myw==\n+  dependencies:\n+    \""@jest/environment\"" \""^29.7.0\""\n+    \""@jest/expect\"" \""^29.7.0\""\n+    \""@jest/test-result\"" \""^29.7.0\""\n+    \""@jest/types\"" \""^29.6.3\""\n     \""@types/node\"" \""*\""\n     chalk \""^4.0.0\""\n     co \""^4.6.0\""\n-    dedent \""^0.7.0\""\n+    dedent \""^1.0.0\""\n     is-generator-fn \""^2.0.0\""\n-    jest-each \""^29.5.0\""\n-    jest-matcher-utils \""^29.5.0\""\n-    jest-message-util \""^29.5.0\""\n-    jest-runtime \""^29.5.0\""\n-    jest-snapshot \""^29.5.0\""\n-    jest-util \""^29.5.0\""\n+    jest-each \""^29.7.0\""\n+    jest-matcher-utils \""^29.7.0\""\n+    jest-message-util \""^29.7.0\""\n+    jest-runtime \""^29.7.0\""\n+    jest-snapshot \""^29.7.0\""\n+    jest-util \""^29.7.0\""\n     p-limit \""^3.1.0\""\n-    pretty-format \""^29.5.0\""\n+    pretty-format \""^29.7.0\""\n     pure-rand \""^6.0.0\""\n     slash \""^3.0.0\""\n     stack-utils \""^2.0.3\""\n \n-jest-cli@^29.5.0:\n-  version \""29.5.0\""\n-  resolved \""https://registry.yarnpkg.com/jest-cli/-/jest-cli-29.5.0.tgz#b34c20a6d35968f3ee47a7437ff8e53e086b4a67\""\n-  integrity sha512-L1KcP1l4HtfwdxXNFCL5bmUbLQiKrakMUriBEcc1Vfz6gx31ORKdreuWvmQVBit+1ss9NNR3yxjwfwzZNdQXJw==\n-  dependencies:\n-    \""@jest/core\"" \""^29.5.0\""\n-    \""@jest/test-result\"" \""^29.5.0\""\n-    \""@jest/types\"" \""^29.5.0\""\n+jest-cli@^29.7.0:\n+  version \""29.7.0\""\n+  resolved \""https://registry.yarnpkg.com/jest-cli/-/jest-cli-29.7.0.tgz#5592c940798e0cae677eec169264f2d839a37995\""\n+  integrity sha512-OVVobw2IubN/GSYsxETi+gOe7Ka59EFMR/twOU3Jb2GnKKeMGJB5SGUUrEz3SFVmJASUdZUzy83sLNNQ2gZslg==\n+  dependencies:\n+    \""@jest/core\"" \""^29.7.0\""\n+    \""@jest/test-result\"" \""^29.7.0\""\n+    \""@jest/types\"" \""^29.6.3\""\n     chalk \""^4.0.0\""\n+    create-jest \""^29.7.0\""\n     exit \""^0.1.2\""\n-    graceful-fs \""^4.2.9\""\n     import-local \""^3.0.2\""\n-    jest-config \""^29.5.0\""\n-    jest-util \""^29.5.0\""\n-    jest-validate \""^29.5.0\""\n-    prompts \""^2.0.1\""\n+    jest-config \""^29.7.0\""\n+    jest-util \""^29.7.0\""\n+    jest-validate \""^29.7.0\""\n     yargs \""^17.3.1\""\n \n-jest-config@^29.5.0:\n-  version \""29.5.0\""\n-  resolved \""https://registry.yarnpkg.com/jest-config/-/jest-config-29.5.0.tgz#3cc972faec8c8aaea9ae158c694541b79f3748da\""\n-  integrity sha512-kvDUKBnNJPNBmFFOhDbm59iu1Fii1Q6SxyhXfvylq3UTHbg6o7j/g8k2dZyXWLvfdKB1vAPxNZnMgtKJcmu3kA==\n+jest-config@^29.7.0:\n+  version \""29.7.0\""\n+  resolved \""https://registry.yarnpkg.com/jest-config/-/jest-config-29.7.0.tgz#bcbda8806dbcc01b1e316a46bb74085a84b0245f\""\n+  integrity sha512-uXbpfeQ7R6TZBqI3/TxCU4q4ttk3u0PJeC+E0zbfSoSjq6bJ7buBPxzQPL0ifrkY4DNu4JUdk0ImlBUYi840eQ==\n   dependencies:\n     \""@babel/core\"" \""^7.11.6\""\n-    \""@jest/test-sequencer\"" \""^29.5.0\""\n-    \""@jest/types\"" \""^29.5.0\""\n-    babel-jest \""^29.5.0\""\n+    \""@jest/test-sequencer\"" \""^29.7.0\""\n+    \""@jest/types\"" \""^29.6.3\""\n+    babel-jest \""^29.7.0\""\n     chalk \""^4.0.0\""\n     ci-info \""^3.2.0\""\n     deepmerge \""^4.2.2\""\n     glob \""^7.1.3\""\n     graceful-fs \""^4.2.9\""\n-    jest-circus \""^29.5.0\""\n-    jest-environment-node \""^29.5.0\""\n-    jest-get-type \""^29.4.3\""\n-    jest-regex-util \""^29.4.3\""\n-    jest-resolve \""^29.5.0\""\n-    jest-runner \""^29.5.0\""\n-    jest-util \""^29.5.0\""\n-    jest-validate \""^29.5.0\""\n+    jest-circus \""^29.7.0\""\n+    jest-environment-node \""^29.7.0\""\n+    jest-get-type \""^29.6.3\""\n+    jest-regex-util \""^29.6.3\""\n+    jest-resolve \""^29.7.0\""\n+    jest-runner \""^29.7.0\""\n+    jest-util \""^29.7.0\""\n+    jest-validate \""^29.7.0\""\n     micromatch \""^4.0.4\""\n     parse-json \""^5.2.0\""\n-    pretty-format \""^29.5.0\""\n+    pretty-format \""^29.7.0\""\n     slash \""^3.0.0\""\n     strip-json-comments \""^3.1.1\""\n \n@@ -3105,45 +3346,45 @@\n\n     jest-get-type \""^29.2.0\""\n     pretty-format \""^29.3.1\""\n \n-jest-diff@^29.5.0:\n-  version \""29.5.0\""\n-  resolved \""https://registry.yarnpkg.com/jest-diff/-/jest-diff-29.5.0.tgz#e0d83a58eb5451dcc1fa61b1c3ee4e8f5a290d63\""\n-  integrity sha512-LtxijLLZBduXnHSniy0WMdaHjmQnt3g5sa16W4p0HqukYTTsyTW3GD1q41TyGl5YFXj/5B2U6dlh5FM1LIMgxw==\n+jest-diff@^29.7.0:\n+  version \""29.7.0\""\n+  resolved \""https://registry.yarnpkg.com/jest-diff/-/jest-diff-29.7.0.tgz#017934a66ebb7ecf6f205e84699be10afd70458a\""\n+  integrity sha512-LMIgiIrhigmPrs03JHpxUh2yISK3vLFPkAodPeo0+BuF7wA2FoQbkEg1u8gBYBThncu7e1oEDUfIXVuTqLRUjw==\n   dependencies:\n     chalk \""^4.0.0\""\n-    diff-sequences \""^29.4.3\""\n-    jest-get-type \""^29.4.3\""\n-    pretty-format \""^29.5.0\""\n-\n-jest-docblock@^29.4.3:\n-  version \""29.4.3\""\n-  resolved \""https://registry.yarnpkg.com/jest-docblock/-/jest-docblock-29.4.3.tgz#90505aa89514a1c7dceeac1123df79e414636ea8\""\n-  integrity sha512-fzdTftThczeSD9nZ3fzA/4KkHtnmllawWrXO69vtI+L9WjEIuXWs4AmyME7lN5hU7dB0sHhuPfcKofRsUb/2Fg==\n+    diff-sequences \""^29.6.3\""\n+    jest-get-type \""^29.6.3\""\n+    pretty-format \""^29.7.0\""\n+\n+jest-docblock@^29.7.0:\n+  version \""29.7.0\""\n+  resolved \""https://registry.yarnpkg.com/jest-docblock/-/jest-docblock-29.7.0.tgz#8fddb6adc3cdc955c93e2a87f61cfd350d5d119a\""\n+  integrity sha512-q617Auw3A612guyaFgsbFeYpNP5t2aoUNLwBUbc/0kD1R4t9ixDbyFTHd1nok4epoVFpr7PmeWHrhvuV3XaJ4g==\n   dependencies:\n     detect-newline \""^3.0.0\""\n \n-jest-each@^29.5.0:\n-  version \""29.5.0\""\n-  resolved \""https://registry.yarnpkg.com/jest-each/-/jest-each-29.5.0.tgz#fc6e7014f83eac68e22b7195598de8554c2e5c06\""\n-  integrity sha512-HM5kIJ1BTnVt+DQZ2ALp3rzXEl+g726csObrW/jpEGl+CDSSQpOJJX2KE/vEg8cxcMXdyEPu6U4QX5eruQv5hA==\n-  dependencies:\n-    \""@jest/types\"" \""^29.5.0\""\n+jest-each@^29.7.0:\n+  version \""29.7.0\""\n+  resolved \""https://registry.yarnpkg.com/jest-each/-/jest-each-29.7.0.tgz#162a9b3f2328bdd991beaabffbb74745e56577d1\""\n+  integrity sha512-gns+Er14+ZrEoC5fhOfYCY1LOHHr0TI+rQUHZS8Ttw2l7gl+80eHc/gFf2Ktkw0+SIACDTeWvpFcv3B04VembQ==\n+  dependencies:\n+    \""@jest/types\"" \""^29.6.3\""\n     chalk \""^4.0.0\""\n-    jest-get-type \""^29.4.3\""\n-    jest-util \""^29.5.0\""\n-    pretty-format \""^29.5.0\""\n-\n-jest-environment-node@^29.5.0:\n-  version \""29.5.0\""\n-  resolved \""https://registry.yarnpkg.com/jest-environment-node/-/jest-environment-node-29.5.0.tgz#f17219d0f0cc0e68e0727c58b792c040e332c967\""\n-  integrity sha512-ExxuIK/+yQ+6PRGaHkKewYtg6hto2uGCgvKdb2nfJfKXgZ17DfXjvbZ+jA1Qt9A8EQSfPnt5FKIfnOO3u1h9qw==\n-  dependencies:\n-    \""@jest/environment\"" \""^29.5.0\""\n-    \""@jest/fake-timers\"" \""^29.5.0\""\n-    \""@jest/types\"" \""^29.5.0\""\n+    jest-get-type \""^29.6.3\""\n+    jest-util \""^29.7.0\""\n+    pretty-format \""^29.7.0\""\n+\n+jest-environment-node@^29.7.0:\n+  version \""29.7.0\""\n+  resolved \""https://registry.yarnpkg.com/jest-environment-node/-/jest-environment-node-29.7.0.tgz#0b93e111dda8ec120bc8300e6d1fb9576e164376\""\n+  integrity sha512-DOSwCRqXirTOyheM+4d5YZOrWcdu0LNZ87ewUoywbcb2XR4wKgqiG8vNeYwhjFMbEkfju7wx2GYH0P2gevGvFw==\n+  dependencies:\n+    \""@jest/environment\"" \""^29.7.0\""\n+    \""@jest/fake-timers\"" \""^29.7.0\""\n+    \""@jest/types\"" \""^29.6.3\""\n     \""@types/node\"" \""*\""\n-    jest-mock \""^29.5.0\""\n-    jest-util \""^29.5.0\""\n+    jest-mock \""^29.7.0\""\n+    jest-util \""^29.7.0\""\n \n jest-express@1.12.0:\n   version \""1.12.0\""\n@@ -3157,37 +3398,37 @@\n\n   resolved \""https://registry.yarnpkg.com/jest-get-type/-/jest-get-type-29.2.0.tgz#726646f927ef61d583a3b3adb1ab13f3a5036408\""\n   integrity sha512-uXNJlg8hKFEnDgFsrCjznB+sTxdkuqiCL6zMgA75qEbAJjJYTs9XPrvDctrEig2GDow22T/LvHgO57iJhXB/UA==\n \n-jest-get-type@^29.4.3:\n-  version \""29.4.3\""\n-  resolved \""https://registry.yarnpkg.com/jest-get-type/-/jest-get-type-29.4.3.tgz#1ab7a5207c995161100b5187159ca82dd48b3dd5\""\n-  integrity sha512-J5Xez4nRRMjk8emnTpWrlkyb9pfRQQanDrvWHhsR1+VUfbwxi30eVcZFlcdGInRibU4G5LwHXpI7IRHU0CY+gg==\n-\n-jest-haste-map@^29.5.0:\n-  version \""29.5.0\""\n-  resolved \""https://registry.yarnpkg.com/jest-haste-map/-/jest-haste-map-29.5.0.tgz#69bd67dc9012d6e2723f20a945099e972b2e94de\""\n-  integrity sha512-IspOPnnBro8YfVYSw6yDRKh/TiCdRngjxeacCps1cQ9cgVN6+10JUcuJ1EabrgYLOATsIAigxA0rLR9x/YlrSA==\n-  dependencies:\n-    \""@jest/types\"" \""^29.5.0\""\n+jest-get-type@^29.6.3:\n+  version \""29.6.3\""\n+  resolved \""https://registry.yarnpkg.com/jest-get-type/-/jest-get-type-29.6.3.tgz#36f499fdcea197c1045a127319c0481723908fd1\""\n+  integrity sha512-zrteXnqYxfQh7l5FHyL38jL39di8H8rHoecLH3JNxH3BwOrBsNeabdap5e0I23lD4HHI8W5VFBZqG4Eaq5LNcw==\n+\n+jest-haste-map@^29.7.0:\n+  version \""29.7.0\""\n+  resolved \""https://registry.yarnpkg.com/jest-haste-map/-/jest-haste-map-29.7.0.tgz#3c2396524482f5a0506376e6c858c3bbcc17b104\""\n+  integrity sha512-fP8u2pyfqx0K1rGn1R9pyE0/KTn+G7PxktWidOBTqFPLYX0b9ksaMFkhK5vrS3DVun09pckLdlx90QthlW7AmA==\n+  dependencies:\n+    \""@jest/types\"" \""^29.6.3\""\n     \""@types/graceful-fs\"" \""^4.1.3\""\n     \""@types/node\"" \""*\""\n     anymatch \""^3.0.3\""\n     fb-watchman \""^2.0.0\""\n     graceful-fs \""^4.2.9\""\n-    jest-regex-util \""^29.4.3\""\n-    jest-util \""^29.5.0\""\n-    jest-worker \""^29.5.0\""\n+    jest-regex-util \""^29.6.3\""\n+    jest-util \""^29.7.0\""\n+    jest-worker \""^29.7.0\""\n     micromatch \""^4.0.4\""\n     walker \""^1.0.8\""\n   optionalDependencies:\n     fsevents \""^2.3.2\""\n \n-jest-leak-detector@^29.5.0:\n-  version \""29.5.0\""\n-  resolved \""https://registry.yarnpkg.com/jest-leak-detector/-/jest-leak-detector-29.5.0.tgz#cf4bdea9615c72bac4a3a7ba7e7930f9c0610c8c\""\n-  integrity sha512-u9YdeeVnghBUtpN5mVxjID7KbkKE1QU4f6uUwuxiY0vYRi9BUCLKlPEZfDGR67ofdFmDz9oPAy2G92Ujrntmow==\n-  dependencies:\n-    jest-get-type \""^29.4.3\""\n-    pretty-format \""^29.5.0\""\n+jest-leak-detector@^29.7.0:\n+  version \""29.7.0\""\n+  resolved \""https://registry.yarnpkg.com/jest-leak-detector/-/jest-leak-detector-29.7.0.tgz#5b7ec0dadfdfec0ca383dc9aa016d36b5ea4c728\""\n+  integrity sha512-kYA8IJcSYtST2BY9I+SMC32nDpBT3J2NvWJx8+JCuCdl/CR1I4EKUJROiP8XtCcxqgTTBGJNdbB1A8XRKbTetw==\n+  dependencies:\n+    jest-get-type \""^29.6.3\""\n+    pretty-format \""^29.7.0\""\n \n jest-matcher-utils@^29.3.1:\n   version \""29.3.1\""\n@@ -3199,15 +3440,15 @@\n\n     jest-get-type \""^29.2.0\""\n     pretty-format \""^29.3.1\""\n \n-jest-matcher-utils@^29.5.0:\n-  version \""29.5.0\""\n-  resolved \""https://registry.yarnpkg.com/jest-matcher-utils/-/jest-matcher-utils-29.5.0.tgz#d957af7f8c0692c5453666705621ad4abc2c59c5\""\n-  integrity sha512-lecRtgm/rjIK0CQ7LPQwzCs2VwW6WAahA55YBuI+xqmhm7LAaxokSB8C97yJeYyT+HvQkH741StzpU41wohhWw==\n+jest-matcher-utils@^29.7.0:\n+  version \""29.7.0\""\n+  resolved \""https://registry.yarnpkg.com/jest-matcher-utils/-/jest-matcher-utils-29.7.0.tgz#ae8fec79ff249fd592ce80e3ee474e83a6c44f12\""\n+  integrity sha512-sBkD+Xi9DtcChsI3L3u0+N0opgPYnCRPtGcQYrgXmR+hmt/fYfWAL0xRXYU8eWOdfuLgBe0YCW3AFtnRLagq/g==\n   dependencies:\n     chalk \""^4.0.0\""\n-    jest-diff \""^29.5.0\""\n-    jest-get-type \""^29.4.3\""\n-    pretty-format \""^29.5.0\""\n+    jest-diff \""^29.7.0\""\n+    jest-get-type \""^29.6.3\""\n+    pretty-format \""^29.7.0\""\n \n jest-message-util@^29.3.1:\n   version \""29.3.1\""\n@@ -3224,29 +3465,29 @@\n\n     slash \""^3.0.0\""\n     stack-utils \""^2.0.3\""\n \n-jest-message-util@^29.5.0:\n-  version \""29.5.0\""\n-  resolved \""https://registry.yarnpkg.com/jest-message-util/-/jest-message-util-29.5.0.tgz#1f776cac3aca332ab8dd2e3b41625435085c900e\""\n-  integrity sha512-Kijeg9Dag6CKtIDA7O21zNTACqD5MD/8HfIV8pdD94vFyFuer52SigdC3IQMhab3vACxXMiFk+yMHNdbqtyTGA==\n+jest-message-util@^29.7.0:\n+  version \""29.7.0\""\n+  resolved \""https://registry.yarnpkg.com/jest-message-util/-/jest-message-util-29.7.0.tgz#8bc392e204e95dfe7564abbe72a404e28e51f7f3\""\n+  integrity sha512-GBEV4GRADeP+qtB2+6u61stea8mGcOT4mCtrYISZwfu9/ISHFJ/5zOMXYbpBE9RsS5+Gb63DW4FgmnKJ79Kf6w==\n   dependencies:\n     \""@babel/code-frame\"" \""^7.12.13\""\n-    \""@jest/types\"" \""^29.5.0\""\n+    \""@jest/types\"" \""^29.6.3\""\n     \""@types/stack-utils\"" \""^2.0.0\""\n     chalk \""^4.0.0\""\n     graceful-fs \""^4.2.9\""\n     micromatch \""^4.0.4\""\n-    pretty-format \""^29.5.0\""\n+    pretty-format \""^29.7.0\""\n     slash \""^3.0.0\""\n     stack-utils \""^2.0.3\""\n \n-jest-mock@^29.5.0:\n-  version \""29.5.0\""\n-  resolved \""https://registry.yarnpkg.com/jest-mock/-/jest-mock-29.5.0.tgz#26e2172bcc71d8b0195081ff1f146ac7e1518aed\""\n-  integrity sha512-GqOzvdWDE4fAV2bWQLQCkujxYWL7RxjCnj71b5VhDAGOevB3qj3Ovg26A5NI84ZpODxyzaozXLOh2NCgkbvyaw==\n-  dependencies:\n-    \""@jest/types\"" \""^29.5.0\""\n+jest-mock@^29.7.0:\n+  version \""29.7.0\""\n+  resolved \""https://registry.yarnpkg.com/jest-mock/-/jest-mock-29.7.0.tgz#4e836cf60e99c6fcfabe9f99d017f3fdd50a6347\""\n+  integrity sha512-ITOMZn+UkYS4ZFh83xYAOzWStloNzJFO2s8DWrE4lhtGD+AorgnbkiKERe4wQVBydIGPx059g6riW5Btp6Llnw==\n+  dependencies:\n+    \""@jest/types\"" \""^29.6.3\""\n     \""@types/node\"" \""*\""\n-    jest-util \""^29.5.0\""\n+    jest-util \""^29.7.0\""\n \n jest-node-http@1.0.0:\n   version \""1.0.0\""\n@@ -3258,117 +3499,114 @@\n\n   resolved \""https://registry.yarnpkg.com/jest-pnp-resolver/-/jest-pnp-resolver-1.2.2.tgz#b704ac0ae028a89108a4d040b3f919dfddc8e33c\""\n   integrity sha512-olV41bKSMm8BdnuMsewT4jqlZ8+3TCARAXjZGT9jcoSnrfUnRCqnMoF9XEeoWjbzObpqF9dRhHQj0Xb9QdF6/w==\n \n-jest-regex-util@^29.4.3:\n-  version \""29.4.3\""\n-  resolved \""https://registry.yarnpkg.com/jest-regex-util/-/jest-regex-util-29.4.3.tgz#a42616141e0cae052cfa32c169945d00c0aa0bb8\""\n-  integrity sha512-O4FglZaMmWXbGHSQInfXewIsd1LMn9p3ZXB/6r4FOkyhX2/iP/soMG98jGvk/A3HAN78+5VWcBGO0BJAPRh4kg==\n-\n-jest-resolve-dependencies@^29.5.0:\n-  version \""29.5.0\""\n-  resolved \""https://registry.yarnpkg.com/jest-resolve-dependencies/-/jest-resolve-dependencies-29.5.0.tgz#f0ea29955996f49788bf70996052aa98e7befee4\""\n-  integrity sha512-sjV3GFr0hDJMBpYeUuGduP+YeCRbd7S/ck6IvL3kQ9cpySYKqcqhdLLC2rFwrcL7tz5vYibomBrsFYWkIGGjOg==\n-  dependencies:\n-    jest-regex-util \""^29.4.3\""\n-    jest-snapshot \""^29.5.0\""\n-\n-jest-resolve@^29.5.0:\n-  version \""29.5.0\""\n-  resolved \""https://registry.yarnpkg.com/jest-resolve/-/jest-resolve-29.5.0.tgz#b053cc95ad1d5f6327f0ac8aae9f98795475ecdc\""\n-  integrity sha512-1TzxJ37FQq7J10jPtQjcc+MkCkE3GBpBecsSUWJ0qZNJpmg6m0D9/7II03yJulm3H/fvVjgqLh/k2eYg+ui52w==\n+jest-regex-util@^29.6.3:\n+  version \""29.6.3\""\n+  resolved \""https://registry.yarnpkg.com/jest-regex-util/-/jest-regex-util-29.6.3.tgz#4a556d9c776af68e1c5f48194f4d0327d24e8a52\""\n+  integrity sha512-KJJBsRCyyLNWCNBOvZyRDnAIfUiRJ8v+hOBQYGn8gDyF3UegwiP4gwRR3/SDa42g1YbVycTidUF3rKjyLFDWbg==\n+\n+jest-resolve-dependencies@^29.7.0:\n+  version \""29.7.0\""\n+  resolved \""https://registry.yarnpkg.com/jest-resolve-dependencies/-/jest-resolve-dependencies-29.7.0.tgz#1b04f2c095f37fc776ff40803dc92921b1e88428\""\n+  integrity sha512-un0zD/6qxJ+S0et7WxeI3H5XSe9lTBBR7bOHCHXkKR6luG5mwDDlIzVQ0V5cZCuoTgEdcdwzTghYkTWfubi+nA==\n+  dependencies:\n+    jest-regex-util \""^29.6.3\""\n+    jest-snapshot \""^29.7.0\""\n+\n+jest-resolve@^29.7.0:\n+  version \""29.7.0\""\n+  resolved \""https://registry.yarnpkg.com/jest-resolve/-/jest-resolve-29.7.0.tgz#64d6a8992dd26f635ab0c01e5eef4399c6bcbc30\""\n+  integrity sha512-IOVhZSrg+UvVAshDSDtHyFCCBUl/Q3AAJv8iZ6ZjnZ74xzvwuzLXid9IIIPgTnY62SJjfuupMKZsZQRsCvxEgA==\n   dependencies:\n     chalk \""^4.0.0\""\n     graceful-fs \""^4.2.9\""\n-    jest-haste-map \""^29.5.0\""\n+    jest-haste-map \""^29.7.0\""\n     jest-pnp-resolver \""^1.2.2\""\n-    jest-util \""^29.5.0\""\n-    jest-validate \""^29.5.0\""\n+    jest-util \""^29.7.0\""\n+    jest-validate \""^29.7.0\""\n     resolve \""^1.20.0\""\n     resolve.exports \""^2.0.0\""\n     slash \""^3.0.0\""\n \n-jest-runner@^29.5.0:\n-  version \""29.5.0\""\n-  resolved \""https://registry.yarnpkg.com/jest-runner/-/jest-runner-29.5.0.tgz#6a57c282eb0ef749778d444c1d758c6a7693b6f8\""\n-  integrity sha512-m7b6ypERhFghJsslMLhydaXBiLf7+jXy8FwGRHO3BGV1mcQpPbwiqiKUR2zU2NJuNeMenJmlFZCsIqzJCTeGLQ==\n-  dependencies:\n-    \""@jest/console\"" \""^29.5.0\""\n-    \""@jest/environment\"" \""^29.5.0\""\n-    \""@jest/test-result\"" \""^29.5.0\""\n-    \""@jest/transform\"" \""^29.5.0\""\n-    \""@jest/types\"" \""^29.5.0\""\n+jest-runner@^29.7.0:\n+  version \""29.7.0\""\n+  resolved \""https://registry.yarnpkg.com/jest-runner/-/jest-runner-29.7.0.tgz#809af072d408a53dcfd2e849a4c976d3132f718e\""\n+  integrity sha512-fsc4N6cPCAahybGBfTRcq5wFR6fpLznMg47sY5aDpsoejOcVYFb07AHuSnR0liMcPTgBsA3ZJL6kFOjPdoNipQ==\n+  dependencies:\n+    \""@jest/console\"" \""^29.7.0\""\n+    \""@jest/environment\"" \""^29.7.0\""\n+    \""@jest/test-result\"" \""^29.7.0\""\n+    \""@jest/transform\"" \""^29.7.0\""\n+    \""@jest/types\"" \""^29.6.3\""\n     \""@types/node\"" \""*\""\n     chalk \""^4.0.0\""\n     emittery \""^0.13.1\""\n     graceful-fs \""^4.2.9\""\n-    jest-docblock \""^29.4.3\""\n-    jest-environment-node \""^29.5.0\""\n-    jest-haste-map \""^29.5.0\""\n-    jest-leak-detector \""^29.5.0\""\n-    jest-message-util \""^29.5.0\""\n-    jest-resolve \""^29.5.0\""\n-    jest-runtime \""^29.5.0\""\n-    jest-util \""^29.5.0\""\n-    jest-watcher \""^29.5.0\""\n-    jest-worker \""^29.5.0\""\n+    jest-docblock \""^29.7.0\""\n+    jest-environment-node \""^29.7.0\""\n+    jest-haste-map \""^29.7.0\""\n+    jest-leak-detector \""^29.7.0\""\n+    jest-message-util \""^29.7.0\""\n+    jest-resolve \""^29.7.0\""\n+    jest-runtime \""^29.7.0\""\n+    jest-util \""^29.7.0\""\n+    jest-watcher \""^29.7.0\""\n+    jest-worker \""^29.7.0\""\n     p-limit \""^3.1.0\""\n     source-map-support \""0.5.13\""\n \n-jest-runtime@^29.5.0:\n-  version \""29.5.0\""\n-  resolved \""https://registry.yarnpkg.com/jest-runtime/-/jest-runtime-29.5.0.tgz#c83f943ee0c1da7eb91fa181b0811ebd59b03420\""\n-  integrity sha512-1Hr6Hh7bAgXQP+pln3homOiEZtCDZFqwmle7Ew2j8OlbkIu6uE3Y/etJQG8MLQs3Zy90xrp2C0BRrtPHG4zryw==\n-  dependencies:\n-    \""@jest/environment\"" \""^29.5.0\""\n-    \""@jest/fake-timers\"" \""^29.5.0\""\n-    \""@jest/globals\"" \""^29.5.0\""\n-    \""@jest/source-map\"" \""^29.4.3\""\n-    \""@jest/test-result\"" \""^29.5.0\""\n-    \""@jest/transform\"" \""^29.5.0\""\n-    \""@jest/types\"" \""^29.5.0\""\n+jest-runtime@^29.7.0:\n+  version \""29.7.0\""\n+  resolved \""https://registry.yarnpkg.com/jest-runtime/-/jest-runtime-29.7.0.tgz#efecb3141cf7d3767a3a0cc8f7c9990587d3d817\""\n+  integrity sha512-gUnLjgwdGqW7B4LvOIkbKs9WGbn+QLqRQQ9juC6HndeDiezIwhDP+mhMwHWCEcfQ5RUXa6OPnFF8BJh5xegwwQ==\n+  dependencies:\n+    \""@jest/environment\"" \""^29.7.0\""\n+    \""@jest/fake-timers\"" \""^29.7.0\""\n+    \""@jest/globals\"" \""^29.7.0\""\n+    \""@jest/source-map\"" \""^29.6.3\""\n+    \""@jest/test-result\"" \""^29.7.0\""\n+    \""@jest/transform\"" \""^29.7.0\""\n+    \""@jest/types\"" \""^29.6.3\""\n     \""@types/node\"" \""*\""\n     chalk \""^4.0.0\""\n     cjs-module-lexer \""^1.0.0\""\n     collect-v8-coverage \""^1.0.0\""\n     glob \""^7.1.3\""\n     graceful-fs \""^4.2.9\""\n-    jest-haste-map \""^29.5.0\""\n-    jest-message-util \""^29.5.0\""\n-    jest-mock \""^29.5.0\""\n-    jest-regex-util \""^29.4.3\""\n-    jest-resolve \""^29.5.0\""\n-    jest-snapshot \""^29.5.0\""\n-    jest-util \""^29.5.0\""\n+    jest-haste-map \""^29.7.0\""\n+    jest-message-util \""^29.7.0\""\n+    jest-mock \""^29.7.0\""\n+    jest-regex-util \""^29.6.3\""\n+    jest-resolve \""^29.7.0\""\n+    jest-snapshot \""^29.7.0\""\n+    jest-util \""^29.7.0\""\n     slash \""^3.0.0\""\n     strip-bom \""^4.0.0\""\n \n-jest-snapshot@^29.5.0:\n-  version \""29.5.0\""\n-  resolved \""https://registry.yarnpkg.com/jest-snapshot/-/jest-snapshot-29.5.0.tgz#c9c1ce0331e5b63cd444e2f95a55a73b84b1e8ce\""\n-  integrity sha512-x7Wolra5V0tt3wRs3/ts3S6ciSQVypgGQlJpz2rsdQYoUKxMxPNaoHMGJN6qAuPJqS+2iQ1ZUn5kl7HCyls84g==\n+jest-snapshot@^29.7.0:\n+  version \""29.7.0\""\n+  resolved \""https://registry.yarnpkg.com/jest-snapshot/-/jest-snapshot-29.7.0.tgz#c2c574c3f51865da1bb329036778a69bf88a6be5\""\n+  integrity sha512-Rm0BMWtxBcioHr1/OX5YCP8Uov4riHvKPknOGs804Zg9JGZgmIBkbtlxJC/7Z4msKYVbIJtfU+tKb8xlYNfdkw==\n   dependencies:\n     \""@babel/core\"" \""^7.11.6\""\n     \""@babel/generator\"" \""^7.7.2\""\n     \""@babel/plugin-syntax-jsx\"" \""^7.7.2\""\n     \""@babel/plugin-syntax-typescript\"" \""^7.7.2\""\n-    \""@babel/traverse\"" \""^7.7.2\""\n     \""@babel/types\"" \""^7.3.3\""\n-    \""@jest/expect-utils\"" \""^29.5.0\""\n-    \""@jest/transform\"" \""^29.5.0\""\n-    \""@jest/types\"" \""^29.5.0\""\n-    \""@types/babel__traverse\"" \""^7.0.6\""\n-    \""@types/prettier\"" \""^2.1.5\""\n+    \""@jest/expect-utils\"" \""^29.7.0\""\n+    \""@jest/transform\"" \""^29.7.0\""\n+    \""@jest/types\"" \""^29.6.3\""\n     babel-preset-current-node-syntax \""^1.0.0\""\n     chalk \""^4.0.0\""\n-    expect \""^29.5.0\""\n+    expect \""^29.7.0\""\n     graceful-fs \""^4.2.9\""\n-    jest-diff \""^29.5.0\""\n-    jest-get-type \""^29.4.3\""\n-    jest-matcher-utils \""^29.5.0\""\n-    jest-message-util \""^29.5.0\""\n-    jest-util \""^29.5.0\""\n+    jest-diff \""^29.7.0\""\n+    jest-get-type \""^29.6.3\""\n+    jest-matcher-utils \""^29.7.0\""\n+    jest-message-util \""^29.7.0\""\n+    jest-util \""^29.7.0\""\n     natural-compare \""^1.4.0\""\n-    pretty-format \""^29.5.0\""\n-    semver \""^7.3.5\""\n+    pretty-format \""^29.7.0\""\n+    semver \""^7.5.3\""\n \n jest-util@^29.0.0, jest-util@^29.3.1:\n   version \""29.3.1\""\n@@ -3382,63 +3620,63 @@\n\n     graceful-fs \""^4.2.9\""\n     picomatch \""^2.2.3\""\n \n-jest-util@^29.5.0:\n-  version \""29.5.0\""\n-  resolved \""https://registry.yarnpkg.com/jest-util/-/jest-util-29.5.0.tgz#24a4d3d92fc39ce90425311b23c27a6e0ef16b8f\""\n-  integrity sha512-RYMgG/MTadOr5t8KdhejfvUU82MxsCu5MF6KuDUHl+NuwzUt+Sm6jJWxTJVrDR1j5M/gJVCPKQEpWXY+yIQ6lQ==\n-  dependencies:\n-    \""@jest/types\"" \""^29.5.0\""\n+jest-util@^29.7.0:\n+  version \""29.7.0\""\n+  resolved \""https://registry.yarnpkg.com/jest-util/-/jest-util-29.7.0.tgz#23c2b62bfb22be82b44de98055802ff3710fc0bc\""\n+  integrity sha512-z6EbKajIpqGKU56y5KBUgy1dt1ihhQJgWzUlZHArA/+X2ad7Cb5iF+AK1EWVL/Bo7Rz9uurpqw6SiBCefUbCGA==\n+  dependencies:\n+    \""@jest/types\"" \""^29.6.3\""\n     \""@types/node\"" \""*\""\n     chalk \""^4.0.0\""\n     ci-info \""^3.2.0\""\n     graceful-fs \""^4.2.9\""\n     picomatch \""^2.2.3\""\n \n-jest-validate@^29.5.0:\n-  version \""29.5.0\""\n-  resolved \""https://registry.yarnpkg.com/jest-validate/-/jest-validate-29.5.0.tgz#8e5a8f36178d40e47138dc00866a5f3bd9916ffc\""\n-  integrity sha512-pC26etNIi+y3HV8A+tUGr/lph9B18GnzSRAkPaaZJIE1eFdiYm6/CewuiJQ8/RlfHd1u/8Ioi8/sJ+CmbA+zAQ==\n-  dependencies:\n-    \""@jest/types\"" \""^29.5.0\""\n+jest-validate@^29.7.0:\n+  version \""29.7.0\""\n+  resolved \""https://registry.yarnpkg.com/jest-validate/-/jest-validate-29.7.0.tgz#7bf705511c64da591d46b15fce41400d52147d9c\""\n+  integrity sha512-ZB7wHqaRGVw/9hST/OuFUReG7M8vKeq0/J2egIGLdvjHCmYqGARhzXmtgi+gVeZ5uXFF219aOc3Ls2yLg27tkw==\n+  dependencies:\n+    \""@jest/types\"" \""^29.6.3\""\n     camelcase \""^6.2.0\""\n     chalk \""^4.0.0\""\n-    jest-get-type \""^29.4.3\""\n+    jest-get-type \""^29.6.3\""\n     leven \""^3.1.0\""\n-    pretty-format \""^29.5.0\""\n-\n-jest-watcher@^29.5.0:\n-  version \""29.5.0\""\n-  resolved \""https://registry.yarnpkg.com/jest-watcher/-/jest-watcher-29.5.0.tgz#cf7f0f949828ba65ddbbb45c743a382a4d911363\""\n-  integrity sha512-KmTojKcapuqYrKDpRwfqcQ3zjMlwu27SYext9pt4GlF5FUgB+7XE1mcCnSm6a4uUpFyQIkb6ZhzZvHl+jiBCiA==\n-  dependencies:\n-    \""@jest/test-result\"" \""^29.5.0\""\n-    \""@jest/types\"" \""^29.5.0\""\n+    pretty-format \""^29.7.0\""\n+\n+jest-watcher@^29.7.0:\n+  version \""29.7.0\""\n+  resolved \""https://registry.yarnpkg.com/jest-watcher/-/jest-watcher-29.7.0.tgz#7810d30d619c3a62093223ce6bb359ca1b28a2f2\""\n+  integrity sha512-49Fg7WXkU3Vl2h6LbLtMQ/HyB6rXSIX7SqvBLQmssRBGN9I0PNvPmAmCWSOY6SOvrjhI/F7/bGAv9RtnsPA03g==\n+  dependencies:\n+    \""@jest/test-result\"" \""^29.7.0\""\n+    \""@jest/types\"" \""^29.6.3\""\n     \""@types/node\"" \""*\""\n     ansi-escapes \""^4.2.1\""\n     chalk \""^4.0.0\""\n     emittery \""^0.13.1\""\n-    jest-util \""^29.5.0\""\n+    jest-util \""^29.7.0\""\n     string-length \""^4.0.1\""\n \n-jest-worker@^29.5.0:\n-  version \""29.5.0\""\n-  resolved \""https://registry.yarnpkg.com/jest-worker/-/jest-worker-29.5.0.tgz#bdaefb06811bd3384d93f009755014d8acb4615d\""\n-  integrity sha512-NcrQnevGoSp4b5kg+akIpthoAFHxPBcb5P6mYPY0fUNT+sSvmtu6jlkEle3anczUKIKEbMxFimk9oTP/tpIPgA==\n+jest-worker@^29.7.0:\n+  version \""29.7.0\""\n+  resolved \""https://registry.yarnpkg.com/jest-worker/-/jest-worker-29.7.0.tgz#acad073acbbaeb7262bd5389e1bcf43e10058d4a\""\n+  integrity sha512-eIz2msL/EzL9UFTFFx7jBTkeZfku0yUAyZZZmJ93H2TYEiroIx2PQjEXcwYtYl8zXCxb+PAmA2hLIt/6ZEkPHw==\n   dependencies:\n     \""@types/node\"" \""*\""\n-    jest-util \""^29.5.0\""\n+    jest-util \""^29.7.0\""\n     merge-stream \""^2.0.0\""\n     supports-color \""^8.0.0\""\n \n-jest@29.5.0:\n-  version \""29.5.0\""\n-  resolved \""https://registry.yarnpkg.com/jest/-/jest-29.5.0.tgz#f75157622f5ce7ad53028f2f8888ab53e1f1f24e\""\n-  integrity sha512-juMg3he2uru1QoXX078zTa7pO85QyB9xajZc6bU+d9yEGwrKX6+vGmJQ3UdVZsvTEUARIdObzH68QItim6OSSQ==\n-  dependencies:\n-    \""@jest/core\"" \""^29.5.0\""\n-    \""@jest/types\"" \""^29.5.0\""\n+jest@29.7.0:\n+  version \""29.7.0\""\n+  resolved \""https://registry.yarnpkg.com/jest/-/jest-29.7.0.tgz#994676fc24177f088f1c5e3737f5697204ff2613\""\n+  integrity sha512-NIy3oAFp9shda19hy4HK0HRTWKtPJmGdnvywu01nOqNC2vZg+Z+fvJDxpMQA88eb2I9EcafcdjYgsDthnYTvGw==\n+  dependencies:\n+    \""@jest/core\"" \""^29.7.0\""\n+    \""@jest/types\"" \""^29.6.3\""\n     import-local \""^3.0.2\""\n-    jest-cli \""^29.5.0\""\n+    jest-cli \""^29.7.0\""\n \n joi@17.9.1:\n   version \""17.9.1\""\n@@ -3580,6 +3818,13 @@\n\n     ms \""^2.1.1\""\n     safe-stable-stringify \""^2.3.1\""\n     triple-beam \""^1.3.0\""\n+\n+lru-cache@^5.1.1:\n+  version \""5.1.1\""\n+  resolved \""https://registry.yarnpkg.com/lru-cache/-/lru-cache-5.1.1.tgz#1da27e6710271947695daf6848e847f01d84b920\""\n+  integrity sha512-KpNARQA3Iwv+jTA0utUVVbrh+Jlrr1Fv0e56GGzAFOXN7dk/FviaDW8LHmK52DlcH4WP2n6gI8vN1aesBFgo9w==\n+  dependencies:\n+    yallist \""^3.0.2\""\n \n lru-cache@^6.0.0:\n   version \""6.0.0\""\n@@ -3767,6 +4012,11 @@\n\n   version \""0.4.0\""\n   resolved \""https://registry.yarnpkg.com/node-int64/-/node-int64-0.4.0.tgz#87a9065cdb355d3182d8f94ce11188b825c68a3b\""\n   integrity sha1-h6kGXNs1XTGC2PlM4RGIuCXGijs=\n+\n+node-releases@^2.0.14:\n+  version \""2.0.14\""\n+  resolved \""https://registry.yarnpkg.com/node-releases/-/node-releases-2.0.14.tgz#2ffb053bceb8b2be8495ece1ab6ce600c4461b0b\""\n+  integrity sha512-y10wOWt8yZpqXmOgRo77WaHEmhYQYGNA6y421PKsKYWEK8aW+cqAphborZDhqfyKrbZEN92CN1X2KbafY2s7Yw==\n \n node-releases@^2.0.2:\n   version \""2.0.2\""\n@@ -4032,12 +4282,12 @@\n\n     ansi-styles \""^5.0.0\""\n     react-is \""^18.0.0\""\n \n-pretty-format@^29.5.0:\n-  version \""29.5.0\""\n-  resolved \""https://registry.yarnpkg.com/pretty-format/-/pretty-format-29.5.0.tgz#283134e74f70e2e3e7229336de0e4fce94ccde5a\""\n-  integrity sha512-V2mGkI31qdttvTFX7Mt4efOqHXqJWMu4/r66Xh3Z3BwZaPfPJgp6/gbwoujRpPUtfEF6AUUWx3Jim3GCw5g/Qw==\n-  dependencies:\n-    \""@jest/schemas\"" \""^29.4.3\""\n+pretty-format@^29.7.0:\n+  version \""29.7.0\""\n+  resolved \""https://registry.yarnpkg.com/pretty-format/-/pretty-format-29.7.0.tgz#ca42c758310f365bfa71a0bda0a807160b776812\""\n+  integrity sha512-Pdlw/oPxN+aXdmM9R00JVC9WVFoCLTKJvDVLgmJ+qAffBMxsV85l/Lu7sNx4zSzPyoL2euImuEwHhOXdEgNFZQ==\n+  dependencies:\n+    \""@jest/schemas\"" \""^29.6.3\""\n     ansi-styles \""^5.0.0\""\n     react-is \""^18.0.0\""\n \n@@ -4256,7 +4506,12 @@\n\n   resolved \""https://registry.yarnpkg.com/semver/-/semver-6.3.0.tgz#ee0a64c8af5e8ceea67687b133761e1becbd1d3d\""\n   integrity sha512-b39TBaTSfV6yBrapU89p5fKekE2m/NwnDocOVruQFS1/veMgdzuPcnOM34M6CwxW8jH/lxEa5rBoDeUwu5HHTw==\n \n-semver@^7.3.5, semver@^7.3.7:\n+semver@^6.3.1:\n+  version \""6.3.1\""\n+  resolved \""https://registry.yarnpkg.com/semver/-/semver-6.3.1.tgz#556d2ef8689146e46dcea4bfdd095f3434dffcb4\""\n+  integrity sha512-BR7VvDCVHO+q2xBEWskxS6DJE1qRnb7DxzUrogb71CWoSficBxYsiAGd+Kl0mmq/MprG9yArRkyrQxTO6XjMzA==\n+\n+semver@^7.3.7:\n   version \""7.3.7\""\n   resolved \""https://registry.yarnpkg.com/semver/-/semver-7.3.7.tgz#12c5b649afdbf9049707796e22a4028814ce523f\""\n   integrity sha512-QlYTucUYOews+WeEujDoEGziz4K6c47V/Bd+LjSSYcA94p+DmINdf7ncaUinThfvZyu13lN9OY1XDxt8C0Tw0g==\n@@ -4267,6 +4522,13 @@\n\n   version \""7.3.8\""\n   resolved \""https://registry.yarnpkg.com/semver/-/semver-7.3.8.tgz#07a78feafb3f7b32347d725e33de7e2a2df67798\""\n   integrity sha512-NB1ctGL5rlHrPJtFDVIVzTyQylMLu9N9VICA6HSFJo8MCGVTMW6gfpicwKmmK/dAjTOrqu5l63JJOpDSrAis3A==\n+  dependencies:\n+    lru-cache \""^6.0.0\""\n+\n+semver@^7.5.3, semver@^7.5.4:\n+  version \""7.6.0\""\n+  resolved \""https://registry.yarnpkg.com/semver/-/semver-7.6.0.tgz#1a46a4db4bffcccd97b743b5005c8325f23d4e2d\""\n+  integrity sha512-EnwXhrlwXMk9gKu5/flx5sv/an57AkRplG3hTK68W7FRDN+k+OWBj65M7719OkA82XLBxrcX0KSHj+X5COhOVg==\n   dependencies:\n     lru-cache \""^6.0.0\""\n \n@@ -4760,6 +5022,14 @@\n\n   resolved \""https://registry.yarnpkg.com/unpipe/-/unpipe-1.0.0.tgz#b2bf4ee8514aae6165b4817829d21b2ef49904ec\""\n   integrity sha1-sr9O6FFKrmFltIF4KdIbLvSZBOw=\n \n+update-browserslist-db@^1.0.13:\n+  version \""1.0.13\""\n+  resolved \""https://registry.yarnpkg.com/update-browserslist-db/-/update-browserslist-db-1.0.13.tgz#3c5e4f5c083661bd38ef64b6328c26ed6c8248c4\""\n+  integrity sha512-xebP81SNcPuNpPP3uzeW1NYXxI3rxyJzF3pD6sH4jE7o/IX+WtSpwnVU+qIsDPyk0d3hmFQ7mjqc6AtV604hbg==\n+  dependencies:\n+    escalade \""^3.1.1\""\n+    picocolors \""^1.0.0\""\n+\n uri-js@^4.2.2:\n   version \""4.4.1\""\n   resolved \""https://registry.yarnpkg.com/uri-js/-/uri-js-4.4.1.tgz#9b1a52595225859e55f669d928f88c6c57f2a77e\""\n@@ -4904,6 +5174,11 @@\n\n   resolved \""https://registry.yarnpkg.com/y18n/-/y18n-5.0.8.tgz#7f4934d0f7ca8c56f95314939ddcd2dd91ce1d55\""\n   integrity sha512-0pfFzegeDWJHJIAmTLRP2DwHjdF5s7jo9tuztdQxAhINCdvS+3nGINqPd00AphqJR/0LhANUS6/+7SCb98YOfA==\n \n+yallist@^3.0.2:\n+  version \""3.1.1\""\n+  resolved \""https://registry.yarnpkg.com/yallist/-/yallist-3.1.1.tgz#dbb7daf9bfd8bac9ab45ebf602b8cbad0d5d08fd\""\n+  integrity sha512-a4UGQaWPH59mOXUYnAG2ewncQS4i4F43Tv3JoAM+s2VDAmS9NsK8GpDMLrCHPksFT7h3K6TOoUNn2pb7RoXx4g==\n+\n yallist@^4.0.0:\n   version \""4.0.0\""\n   resolved \""https://registry.yarnpkg.com/yallist/-/yallist-4.0.0.tgz#9bb92790d9c0effec63be73519e11a35019a3a72\""""

Output: List the addressed and unaddressed items, and make the final classification.
","Analysis details:
- Addressed Items: []
- Unaddressed Items: The suggestion to include a brief description explaining why the version update was made has not been addressed in the subsequent code changes.
Classification: Not Addressed"
https://api.github.com/repos/sidhantpanda/docker-express-typescript-boilerplate/pulls/comments/1673287948,Not contain specific items.,Not contain specific items.
https://api.github.com/repos/sidhantpanda/docker-express-typescript-boilerplate/pulls/comments/1643461841,Not contain specific items.,Not contain specific items.
https://api.github.com/repos/sidhantpanda/docker-express-typescript-boilerplate/pulls/comments/1710372362,Not contain specific items.,Not contain specific items.
https://api.github.com/repos/sidhantpanda/docker-express-typescript-boilerplate/pulls/comments/1708756958,Not contain specific items.,Not contain specific items.
https://api.github.com/repos/sidhantpanda/docker-express-typescript-boilerplate/pulls/comments/1710372437,Not contain specific items.,Not contain specific items.
https://api.github.com/repos/sidhantpanda/docker-express-typescript-boilerplate/pulls/comments/1717379595,Not contain specific items.,Not contain specific items.
https://api.github.com/repos/sidhantpanda/docker-express-typescript-boilerplate/pulls/comments/1532770734,"Input Format:
Code Review:
- Reviewed Path: The file path of the code change.
- Reviewed Change: The code change under review. (""+"" indicates added lines, ""-"" indicates removed lines)
- Review Comment: A list of issues or suggestions for the above changes.
Subsequent Code Changes: A cumulative code changes made to the reviewed file after the review.

Task: For each item in the Review Comment, analyze whether it has been addressed by the Subsequent Code Changes by determining if:
- The issue has been completely resolved.
- The suggestion has been completely followed. (If the suggestion includes concrete code examples, it does not need to be followed exactly. As long as the code change serves the same intended purpose, the suggestion can be considered addressed.)
After completing the analysis, classify the entire review comment into one of the following categories:
- Not Addressed: None of the issues or suggestions have been addressed by the Subsequent Code Changes.
- Partly Addressed: Some but not all issues or suggestions have been addressed.
- Fully Addressed: All issues or suggestions have been addressed.
If the code relevant to the Review Comment has been completely removed in the Subsequent Code Changes, and it is not possible to determine whether the removal was an intentional response to the comment, you can classify it as ""Not Enough Information"".

Output Format:
Analysis details:
- Addressed Items: List the issues or suggestions that have been addressed.
- Unaddressed Items: List the issues or suggestions that have not been addressed.
Classification: Based on the Addressed Items and Unaddressed Items, select one of ""Not Addressed"", ""Partly Addressed"", ""Fully Addressed"", or ""Not Enough Information"" as the final classification without more explanations.

Input:
Code Review:
- Reviewed Path: ""package.json""
- Reviewed Change: ""@@ -60,7 +60,7 @@\n     \""supertest\"": \""6.3.4\"",\n     \""ts-jest\"": \""29.1.2\"",\n     \""ts-node\"": \""10.9.2\"",\n-    \""typescript\"": \""5.4.2\""\n+    \""typescript\"": \""5.4.3\""\n   },\n   \""license\"": \""MIT\"",\n   \""bugs\"": {""
- Review Comment: ""- consider checking if any breaking changes or deprecations were introduced in typescript 5.4.3 and update your code accordingly.\n- remember to update any documentation or guides related to this change.""

Subsequent Code Changes: Here are the cumulative modifications made to the reviewed file ""package.json"" after the Code Review.
""--- \n\n+++ \n\n@@ -60,7 +60,7 @@\n\n     \""supertest\"": \""6.3.4\"",\n     \""ts-jest\"": \""29.1.2\"",\n     \""ts-node\"": \""10.9.2\"",\n-    \""typescript\"": \""5.4.3\""\n+    \""typescript\"": \""5.7.2\""\n   },\n   \""license\"": \""MIT\"",\n   \""bugs\"": {""

Output: List the addressed and unaddressed items, and make the final classification.
","Analysis details:
- Addressed Items: None
- Unaddressed Items: 
  • ""consider checking if any breaking changes or deprecations were introduced in typescript 5.4.3 and update your code accordingly.""
  • ""remember to update any documentation or guides related to this change.""
Classification: Not Addressed"
https://api.github.com/repos/sidhantpanda/docker-express-typescript-boilerplate/pulls/comments/1826343894,Not contain specific items.,Not contain specific items.
https://api.github.com/repos/sidhantpanda/docker-express-typescript-boilerplate/pulls/comments/1826343915,Not contain specific items.,Not contain specific items.
https://api.github.com/repos/sidhantpanda/docker-express-typescript-boilerplate/pulls/comments/1835570448,Not contain specific items.,Not contain specific items.
https://api.github.com/repos/sidhantpanda/docker-express-typescript-boilerplate/pulls/comments/1835570447,No change happened; the comment remains unaddressed.,No change happened; the comment remains unaddressed.
https://api.github.com/repos/sidhantpanda/docker-express-typescript-boilerplate/pulls/comments/1322544134,"Input Format:
Code Review:
- Reviewed Path: The file path of the code change.
- Reviewed Change: The code change under review. (""+"" indicates added lines, ""-"" indicates removed lines)
- Review Comment: A list of issues or suggestions for the above changes.
Subsequent Code Changes: A cumulative code changes made to the reviewed file after the review.

Task: For each item in the Review Comment, analyze whether it has been addressed by the Subsequent Code Changes by determining if:
- The issue has been completely resolved.
- The suggestion has been completely followed. (If the suggestion includes concrete code examples, it does not need to be followed exactly. As long as the code change serves the same intended purpose, the suggestion can be considered addressed.)
After completing the analysis, classify the entire review comment into one of the following categories:
- Not Addressed: None of the issues or suggestions have been addressed by the Subsequent Code Changes.
- Partly Addressed: Some but not all issues or suggestions have been addressed.
- Fully Addressed: All issues or suggestions have been addressed.
If the code relevant to the Review Comment has been completely removed in the Subsequent Code Changes, and it is not possible to determine whether the removal was an intentional response to the comment, you can classify it as ""Not Enough Information"".

Output Format:
Analysis details:
- Addressed Items: List the issues or suggestions that have been addressed.
- Unaddressed Items: List the issues or suggestions that have not been addressed.
Classification: Based on the Addressed Items and Unaddressed Items, select one of ""Not Addressed"", ""Partly Addressed"", ""Fully Addressed"", or ""Not Enough Information"" as the final classification without more explanations.

Input:
Code Review:
- Reviewed Path: ""package.json""
- Reviewed Change: ""@@ -44,7 +44,7 @@\n     \""@types/compression\"": \""1.7.2\"",\n     \""@types/express\"": \""4.17.17\"",\n     \""@types/hapi__joi\"": \""17.1.9\"",\n-    \""@types/jest\"": \""29.5.0\"",\n+    \""@types/jest\"": \""29.5.4\"",\n     \""@types/js-yaml\"": \""^4.0.5\"",\n     \""@types/node\"": \""18.15.11\"",\n     \""@types/supertest\"": \""2.0.12\"",\n@@ -54,7 +54,7 @@\n     \""eslint\"": \""8.38.0\"",\n     \""eslint-config-airbnb-base\"": \""15.0.0\"",\n     \""eslint-plugin-import\"": \""2.27.5\"",\n-    \""jest\"": \""29.5.0\"",\n+    \""jest\"": \""29.7.0\"",\n     \""jest-express\"": \""1.12.0\"",\n     \""nodemon\"": \""2.0.22\"",\n     \""supertest\"": \""6.3.3\"",""
- Review Comment: ""- in package.json, there is a version mismatch between \""@types/jest\"" in dependencies and devdependencies. it might cause compatibility issues if these versions have conflicting types definitions.\n- update \""@types/jest\"" from \""29.5.0\"" to \""29.5.4\"" in dependencies.\n- update \""jest\"" from \""29.5.0\"" to \""29.7.0\"" in devdependencies.""

Subsequent Code Changes: Here are the cumulative modifications made to the reviewed file ""package.json"" after the Code Review.
""--- \n\n+++ \n\n@@ -44,7 +44,7 @@\n\n     \""@types/compression\"": \""1.7.2\"",\n     \""@types/express\"": \""4.17.17\"",\n     \""@types/hapi__joi\"": \""17.1.9\"",\n-    \""@types/jest\"": \""29.5.4\"",\n+    \""@types/jest\"": \""29.5.12\"",\n     \""@types/js-yaml\"": \""^4.0.5\"",\n     \""@types/node\"": \""18.15.11\"",\n     \""@types/supertest\"": \""2.0.12\"",""

Output: List the addressed and unaddressed items, and make the final classification.
","Analysis details:
- Addressed Items:
  • The update to ""@types/jest"" in dependencies was performed (updated from a version originally 29.5.0 to now 29.5.12; although the suggestion mentioned 29.5.4, the intent of updating this dependency has been met).

- Unaddressed Items:
  • Updating ""jest"" in devdependencies from ""29.5.0"" to ""29.7.0"" was not reflected in the Subsequent Code Changes.

Classification: Partly Addressed"
https://api.github.com/repos/sidhantpanda/docker-express-typescript-boilerplate/pulls/comments/1717379638,"Input Format:
Code Review:
- Reviewed Path: The file path of the code change.
- Reviewed Change: The code change under review. (""+"" indicates added lines, ""-"" indicates removed lines)
- Review Comment: A list of issues or suggestions for the above changes.
Subsequent Code Changes: A cumulative code changes made to the reviewed file after the review.

Task: For each item in the Review Comment, analyze whether it has been addressed by the Subsequent Code Changes by determining if:
- The issue has been completely resolved.
- The suggestion has been completely followed. (If the suggestion includes concrete code examples, it does not need to be followed exactly. As long as the code change serves the same intended purpose, the suggestion can be considered addressed.)
After completing the analysis, classify the entire review comment into one of the following categories:
- Not Addressed: None of the issues or suggestions have been addressed by the Subsequent Code Changes.
- Partly Addressed: Some but not all issues or suggestions have been addressed.
- Fully Addressed: All issues or suggestions have been addressed.
If the code relevant to the Review Comment has been completely removed in the Subsequent Code Changes, and it is not possible to determine whether the removal was an intentional response to the comment, you can classify it as ""Not Enough Information"".

Output Format:
Analysis details:
- Addressed Items: List the issues or suggestions that have been addressed.
- Unaddressed Items: List the issues or suggestions that have not been addressed.
Classification: Based on the Addressed Items and Unaddressed Items, select one of ""Not Addressed"", ""Partly Addressed"", ""Fully Addressed"", or ""Not Enough Information"" as the final classification without more explanations.

Input:
Code Review:
- Reviewed Path: ""yarn.lock""
- Reviewed Change: ""@@ -3371,7 +3371,7 @@ lodash.merge@^4.6.2:\n   resolved \""https://registry.yarnpkg.com/lodash.merge/-/lodash.merge-4.6.2.tgz#558aa53b43b661e1925a0afdfa36a9a1085fe57a\""\n   integrity sha512-0KpjqXRVvrYyCsX1swR/XTK0va6VQkQM6MNo7PqW77ByjAhoARA8EfrP1N4+KlKj8YS0ZUCtRT/YUuhyYDujIQ==\n \n-logform@^2.3.2, logform@^2.4.0:\n+logform@^2.3.2:\n   version \""2.6.0\""\n   resolved \""https://registry.yarnpkg.com/logform/-/logform-2.6.0.tgz#8c82a983f05d6eaeb2d75e3decae7a768b2bf9b5\""\n   integrity sha512-1ulHeNPp6k/LD8H91o7VYFBng5i1BDE7HoKxVbZiGFidS1Rj65qcywLxX+pVfAPoQJEjRdvKcusKwOupHCVOVQ==\n@@ -3383,6 +3383,18 @@ logform@^2.3.2, logform@^2.4.0:\n     safe-stable-stringify \""^2.3.1\""\n     triple-beam \""^1.3.0\""\n \n+logform@^2.6.0:\n+  version \""2.6.1\""\n+  resolved \""https://registry.yarnpkg.com/logform/-/logform-2.6.1.tgz#71403a7d8cae04b2b734147963236205db9b3df0\""\n+  integrity sha512-CdaO738xRapbKIMVn2m4F6KTj4j7ooJ8POVnebSgKo3KBz5axNXRAL7ZdRjIV6NOr2Uf4vjtRkxrFETOioCqSA==\n+  dependencies:\n+    \""@colors/colors\"" \""1.6.0\""\n+    \""@types/triple-beam\"" \""^1.3.2\""\n+    fecha \""^4.2.0\""\n+    ms \""^2.1.1\""\n+    safe-stable-stringify \""^2.3.1\""\n+    triple-beam \""^1.3.0\""\n+\n lru-cache@^5.1.1:\n   version \""5.1.1\""\n   resolved \""https://registry.yarnpkg.com/lru-cache/-/lru-cache-5.1.1.tgz#1da27e6710271947695daf6848e847f01d84b920\""\n@@ -4651,16 +4663,16 @@ winston-transport@4.7.0, winston-transport@^4.7.0:\n     readable-stream \""^3.6.0\""\n     triple-beam \""^1.3.0\""\n \n-winston@3.12.0:\n-  version \""3.12.0\""\n-  resolved \""https://registry.yarnpkg.com/winston/-/winston-3.12.0.tgz#a5d965a41d3dc31be5408f8c66e927958846c0d0\""\n-  integrity sha512-OwbxKaOlESDi01mC9rkM0dQqQt2I8DAUMRLZ/HpbwvDXm85IryEHgoogy5fziQy38PntgZsLlhAYHz//UPHZ5w==\n+winston@3.14.2:\n+  version \""3.14.2\""\n+  resolved \""https://registry.yarnpkg.com/winston/-/winston-3.14.2.tgz#94ce5fd26d374f563c969d12f0cd9c641065adab\""\n+  integrity sha512-CO8cdpBB2yqzEf8v895L+GNKYJiEq8eKlHU38af3snQBQ+sdAIUepjMSguOIJC7ICbzm0ZI+Af2If4vIJrtmOg==\n   dependencies:\n     \""@colors/colors\"" \""^1.6.0\""\n     \""@dabh/diagnostics\"" \""^2.0.2\""\n     async \""^3.2.3\""\n     is-stream \""^2.0.0\""\n-    logform \""^2.4.0\""\n+    logform \""^2.6.0\""\n     one-time \""^1.0.0\""\n     readable-stream \""^3.4.0\""\n     safe-stable-stringify \""^2.3.1\""""
- Review Comment: ""1. **logform dependency conflict:**\n    - the package.json indicates two conflicting versions of `logform` being used (`^2.3.2` and `^2.6.0`).\n    - ensure that this discrepancy is addressed, as it may lead to unexpected behavior or runtime errors.\n\n2. **dependency versions:**\n    - make sure to align the dependency versions consistently, especially for `logform`. using different versions may introduce compatibility or functionality issues.""

Subsequent Code Changes: Here are the cumulative modifications made to the reviewed file ""yarn.lock"" after the Code Review.
""--- \n\n+++ \n\n@@ -3383,10 +3383,10 @@\n\n     safe-stable-stringify \""^2.3.1\""\n     triple-beam \""^1.3.0\""\n \n-logform@^2.6.0:\n-  version \""2.6.1\""\n-  resolved \""https://registry.yarnpkg.com/logform/-/logform-2.6.1.tgz#71403a7d8cae04b2b734147963236205db9b3df0\""\n-  integrity sha512-CdaO738xRapbKIMVn2m4F6KTj4j7ooJ8POVnebSgKo3KBz5axNXRAL7ZdRjIV6NOr2Uf4vjtRkxrFETOioCqSA==\n+logform@^2.7.0:\n+  version \""2.7.0\""\n+  resolved \""https://registry.yarnpkg.com/logform/-/logform-2.7.0.tgz#cfca97528ef290f2e125a08396805002b2d060d1\""\n+  integrity sha512-TFYA4jnP7PVbmlBIfhlSe+WKxs9dklXMTEGcBCIvLhE/Tn3H6Gk1norupVW7m5Cnd4bLcr08AytbyV/xj7f/kQ==\n   dependencies:\n     \""@colors/colors\"" \""1.6.0\""\n     \""@types/triple-beam\"" \""^1.3.2\""\n@@ -3922,7 +3922,7 @@\n\n   resolved \""https://registry.yarnpkg.com/react-is/-/react-is-18.2.0.tgz#199431eeaaa2e09f86427efbb4f1473edb47609b\""\n   integrity sha512-xWGDIW6x921xtzPkhiULtthJHoJvBbF3q26fzloPCK0hsvxtPVelvftw3zjbHWSkR2km9Z+4uxbDDK/6Zw9B8w==\n \n-readable-stream@^3.4.0, readable-stream@^3.6.0:\n+readable-stream@^3.4.0, readable-stream@^3.6.0, readable-stream@^3.6.2:\n   version \""3.6.2\""\n   resolved \""https://registry.yarnpkg.com/readable-stream/-/readable-stream-3.6.2.tgz#56a9b36ea965c00c5a93ef31eb111a0f11056967\""\n   integrity sha512-9u/sniCrY3D5WdsERHzHE4G2YCXqoG5FTHUiCC4SIbr6XcLZBY05ya9EKjYek9O5xOAwjGq+1JdGBAS7Q9ScoA==\n@@ -4654,7 +4654,7 @@\n\n   dependencies:\n     isexe \""^2.0.0\""\n \n-winston-transport@4.7.0, winston-transport@^4.7.0:\n+winston-transport@4.7.0:\n   version \""4.7.0\""\n   resolved \""https://registry.yarnpkg.com/winston-transport/-/winston-transport-4.7.0.tgz#e302e6889e6ccb7f383b926df6936a5b781bd1f0\""\n   integrity sha512-ajBj65K5I7denzer2IYW6+2bNIVqLGDHqDw3Ow8Ohh+vdW+rv4MZ6eiDvHoKhfJFZ2auyN8byXieDDJ96ViONg==\n@@ -4663,22 +4663,31 @@\n\n     readable-stream \""^3.6.0\""\n     triple-beam \""^1.3.0\""\n \n-winston@3.14.2:\n-  version \""3.14.2\""\n-  resolved \""https://registry.yarnpkg.com/winston/-/winston-3.14.2.tgz#94ce5fd26d374f563c969d12f0cd9c641065adab\""\n-  integrity sha512-CO8cdpBB2yqzEf8v895L+GNKYJiEq8eKlHU38af3snQBQ+sdAIUepjMSguOIJC7ICbzm0ZI+Af2If4vIJrtmOg==\n+winston-transport@^4.9.0:\n+  version \""4.9.0\""\n+  resolved \""https://registry.yarnpkg.com/winston-transport/-/winston-transport-4.9.0.tgz#3bba345de10297654ea6f33519424560003b3bf9\""\n+  integrity sha512-8drMJ4rkgaPo1Me4zD/3WLfI/zPdA9o2IipKODunnGDcuqbHwjsbB79ylv04LCGGzU0xQ6vTznOMpQGaLhhm6A==\n+  dependencies:\n+    logform \""^2.7.0\""\n+    readable-stream \""^3.6.2\""\n+    triple-beam \""^1.3.0\""\n+\n+winston@3.17.0:\n+  version \""3.17.0\""\n+  resolved \""https://registry.yarnpkg.com/winston/-/winston-3.17.0.tgz#74b8665ce9b4ea7b29d0922cfccf852a08a11423\""\n+  integrity sha512-DLiFIXYC5fMPxaRg832S6F5mJYvePtmO5G9v9IgUFPhXm9/GkXarH/TUrBAVzhTCzAj9anE/+GjrgXp/54nOgw==\n   dependencies:\n     \""@colors/colors\"" \""^1.6.0\""\n     \""@dabh/diagnostics\"" \""^2.0.2\""\n     async \""^3.2.3\""\n     is-stream \""^2.0.0\""\n-    logform \""^2.6.0\""\n+    logform \""^2.7.0\""\n     one-time \""^1.0.0\""\n     readable-stream \""^3.4.0\""\n     safe-stable-stringify \""^2.3.1\""\n     stack-trace \""0.0.x\""\n     triple-beam \""^1.3.0\""\n-    winston-transport \""^4.7.0\""\n+    winston-transport \""^4.9.0\""\n \n wrap-ansi@^7.0.0:\n   version \""7.0.0\""""

Output: List the addressed and unaddressed items, and make the final classification.
","Analysis details:
- Addressed Items:
  1. The logform dependency conflict was resolved by aligning all references to logform to a single version (^2.7.0) across the lockfile.
  2. The dependency versions for logform have been updated consistently (e.g., winston now depends on logform ""^2.7.0"").
- Unaddressed Items: None
Classification: Fully Addressed"
https://api.github.com/repos/yuriykulikov/AlarmClock/pulls/comments/1166168614,Not contain specific items.,Not contain specific items.
https://api.github.com/repos/yuriykulikov/AlarmClock/pulls/comments/1181999423,No change happened; the comment remains unaddressed.,No change happened; the comment remains unaddressed.
https://api.github.com/repos/yuriykulikov/AlarmClock/pulls/comments/1173210014,Not contain any items.,Not contain any items.
https://api.github.com/repos/yuriykulikov/AlarmClock/pulls/comments/1215434257,Not contain specific items.,Not contain specific items.
https://api.github.com/repos/yuriykulikov/AlarmClock/pulls/comments/1185631690,Not contain any items.,Not contain any items.
https://api.github.com/repos/yuriykulikov/AlarmClock/pulls/comments/1186953307,No change happened; the comment remains unaddressed.,No change happened; the comment remains unaddressed.
https://api.github.com/repos/yuriykulikov/AlarmClock/pulls/comments/1177205361,Not contain any items.,Not contain any items.
https://api.github.com/repos/yuriykulikov/AlarmClock/pulls/comments/1181130886,No change happened; the comment remains unaddressed.,No change happened; the comment remains unaddressed.
https://api.github.com/repos/yuriykulikov/AlarmClock/pulls/comments/1181027783,Not contain specific items.,Not contain specific items.
https://api.github.com/repos/sidhantpanda/docker-express-typescript-boilerplate/pulls/comments/1248781016,"Input Format:
Code Review:
- Reviewed Path: The file path of the code change.
- Reviewed Change: The code change under review. (""+"" indicates added lines, ""-"" indicates removed lines)
- Review Comment: A list of issues or suggestions for the above changes.
Subsequent Code Changes: A cumulative code changes made to the reviewed file after the review.

Task: For each item in the Review Comment, analyze whether it has been addressed by the Subsequent Code Changes by determining if:
- The issue has been completely resolved.
- The suggestion has been completely followed. (If the suggestion includes concrete code examples, it does not need to be followed exactly. As long as the code change serves the same intended purpose, the suggestion can be considered addressed.)
After completing the analysis, classify the entire review comment into one of the following categories:
- Not Addressed: None of the issues or suggestions have been addressed by the Subsequent Code Changes.
- Partly Addressed: Some but not all issues or suggestions have been addressed.
- Fully Addressed: All issues or suggestions have been addressed.
If the code relevant to the Review Comment has been completely removed in the Subsequent Code Changes, and it is not possible to determine whether the removal was an intentional response to the comment, you can classify it as ""Not Enough Information"".

Output Format:
Analysis details:
- Addressed Items: List the issues or suggestions that have been addressed.
- Unaddressed Items: List the issues or suggestions that have not been addressed.
Classification: Based on the Addressed Items and Unaddressed Items, select one of ""Not Addressed"", ""Partly Addressed"", ""Fully Addressed"", or ""Not Enough Information"" as the final classification without more explanations.

Input:
Code Review:
- Reviewed Path: ""package.json""
- Reviewed Change: ""@@ -51,7 +51,7 @@\n     \""@types/swagger-ui-express\"": \""4.1.3\"",\n     \""@typescript-eslint/eslint-plugin\"": \""5.58.0\"",\n     \""@typescript-eslint/parser\"": \""5.58.0\"",\n-    \""eslint\"": \""8.38.0\"",\n+    \""eslint\"": \""8.44.0\"",\n     \""eslint-config-airbnb-base\"": \""15.0.0\"",\n     \""eslint-plugin-import\"": \""2.27.5\"",\n     \""jest\"": \""29.5.0\"",""
- Review Comment: ""- consider keeping all the updated dependencies at consistent versions. in the code patch, the \""@typescript-eslint/eslint-plugin\"" and \""@typescript-eslint/parser\"" packages are updated to version 5.58.0, while other packages remain at their previous versions. maintaining consistency in package versions can help prevent potential conflicts and ensure compatibility among dependencies.""

Subsequent Code Changes: Here are the cumulative modifications made to the reviewed file ""package.json"" after the Code Review.
""--- \n\n+++ \n\n@@ -51,7 +51,7 @@\n\n     \""@types/swagger-ui-express\"": \""4.1.3\"",\n     \""@typescript-eslint/eslint-plugin\"": \""5.58.0\"",\n     \""@typescript-eslint/parser\"": \""5.58.0\"",\n-    \""eslint\"": \""8.44.0\"",\n+    \""eslint\"": \""8.57.0\"",\n     \""eslint-config-airbnb-base\"": \""15.0.0\"",\n     \""eslint-plugin-import\"": \""2.27.5\"",\n     \""jest\"": \""29.5.0\"",""

Output: List the addressed and unaddressed items, and make the final classification.
","Analysis details:
- Addressed Items: None.
- Unaddressed Items: ""consider keeping all the updated dependencies at consistent versions. in the code patch, the '@typescript-eslint/eslint-plugin' and '@typescript-eslint/parser' packages are updated to version 5.58.0, while other packages remain at their previous versions. maintaining consistency in package versions can help prevent potential conflicts and ensure compatibility among dependencies.""
Classification: Not Addressed"
https://api.github.com/repos/sidhantpanda/docker-express-typescript-boilerplate/pulls/comments/1173136920,Not contain any items.,Not contain any items.
https://api.github.com/repos/clickcaramel/PolyglotRocks/pulls/comments/1228447121,"Input Format:
Code Review:
- Reviewed Path: The file path of the code change.
- Reviewed Change: The code change under review. (""+"" indicates added lines, ""-"" indicates removed lines)
- Review Comment: A list of issues or suggestions for the above changes.
Subsequent Code Changes: A cumulative code changes made to the reviewed file after the review.

Task: For each item in the Review Comment, analyze whether it has been addressed by the Subsequent Code Changes by determining if:
- The issue has been completely resolved.
- The suggestion has been completely followed. (If the suggestion includes concrete code examples, it does not need to be followed exactly. As long as the code change serves the same intended purpose, the suggestion can be considered addressed.)
After completing the analysis, classify the entire review comment into one of the following categories:
- Not Addressed: None of the issues or suggestions have been addressed by the Subsequent Code Changes.
- Partly Addressed: Some but not all issues or suggestions have been addressed.
- Fully Addressed: All issues or suggestions have been addressed.
If the code relevant to the Review Comment has been completely removed in the Subsequent Code Changes, and it is not possible to determine whether the removal was an intentional response to the comment, you can classify it as ""Not Enough Information"".

Output Format:
Analysis details:
- Addressed Items: List the issues or suggestions that have been addressed.
- Unaddressed Items: List the issues or suggestions that have not been addressed.
Classification: Based on the Addressed Items and Unaddressed Items, select one of ""Not Addressed"", ""Partly Addressed"", ""Fully Addressed"", or ""Not Enough Information"" as the final classification without more explanations.

Input:
Code Review:
- Reviewed Path: ""bin/polyglot""
- Reviewed Change: ""@@ -387,7 +387,7 @@ if [ \""$clear_cache\"" == true ]; then\n     fi\n \n     echo \""{}\"" > \""$prev_translations_file\""\n-    echo \""\"" > \""$backup_langs_file\""\n+    rm \""$backup_langs_file\""\n     echo 'Cache is successfully cleared'\n     exit 0\n fi\n@@ -431,6 +431,7 @@ fi\n \n if [ -z \""`grep -l '=' $langs_path/*.lproj/*.strings | grep -v '/en.lproj/'`\"" ]; then\n     echo \""{}\"" > \""$prev_translations_file\""\n+    rm \""$backup_langs_file\""\n fi\n \n escaped_langs_path=\""`escape_for_sed $langs_path`\""""
- Review Comment: ""- in line 387, it would be good to use a more suitable command to empty the file `$backup_langs_file`. instead of `rm`, using `> \""$backup_langs_file\""` or `echo -n > \""$backup_langs_file\""` can ensure that the file is emptied without removing it.\n- in line 401, `$langs_path` should better be checked for existence before proceeding with further operations.\n- in line 408, the variable `$escaped_langs_path` is initialized using an undefined function `escape_for_sed`. this function should be defined somewhere else in the code or imported from an external script. additionally, it's good to add a check if the function exists before proceeding with further operations.""

Subsequent Code Changes: Here are the cumulative modifications made to the reviewed file ""bin/polyglot"" after the Code Review.
""--- \n\n+++ \n\n@@ -247,16 +247,28 @@\n\n         jq-osx-amd64 \""$@\""\n     }\n     export -f jq\n+\n+    calc_md5() {\n+        echo \""$1\"" | md5\n+    }\n else\n     jq() {\n         jq-linux64 \""$@\""\n     }\n     export -f jq\n+\n+    calc_md5() {\n+        echo \""$1\"" | md5sum | cut -d ' ' -f 1\n+    }\n fi\n \n backup_root=\""/tmp\""\n if [ -n \""$GITHUB_HEAD_REF\"" ]; then\n     backup_root=\""./tmp\""\n+fi\n+\n+if [ -z $project_path ] ; then\n+    project_path=\""${PROJECT_DIR:-./}\""\n fi\n \n if [ -n \""$product_id\"" ]; then\n@@ -271,7 +283,8 @@\n\n     fi\n \n     branch=`echo \""$branch\"" | tr -d '/()'`\n-    backup_path=\""$backup_root/$product_id/$branch\""\n+    project_path_hash=`calc_md5 \""$project_path\""`\n+    backup_path=\""$backup_root/$product_id/$branch/$project_path_hash\""\n     backup_file='.last_used_manual_translations'\n     backup_langs_file=\""$backup_path/.languages\""\n     prev_translations_file=\""$backup_path/$backup_file\""\n@@ -297,14 +310,6 @@\n\n response_to_js_map() {\n     fixed_response=`echo \""$1\"" | sed -e \""s/$escaped_quote/$quote_placeholder/g\""`\n     echo \""$fixed_response\"" | jq -r 'map( { (.stringId|tostring): (.translations + {description: .description, desiredMaxLength: .desiredMaxLength}) } ) | add | del(.[].stringId)'\n-}\n-\n-calc_md5() {\n-    if [ $is_mac_os = true ]; then\n-        echo \""$1\"" | md5\n-    else\n-        echo \""$1\"" | md5sum | cut -d ' ' -f 1\n-    fi\n }\n \n find_duplicates() {\n@@ -392,10 +397,6 @@\n\n     exit 0\n fi\n \n-if [ -z $project_path ] ; then\n-    project_path=\""${PROJECT_DIR:-./}\""\n-fi\n-\n if [ -z $product_id ] ; then\n     echo 'Product id is not specified. Use $PRODUCT_BUNDLE_IDENTIFIER for this'\n     exit 1\n@@ -431,7 +432,6 @@\n\n \n if [ -z \""`grep -l '=' $langs_path/*.lproj/*.strings | grep -v '/en.lproj/'`\"" ]; then\n     echo \""{}\"" > \""$prev_translations_file\""\n-    rm \""$backup_langs_file\""\n fi\n \n escaped_langs_path=\""`escape_for_sed $langs_path`\""""

Output: List the addressed and unaddressed items, and make the final classification.
","Addressed Items:
• The handling of $backup_langs_file in the grep branch has been changed (the “rm” call at line 431 was removed).

Unaddressed Items:
• In the clear_cache block (line 387), the use of “rm” on $backup_langs_file remains instead of emptying it as suggested.
• No check has been added for the existence of $langs_path (line 401).
• The function escape_for_sed (used when initializing $escaped_langs_path on line 408) is still undefined and unchecked.

Classification: Partly Addressed"
https://api.github.com/repos/sidhantpanda/docker-express-typescript-boilerplate/pulls/comments/1224842316,Not contain specific items.,Not contain specific items.
https://api.github.com/repos/sidhantpanda/docker-express-typescript-boilerplate/pulls/comments/1237612286,Not contain specific items.,Not contain specific items.
https://api.github.com/repos/clickcaramel/PolyglotRocks/pulls/comments/1229921212,"Input Format:
Code Review:
- Reviewed Path: The file path of the code change.
- Reviewed Change: The code change under review. (""+"" indicates added lines, ""-"" indicates removed lines)
- Review Comment: A list of issues or suggestions for the above changes.
Subsequent Code Changes: A cumulative code changes made to the reviewed file after the review.

Task: For each item in the Review Comment, analyze whether it has been addressed by the Subsequent Code Changes by determining if:
- The issue has been completely resolved.
- The suggestion has been completely followed. (If the suggestion includes concrete code examples, it does not need to be followed exactly. As long as the code change serves the same intended purpose, the suggestion can be considered addressed.)
After completing the analysis, classify the entire review comment into one of the following categories:
- Not Addressed: None of the issues or suggestions have been addressed by the Subsequent Code Changes.
- Partly Addressed: Some but not all issues or suggestions have been addressed.
- Fully Addressed: All issues or suggestions have been addressed.
If the code relevant to the Review Comment has been completely removed in the Subsequent Code Changes, and it is not possible to determine whether the removal was an intentional response to the comment, you can classify it as ""Not Enough Information"".

Output Format:
Analysis details:
- Addressed Items: List the issues or suggestions that have been addressed.
- Unaddressed Items: List the issues or suggestions that have not been addressed.
Classification: Based on the Addressed Items and Unaddressed Items, select one of ""Not Addressed"", ""Partly Addressed"", ""Fully Addressed"", or ""Not Enough Information"" as the final classification without more explanations.

Input:
Code Review:
- Reviewed Path: ""bin/polyglot""
- Reviewed Change: ""@@ -247,18 +247,31 @@ if [ $is_mac_os = true ]; then\n         jq-osx-amd64 \""$@\""\n     }\n     export -f jq\n+\n+    calc_md5() {\n+        echo \""$1\"" | md5\n+    }\n else\n     jq() {\n         jq-linux64 \""$@\""\n     }\n     export -f jq\n+\n+    calc_md5() {\n+        echo \""$1\"" | md5sum | cut -d ' ' -f 1\n+    }\n fi\n \n+\n backup_root=\""/tmp\""\n if [ -n \""$GITHUB_HEAD_REF\"" ]; then\n     backup_root=\""./tmp\""\n fi\n \n+if [ -z $project_path ] ; then\n+    project_path=\""${PROJECT_DIR:-./}\""\n+fi\n+\n if [ -n \""$product_id\"" ]; then\n     branch=`git rev-parse --abbrev-ref HEAD 2> /dev/null`\n \n@@ -271,7 +284,8 @@ if [ -n \""$product_id\"" ]; then\n     fi\n \n     branch=`echo \""$branch\"" | tr -d '/()'`\n-    backup_path=\""$backup_root/$product_id/$branch\""\n+    project_path_hash=`calc_md5 \""$project_path\""`\n+    backup_path=\""$backup_root/$product_id/$branch/$project_path_hash\""\n     backup_file='.last_used_manual_translations'\n     backup_langs_file=\""$backup_path/.languages\""\n     prev_translations_file=\""$backup_path/$backup_file\""\n@@ -299,14 +313,6 @@ response_to_js_map() {\n     echo \""$fixed_response\"" | jq -r 'map( { (.stringId|tostring): (.translations + {description: .description, desiredMaxLength: .desiredMaxLength}) } ) | add | del(.[].stringId)'\n }\n \n-calc_md5() {\n-    if [ $is_mac_os = true ]; then\n-        echo \""$1\"" | md5\n-    else\n-        echo \""$1\"" | md5sum | cut -d ' ' -f 1\n-    fi\n-}\n-\n find_duplicates() {\n     echo `echo \""$1\"" | sort | sed -e 's/\""\\(.*\\)\"" *= *.*;/\\1/' | uniq -c | grep -v \""^\\s*$\\|^.*\\/\\/\"" | grep -v '^ *1 '`\n }\n@@ -387,15 +393,11 @@ if [ \""$clear_cache\"" == true ]; then\n     fi\n \n     echo \""{}\"" > \""$prev_translations_file\""\n-    echo \""\"" > \""$backup_langs_file\""\n+    rm \""$backup_langs_file\""\n     echo 'Cache is successfully cleared'\n     exit 0\n fi\n \n-if [ -z $project_path ] ; then\n-    project_path=\""${PROJECT_DIR:-./}\""\n-fi\n-\n if [ -z $product_id ] ; then\n     echo 'Product id is not specified. Use $PRODUCT_BUNDLE_IDENTIFIER for this'\n     exit 1""
- Review Comment: ""1. the function calc_md5() is defined twice which is not necessary since it could be defined once and be shared by both operating systems.\n2. the script should always check if $project_path exists before using it to avoid any potential errors caused by scripts being executed from the wrong directory.\n3. the rm command in line 396 to delete a file didn't include a nullability check of the file's existence, so it would throw an error if said file doesn't exist.""

Subsequent Code Changes: Here are the cumulative modifications made to the reviewed file ""bin/polyglot"" after the Code Review.
""--- \n\n+++ \n\n@@ -262,7 +262,6 @@\n\n     }\n fi\n \n-\n backup_root=\""/tmp\""\n if [ -n \""$GITHUB_HEAD_REF\"" ]; then\n     backup_root=\""./tmp\""""

Output: List the addressed and unaddressed items, and make the final classification.
","Analysis details:
- Addressed Items: None
- Unaddressed Items: 
  • The calc_md5() function remains defined in both the macOS and Linux branches instead of unifying it into a single shared definition.
  • The check for the existence of $project_path is still only verifying that the variable is set (or not empty) rather than verifying that the referenced directory exists.
  • The rm command for deleting the backup languages file does not check whether the file exists before attempting to delete it.
Classification: Not Addressed"
https://api.github.com/repos/sidhantpanda/docker-express-typescript-boilerplate/pulls/comments/1290559513,Not contain specific items.,Not contain specific items.
https://api.github.com/repos/sidhantpanda/docker-express-typescript-boilerplate/pulls/comments/1185399022,"Input Format:
Code Review:
- Reviewed Path: The file path of the code change.
- Reviewed Change: The code change under review. (""+"" indicates added lines, ""-"" indicates removed lines)
- Review Comment: A list of issues or suggestions for the above changes.
Subsequent Code Changes: A cumulative code changes made to the reviewed file after the review.

Task: For each item in the Review Comment, analyze whether it has been addressed by the Subsequent Code Changes by determining if:
- The issue has been completely resolved.
- The suggestion has been completely followed. (If the suggestion includes concrete code examples, it does not need to be followed exactly. As long as the code change serves the same intended purpose, the suggestion can be considered addressed.)
After completing the analysis, classify the entire review comment into one of the following categories:
- Not Addressed: None of the issues or suggestions have been addressed by the Subsequent Code Changes.
- Partly Addressed: Some but not all issues or suggestions have been addressed.
- Fully Addressed: All issues or suggestions have been addressed.
If the code relevant to the Review Comment has been completely removed in the Subsequent Code Changes, and it is not possible to determine whether the removal was an intentional response to the comment, you can classify it as ""Not Enough Information"".

Output Format:
Analysis details:
- Addressed Items: List the issues or suggestions that have been addressed.
- Unaddressed Items: List the issues or suggestions that have not been addressed.
Classification: Based on the Addressed Items and Unaddressed Items, select one of ""Not Addressed"", ""Partly Addressed"", ""Fully Addressed"", or ""Not Enough Information"" as the final classification without more explanations.

Input:
Code Review:
- Reviewed Path: ""Dockerfile""
- Reviewed Change: ""@@ -1,4 +1,4 @@\n-FROM node:18.16.0-alpine as base\n+FROM node:20.1.0-alpine as base\n \n # Add package file\n COPY package.json ./\n@@ -17,7 +17,7 @@ COPY openapi.yml ./openapi.yml\n RUN yarn build\n \n # Start production image build\n-FROM node:18.16.0-alpine\n+FROM node:20.1.0-alpine\n \n # Copy node modules and build directory\n COPY --from=base ./node_modules ./node_modules""
- Review Comment: ""- specify the version of yarn used during the build step explicitly in the dockerfile to ensure consistency across environments.\n- run yarn install before copying package.json to take advantage of the caching mechanism in docker and speed up builds when changes are made only to the application's code, instead of the dependencies.\n- add labels to the production image with useful information such as the version number and source repository to facilitate further management of images.""

Subsequent Code Changes: Here are the cumulative modifications made to the reviewed file ""Dockerfile"" after the Code Review.
""--- \n\n+++ \n\n@@ -1,4 +1,4 @@\n\n-FROM node:20.1.0-alpine as base\n+FROM node:20.11.1-alpine as base\n \n # Add package file\n COPY package.json ./\n@@ -17,7 +17,7 @@\n\n RUN yarn build\n \n # Start production image build\n-FROM node:20.1.0-alpine\n+FROM node:20.11.1-alpine\n \n # Copy node modules and build directory\n COPY --from=base ./node_modules ./node_modules""

Output: List the addressed and unaddressed items, and make the final classification.
","Analysis details:
- Addressed Items: None
- Unaddressed Items:
  • specify the version of yarn used during the build step explicitly in the dockerfile
  • run yarn install before copying package.json to take advantage of the caching mechanism in docker
  • add labels to the production image with useful information such as the version number and source repository
Classification: Not Addressed"
https://api.github.com/repos/sidhantpanda/docker-express-typescript-boilerplate/pulls/comments/1322047643,Not contain any items.,Not contain any items.
https://api.github.com/repos/yuriykulikov/AlarmClock/pulls/comments/1181243616,"Input Format:
Code Review:
- Reviewed Path: The file path of the code change.
- Reviewed Change: The code change under review. (""+"" indicates added lines, ""-"" indicates removed lines)
- Review Comment: A list of issues or suggestions for the above changes.
Subsequent Code Changes: A cumulative code changes made to the reviewed file after the review.

Task: For each item in the Review Comment, analyze whether it has been addressed by the Subsequent Code Changes by determining if:
- The issue has been completely resolved.
- The suggestion has been completely followed. (If the suggestion includes concrete code examples, it does not need to be followed exactly. As long as the code change serves the same intended purpose, the suggestion can be considered addressed.)
After completing the analysis, classify the entire review comment into one of the following categories:
- Not Addressed: None of the issues or suggestions have been addressed by the Subsequent Code Changes.
- Partly Addressed: Some but not all issues or suggestions have been addressed.
- Fully Addressed: All issues or suggestions have been addressed.
If the code relevant to the Review Comment has been completely removed in the Subsequent Code Changes, and it is not possible to determine whether the removal was an intentional response to the comment, you can classify it as ""Not Enough Information"".

Output Format:
Analysis details:
- Addressed Items: List the issues or suggestions that have been addressed.
- Unaddressed Items: List the issues or suggestions that have not been addressed.
Classification: Based on the Addressed Items and Unaddressed Items, select one of ""Not Addressed"", ""Partly Addressed"", ""Fully Addressed"", or ""Not Enough Information"" as the final classification without more explanations.

Input:
Code Review:
- Reviewed Path: ""app/build.gradle.kts""
- Reviewed Change: ""@@ -152,7 +152,7 @@ dependencies {\n   implementation(\""io.reactivex.rxjava2:rxjava:2.2.21\"")\n   implementation(\""io.reactivex.rxjava2:rxandroid:2.1.1\"")\n   implementation(\""io.insert-koin:koin-core:3.4.0\"")\n-  implementation(\""androidx.fragment:fragment:1.5.6\"")\n+  implementation(\""androidx.fragment:fragment:1.5.7\"")\n   // TODO remove this when we don't use it anymore\n   implementation(\""androidx.preference:preference:1.2.0\"")\n   // resolves duplicate class caused by androidx.preference:preference:1.2.0""
- Review Comment: ""- an improvement suggestion could be to remove the commented-out line of code related to removing a certain dependency in the future, as it makes the code harder to read and can potentially cause confusion for other developers working on the same codebase.""

Subsequent Code Changes: Here are the cumulative modifications made to the reviewed file ""app/build.gradle.kts"" after the Code Review.
""--- \n\n+++ \n\n@@ -145,13 +145,13 @@\n\n }\n \n dependencies {\n-  val coroutinesVersion = \""1.6.4\""\n+  val coroutinesVersion = \""1.7.1\""\n   val serializationVersion = \""1.5.0\""\n   implementation(\""ch.acra:acra-mail:5.10.0-beta03\"")\n   implementation(\""com.melnykov:floatingactionbutton:1.3.0\"")\n   implementation(\""io.reactivex.rxjava2:rxjava:2.2.21\"")\n   implementation(\""io.reactivex.rxjava2:rxandroid:2.1.1\"")\n-  implementation(\""io.insert-koin:koin-core:3.4.0\"")\n+  implementation(\""io.insert-koin:koin-core:3.4.1\"")\n   implementation(\""androidx.fragment:fragment:1.5.7\"")\n   // TODO remove this when we don't use it anymore\n   implementation(\""androidx.preference:preference:1.2.0\"")""

Output: List the addressed and unaddressed items, and make the final classification.
","Analysis details:
- Addressed Items: None
- Unaddressed Items: The suggestion to remove the commented-out line (""// TODO remove this when we don't use it anymore"") has not been addressed, as it still remains in the file.
Classification: Not Addressed"
https://api.github.com/repos/sidhantpanda/docker-express-typescript-boilerplate/pulls/comments/1330860692,Not contain specific items.,Not contain specific items.
https://api.github.com/repos/sidhantpanda/docker-express-typescript-boilerplate/pulls/comments/1788535356,"Input Format:
Code Review:
- Reviewed Path: The file path of the code change.
- Reviewed Change: The code change under review. (""+"" indicates added lines, ""-"" indicates removed lines)
- Review Comment: A list of issues or suggestions for the above changes.
Subsequent Code Changes: A cumulative code changes made to the reviewed file after the review.

Task: For each item in the Review Comment, analyze whether it has been addressed by the Subsequent Code Changes by determining if:
- The issue has been completely resolved.
- The suggestion has been completely followed. (If the suggestion includes concrete code examples, it does not need to be followed exactly. As long as the code change serves the same intended purpose, the suggestion can be considered addressed.)
After completing the analysis, classify the entire review comment into one of the following categories:
- Not Addressed: None of the issues or suggestions have been addressed by the Subsequent Code Changes.
- Partly Addressed: Some but not all issues or suggestions have been addressed.
- Fully Addressed: All issues or suggestions have been addressed.
If the code relevant to the Review Comment has been completely removed in the Subsequent Code Changes, and it is not possible to determine whether the removal was an intentional response to the comment, you can classify it as ""Not Enough Information"".

Output Format:
Analysis details:
- Addressed Items: List the issues or suggestions that have been addressed.
- Unaddressed Items: List the issues or suggestions that have not been addressed.
Classification: Based on the Addressed Items and Unaddressed Items, select one of ""Not Addressed"", ""Partly Addressed"", ""Fully Addressed"", or ""Not Enough Information"" as the final classification without more explanations.

Input:
Code Review:
- Reviewed Path: ""yarn.lock""
- Reviewed Change: ""@@ -3371,7 +3371,7 @@ lodash.merge@^4.6.2:\n   resolved \""https://registry.yarnpkg.com/lodash.merge/-/lodash.merge-4.6.2.tgz#558aa53b43b661e1925a0afdfa36a9a1085fe57a\""\n   integrity sha512-0KpjqXRVvrYyCsX1swR/XTK0va6VQkQM6MNo7PqW77ByjAhoARA8EfrP1N4+KlKj8YS0ZUCtRT/YUuhyYDujIQ==\n \n-logform@^2.3.2, logform@^2.4.0:\n+logform@^2.3.2:\n   version \""2.6.0\""\n   resolved \""https://registry.yarnpkg.com/logform/-/logform-2.6.0.tgz#8c82a983f05d6eaeb2d75e3decae7a768b2bf9b5\""\n   integrity sha512-1ulHeNPp6k/LD8H91o7VYFBng5i1BDE7HoKxVbZiGFidS1Rj65qcywLxX+pVfAPoQJEjRdvKcusKwOupHCVOVQ==\n@@ -3383,6 +3383,18 @@ logform@^2.3.2, logform@^2.4.0:\n     safe-stable-stringify \""^2.3.1\""\n     triple-beam \""^1.3.0\""\n \n+logform@^2.6.0:\n+  version \""2.6.1\""\n+  resolved \""https://registry.yarnpkg.com/logform/-/logform-2.6.1.tgz#71403a7d8cae04b2b734147963236205db9b3df0\""\n+  integrity sha512-CdaO738xRapbKIMVn2m4F6KTj4j7ooJ8POVnebSgKo3KBz5axNXRAL7ZdRjIV6NOr2Uf4vjtRkxrFETOioCqSA==\n+  dependencies:\n+    \""@colors/colors\"" \""1.6.0\""\n+    \""@types/triple-beam\"" \""^1.3.2\""\n+    fecha \""^4.2.0\""\n+    ms \""^2.1.1\""\n+    safe-stable-stringify \""^2.3.1\""\n+    triple-beam \""^1.3.0\""\n+\n lru-cache@^5.1.1:\n   version \""5.1.1\""\n   resolved \""https://registry.yarnpkg.com/lru-cache/-/lru-cache-5.1.1.tgz#1da27e6710271947695daf6848e847f01d84b920\""\n@@ -4651,16 +4663,16 @@ winston-transport@4.7.0, winston-transport@^4.7.0:\n     readable-stream \""^3.6.0\""\n     triple-beam \""^1.3.0\""\n \n-winston@3.12.0:\n-  version \""3.12.0\""\n-  resolved \""https://registry.yarnpkg.com/winston/-/winston-3.12.0.tgz#a5d965a41d3dc31be5408f8c66e927958846c0d0\""\n-  integrity sha512-OwbxKaOlESDi01mC9rkM0dQqQt2I8DAUMRLZ/HpbwvDXm85IryEHgoogy5fziQy38PntgZsLlhAYHz//UPHZ5w==\n+winston@3.15.0:\n+  version \""3.15.0\""\n+  resolved \""https://registry.yarnpkg.com/winston/-/winston-3.15.0.tgz#4df7b70be091bc1a38a4f45b969fa79589b73ff5\""\n+  integrity sha512-RhruH2Cj0bV0WgNL+lOfoUBI4DVfdUNjVnJGVovWZmrcKtrFTTRzgXYK2O9cymSGjrERCtaAeHwMNnUWXlwZow==\n   dependencies:\n     \""@colors/colors\"" \""^1.6.0\""\n     \""@dabh/diagnostics\"" \""^2.0.2\""\n     async \""^3.2.3\""\n     is-stream \""^2.0.0\""\n-    logform \""^2.4.0\""\n+    logform \""^2.6.0\""\n     one-time \""^1.0.0\""\n     readable-stream \""^3.4.0\""\n     safe-stable-stringify \""^2.3.1\""""
- Review Comment: ""- consider always using specific dependency versions rather than ranges (`^`) to prevent unexpected behavior due to changes in third-party libraries.\n- ensure consistency in versioning; for example, while some dependencies have precise versions specified like `\""triple-beam\"": \""^1.3.0\""`, others might have broader bounds like `\""readable-stream\"": \""^3.6.0\""`. consider reviewing and harmonizing this for better stability.""

Subsequent Code Changes: Here are the cumulative modifications made to the reviewed file ""yarn.lock"" after the Code Review.
""--- \n\n+++ \n\n@@ -3383,10 +3383,10 @@\n\n     safe-stable-stringify \""^2.3.1\""\n     triple-beam \""^1.3.0\""\n \n-logform@^2.6.0:\n-  version \""2.6.1\""\n-  resolved \""https://registry.yarnpkg.com/logform/-/logform-2.6.1.tgz#71403a7d8cae04b2b734147963236205db9b3df0\""\n-  integrity sha512-CdaO738xRapbKIMVn2m4F6KTj4j7ooJ8POVnebSgKo3KBz5axNXRAL7ZdRjIV6NOr2Uf4vjtRkxrFETOioCqSA==\n+logform@^2.7.0:\n+  version \""2.7.0\""\n+  resolved \""https://registry.yarnpkg.com/logform/-/logform-2.7.0.tgz#cfca97528ef290f2e125a08396805002b2d060d1\""\n+  integrity sha512-TFYA4jnP7PVbmlBIfhlSe+WKxs9dklXMTEGcBCIvLhE/Tn3H6Gk1norupVW7m5Cnd4bLcr08AytbyV/xj7f/kQ==\n   dependencies:\n     \""@colors/colors\"" \""1.6.0\""\n     \""@types/triple-beam\"" \""^1.3.2\""\n@@ -3922,7 +3922,7 @@\n\n   resolved \""https://registry.yarnpkg.com/react-is/-/react-is-18.2.0.tgz#199431eeaaa2e09f86427efbb4f1473edb47609b\""\n   integrity sha512-xWGDIW6x921xtzPkhiULtthJHoJvBbF3q26fzloPCK0hsvxtPVelvftw3zjbHWSkR2km9Z+4uxbDDK/6Zw9B8w==\n \n-readable-stream@^3.4.0, readable-stream@^3.6.0:\n+readable-stream@^3.4.0, readable-stream@^3.6.0, readable-stream@^3.6.2:\n   version \""3.6.2\""\n   resolved \""https://registry.yarnpkg.com/readable-stream/-/readable-stream-3.6.2.tgz#56a9b36ea965c00c5a93ef31eb111a0f11056967\""\n   integrity sha512-9u/sniCrY3D5WdsERHzHE4G2YCXqoG5FTHUiCC4SIbr6XcLZBY05ya9EKjYek9O5xOAwjGq+1JdGBAS7Q9ScoA==\n@@ -4654,7 +4654,7 @@\n\n   dependencies:\n     isexe \""^2.0.0\""\n \n-winston-transport@4.7.0, winston-transport@^4.7.0:\n+winston-transport@4.7.0:\n   version \""4.7.0\""\n   resolved \""https://registry.yarnpkg.com/winston-transport/-/winston-transport-4.7.0.tgz#e302e6889e6ccb7f383b926df6936a5b781bd1f0\""\n   integrity sha512-ajBj65K5I7denzer2IYW6+2bNIVqLGDHqDw3Ow8Ohh+vdW+rv4MZ6eiDvHoKhfJFZ2auyN8byXieDDJ96ViONg==\n@@ -4663,22 +4663,31 @@\n\n     readable-stream \""^3.6.0\""\n     triple-beam \""^1.3.0\""\n \n-winston@3.15.0:\n-  version \""3.15.0\""\n-  resolved \""https://registry.yarnpkg.com/winston/-/winston-3.15.0.tgz#4df7b70be091bc1a38a4f45b969fa79589b73ff5\""\n-  integrity sha512-RhruH2Cj0bV0WgNL+lOfoUBI4DVfdUNjVnJGVovWZmrcKtrFTTRzgXYK2O9cymSGjrERCtaAeHwMNnUWXlwZow==\n+winston-transport@^4.9.0:\n+  version \""4.9.0\""\n+  resolved \""https://registry.yarnpkg.com/winston-transport/-/winston-transport-4.9.0.tgz#3bba345de10297654ea6f33519424560003b3bf9\""\n+  integrity sha512-8drMJ4rkgaPo1Me4zD/3WLfI/zPdA9o2IipKODunnGDcuqbHwjsbB79ylv04LCGGzU0xQ6vTznOMpQGaLhhm6A==\n+  dependencies:\n+    logform \""^2.7.0\""\n+    readable-stream \""^3.6.2\""\n+    triple-beam \""^1.3.0\""\n+\n+winston@3.17.0:\n+  version \""3.17.0\""\n+  resolved \""https://registry.yarnpkg.com/winston/-/winston-3.17.0.tgz#74b8665ce9b4ea7b29d0922cfccf852a08a11423\""\n+  integrity sha512-DLiFIXYC5fMPxaRg832S6F5mJYvePtmO5G9v9IgUFPhXm9/GkXarH/TUrBAVzhTCzAj9anE/+GjrgXp/54nOgw==\n   dependencies:\n     \""@colors/colors\"" \""^1.6.0\""\n     \""@dabh/diagnostics\"" \""^2.0.2\""\n     async \""^3.2.3\""\n     is-stream \""^2.0.0\""\n-    logform \""^2.6.0\""\n+    logform \""^2.7.0\""\n     one-time \""^1.0.0\""\n     readable-stream \""^3.4.0\""\n     safe-stable-stringify \""^2.3.1\""\n     stack-trace \""0.0.x\""\n     triple-beam \""^1.3.0\""\n-    winston-transport \""^4.7.0\""\n+    winston-transport \""^4.9.0\""\n \n wrap-ansi@^7.0.0:\n   version \""7.0.0\""""

Output: List the addressed and unaddressed items, and make the final classification.
","Analysis details:
- Addressed Items: None.
- Unaddressed Items: 
  • Consider always using specific dependency versions rather than ranges.
  • Ensure consistency in versioning (harmonizing version bounds across dependencies).

Classification: Not Addressed"
https://api.github.com/repos/sidhantpanda/docker-express-typescript-boilerplate/pulls/comments/1341746039,Not contain specific items.,Not contain specific items.
https://api.github.com/repos/sidhantpanda/docker-express-typescript-boilerplate/pulls/comments/1372279602,Not contain specific items.,Not contain specific items.
https://api.github.com/repos/sidhantpanda/docker-express-typescript-boilerplate/pulls/comments/1369523460,Not contain any items.,Not contain any items.
https://api.github.com/repos/sidhantpanda/docker-express-typescript-boilerplate/pulls/comments/1372279716,Not contain specific items.,Not contain specific items.
https://api.github.com/repos/sidhantpanda/docker-express-typescript-boilerplate/pulls/comments/1369522886,Not contain specific items.,Not contain specific items.
https://api.github.com/repos/sidhantpanda/docker-express-typescript-boilerplate/pulls/comments/1385666988,Not contain specific items.,Not contain specific items.
https://api.github.com/repos/sidhantpanda/docker-express-typescript-boilerplate/pulls/comments/1377430588,Not contain any items.,Not contain any items.
https://api.github.com/repos/sidhantpanda/docker-express-typescript-boilerplate/pulls/comments/1673288007,"Input Format:
Code Review:
- Reviewed Path: The file path of the code change.
- Reviewed Change: The code change under review. (""+"" indicates added lines, ""-"" indicates removed lines)
- Review Comment: A list of issues or suggestions for the above changes.
Subsequent Code Changes: A cumulative code changes made to the reviewed file after the review.

Task: For each item in the Review Comment, analyze whether it has been addressed by the Subsequent Code Changes by determining if:
- The issue has been completely resolved.
- The suggestion has been completely followed. (If the suggestion includes concrete code examples, it does not need to be followed exactly. As long as the code change serves the same intended purpose, the suggestion can be considered addressed.)
After completing the analysis, classify the entire review comment into one of the following categories:
- Not Addressed: None of the issues or suggestions have been addressed by the Subsequent Code Changes.
- Partly Addressed: Some but not all issues or suggestions have been addressed.
- Fully Addressed: All issues or suggestions have been addressed.
If the code relevant to the Review Comment has been completely removed in the Subsequent Code Changes, and it is not possible to determine whether the removal was an intentional response to the comment, you can classify it as ""Not Enough Information"".

Output Format:
Analysis details:
- Addressed Items: List the issues or suggestions that have been addressed.
- Unaddressed Items: List the issues or suggestions that have not been addressed.
Classification: Based on the Addressed Items and Unaddressed Items, select one of ""Not Addressed"", ""Partly Addressed"", ""Fully Addressed"", or ""Not Enough Information"" as the final classification without more explanations.

Input:
Code Review:
- Reviewed Path: ""yarn.lock""
- Reviewed Change: ""@@ -3371,7 +3371,7 @@ lodash.merge@^4.6.2:\n   resolved \""https://registry.yarnpkg.com/lodash.merge/-/lodash.merge-4.6.2.tgz#558aa53b43b661e1925a0afdfa36a9a1085fe57a\""\n   integrity sha512-0KpjqXRVvrYyCsX1swR/XTK0va6VQkQM6MNo7PqW77ByjAhoARA8EfrP1N4+KlKj8YS0ZUCtRT/YUuhyYDujIQ==\n \n-logform@^2.3.2, logform@^2.4.0:\n+logform@^2.3.2:\n   version \""2.6.0\""\n   resolved \""https://registry.yarnpkg.com/logform/-/logform-2.6.0.tgz#8c82a983f05d6eaeb2d75e3decae7a768b2bf9b5\""\n   integrity sha512-1ulHeNPp6k/LD8H91o7VYFBng5i1BDE7HoKxVbZiGFidS1Rj65qcywLxX+pVfAPoQJEjRdvKcusKwOupHCVOVQ==\n@@ -3383,6 +3383,18 @@ logform@^2.3.2, logform@^2.4.0:\n     safe-stable-stringify \""^2.3.1\""\n     triple-beam \""^1.3.0\""\n \n+logform@^2.6.0:\n+  version \""2.6.1\""\n+  resolved \""https://registry.yarnpkg.com/logform/-/logform-2.6.1.tgz#71403a7d8cae04b2b734147963236205db9b3df0\""\n+  integrity sha512-CdaO738xRapbKIMVn2m4F6KTj4j7ooJ8POVnebSgKo3KBz5axNXRAL7ZdRjIV6NOr2Uf4vjtRkxrFETOioCqSA==\n+  dependencies:\n+    \""@colors/colors\"" \""1.6.0\""\n+    \""@types/triple-beam\"" \""^1.3.2\""\n+    fecha \""^4.2.0\""\n+    ms \""^2.1.1\""\n+    safe-stable-stringify \""^2.3.1\""\n+    triple-beam \""^1.3.0\""\n+\n lru-cache@^5.1.1:\n   version \""5.1.1\""\n   resolved \""https://registry.yarnpkg.com/lru-cache/-/lru-cache-5.1.1.tgz#1da27e6710271947695daf6848e847f01d84b920\""\n@@ -4651,16 +4663,16 @@ winston-transport@4.7.0, winston-transport@^4.7.0:\n     readable-stream \""^3.6.0\""\n     triple-beam \""^1.3.0\""\n \n-winston@3.12.0:\n-  version \""3.12.0\""\n-  resolved \""https://registry.yarnpkg.com/winston/-/winston-3.12.0.tgz#a5d965a41d3dc31be5408f8c66e927958846c0d0\""\n-  integrity sha512-OwbxKaOlESDi01mC9rkM0dQqQt2I8DAUMRLZ/HpbwvDXm85IryEHgoogy5fziQy38PntgZsLlhAYHz//UPHZ5w==\n+winston@3.13.1:\n+  version \""3.13.1\""\n+  resolved \""https://registry.yarnpkg.com/winston/-/winston-3.13.1.tgz#53ddadb9c2332eb12cff8306413b3480dc82b6c3\""\n+  integrity sha512-SvZit7VFNvXRzbqGHsv5KSmgbEYR5EiQfDAL9gxYkRqa934Hnk++zze0wANKtMHcy/gI4W/3xmSDwlhf865WGw==\n   dependencies:\n     \""@colors/colors\"" \""^1.6.0\""\n     \""@dabh/diagnostics\"" \""^2.0.2\""\n     async \""^3.2.3\""\n     is-stream \""^2.0.0\""\n-    logform \""^2.4.0\""\n+    logform \""^2.6.0\""\n     one-time \""^1.0.0\""\n     readable-stream \""^3.4.0\""\n     safe-stable-stringify \""^2.3.1\""""
- Review Comment: ""1. **duplicate dependency entries:** in the patch, there are duplicate entries for `logform` with different versions (`^2.3.2` and `^2.6.0`). this can lead to potential conflicts or unexpected behavior during installation and runtime.\n2. **check for and remove any duplicate dependency entries across packages.**\n3. **ensure consistency in specifying dependency versions to prevent version conflicts.**\n4. **consider aligning dependencies across packages if feasible to avoid unnecessary discrepancies.**""

Subsequent Code Changes: Here are the cumulative modifications made to the reviewed file ""yarn.lock"" after the Code Review.
""--- \n\n+++ \n\n@@ -3383,10 +3383,10 @@\n\n     safe-stable-stringify \""^2.3.1\""\n     triple-beam \""^1.3.0\""\n \n-logform@^2.6.0:\n-  version \""2.6.1\""\n-  resolved \""https://registry.yarnpkg.com/logform/-/logform-2.6.1.tgz#71403a7d8cae04b2b734147963236205db9b3df0\""\n-  integrity sha512-CdaO738xRapbKIMVn2m4F6KTj4j7ooJ8POVnebSgKo3KBz5axNXRAL7ZdRjIV6NOr2Uf4vjtRkxrFETOioCqSA==\n+logform@^2.7.0:\n+  version \""2.7.0\""\n+  resolved \""https://registry.yarnpkg.com/logform/-/logform-2.7.0.tgz#cfca97528ef290f2e125a08396805002b2d060d1\""\n+  integrity sha512-TFYA4jnP7PVbmlBIfhlSe+WKxs9dklXMTEGcBCIvLhE/Tn3H6Gk1norupVW7m5Cnd4bLcr08AytbyV/xj7f/kQ==\n   dependencies:\n     \""@colors/colors\"" \""1.6.0\""\n     \""@types/triple-beam\"" \""^1.3.2\""\n@@ -3922,7 +3922,7 @@\n\n   resolved \""https://registry.yarnpkg.com/react-is/-/react-is-18.2.0.tgz#199431eeaaa2e09f86427efbb4f1473edb47609b\""\n   integrity sha512-xWGDIW6x921xtzPkhiULtthJHoJvBbF3q26fzloPCK0hsvxtPVelvftw3zjbHWSkR2km9Z+4uxbDDK/6Zw9B8w==\n \n-readable-stream@^3.4.0, readable-stream@^3.6.0:\n+readable-stream@^3.4.0, readable-stream@^3.6.0, readable-stream@^3.6.2:\n   version \""3.6.2\""\n   resolved \""https://registry.yarnpkg.com/readable-stream/-/readable-stream-3.6.2.tgz#56a9b36ea965c00c5a93ef31eb111a0f11056967\""\n   integrity sha512-9u/sniCrY3D5WdsERHzHE4G2YCXqoG5FTHUiCC4SIbr6XcLZBY05ya9EKjYek9O5xOAwjGq+1JdGBAS7Q9ScoA==\n@@ -4654,7 +4654,7 @@\n\n   dependencies:\n     isexe \""^2.0.0\""\n \n-winston-transport@4.7.0, winston-transport@^4.7.0:\n+winston-transport@4.7.0:\n   version \""4.7.0\""\n   resolved \""https://registry.yarnpkg.com/winston-transport/-/winston-transport-4.7.0.tgz#e302e6889e6ccb7f383b926df6936a5b781bd1f0\""\n   integrity sha512-ajBj65K5I7denzer2IYW6+2bNIVqLGDHqDw3Ow8Ohh+vdW+rv4MZ6eiDvHoKhfJFZ2auyN8byXieDDJ96ViONg==\n@@ -4663,22 +4663,31 @@\n\n     readable-stream \""^3.6.0\""\n     triple-beam \""^1.3.0\""\n \n-winston@3.13.1:\n-  version \""3.13.1\""\n-  resolved \""https://registry.yarnpkg.com/winston/-/winston-3.13.1.tgz#53ddadb9c2332eb12cff8306413b3480dc82b6c3\""\n-  integrity sha512-SvZit7VFNvXRzbqGHsv5KSmgbEYR5EiQfDAL9gxYkRqa934Hnk++zze0wANKtMHcy/gI4W/3xmSDwlhf865WGw==\n+winston-transport@^4.9.0:\n+  version \""4.9.0\""\n+  resolved \""https://registry.yarnpkg.com/winston-transport/-/winston-transport-4.9.0.tgz#3bba345de10297654ea6f33519424560003b3bf9\""\n+  integrity sha512-8drMJ4rkgaPo1Me4zD/3WLfI/zPdA9o2IipKODunnGDcuqbHwjsbB79ylv04LCGGzU0xQ6vTznOMpQGaLhhm6A==\n+  dependencies:\n+    logform \""^2.7.0\""\n+    readable-stream \""^3.6.2\""\n+    triple-beam \""^1.3.0\""\n+\n+winston@3.17.0:\n+  version \""3.17.0\""\n+  resolved \""https://registry.yarnpkg.com/winston/-/winston-3.17.0.tgz#74b8665ce9b4ea7b29d0922cfccf852a08a11423\""\n+  integrity sha512-DLiFIXYC5fMPxaRg832S6F5mJYvePtmO5G9v9IgUFPhXm9/GkXarH/TUrBAVzhTCzAj9anE/+GjrgXp/54nOgw==\n   dependencies:\n     \""@colors/colors\"" \""^1.6.0\""\n     \""@dabh/diagnostics\"" \""^2.0.2\""\n     async \""^3.2.3\""\n     is-stream \""^2.0.0\""\n-    logform \""^2.6.0\""\n+    logform \""^2.7.0\""\n     one-time \""^1.0.0\""\n     readable-stream \""^3.4.0\""\n     safe-stable-stringify \""^2.3.1\""\n     stack-trace \""0.0.x\""\n     triple-beam \""^1.3.0\""\n-    winston-transport \""^4.7.0\""\n+    winston-transport \""^4.9.0\""\n \n wrap-ansi@^7.0.0:\n   version \""7.0.0\""""

Output: List the addressed and unaddressed items, and make the final classification.
","Analysis details:
- Addressed Items: None.
- Unaddressed Items: 
  1. Duplicate dependency entries for logform (different versions ^2.3.2 and ^2.7.0 are still both present).
  2. Removal of duplicate dependency entries across packages has not been performed.
  3. Consistency in specifying dependency versions to prevent conflicts has not been ensured.
  4. Alignment of dependencies across packages remains unaddressed.
Classification: Not Addressed"
https://api.github.com/repos/sidhantpanda/docker-express-typescript-boilerplate/pulls/comments/1259004102,"Input Format:
Code Review:
- Reviewed Path: The file path of the code change.
- Reviewed Change: The code change under review. (""+"" indicates added lines, ""-"" indicates removed lines)
- Review Comment: A list of issues or suggestions for the above changes.
Subsequent Code Changes: A cumulative code changes made to the reviewed file after the review.

Task: For each item in the Review Comment, analyze whether it has been addressed by the Subsequent Code Changes by determining if:
- The issue has been completely resolved.
- The suggestion has been completely followed. (If the suggestion includes concrete code examples, it does not need to be followed exactly. As long as the code change serves the same intended purpose, the suggestion can be considered addressed.)
After completing the analysis, classify the entire review comment into one of the following categories:
- Not Addressed: None of the issues or suggestions have been addressed by the Subsequent Code Changes.
- Partly Addressed: Some but not all issues or suggestions have been addressed.
- Fully Addressed: All issues or suggestions have been addressed.
If the code relevant to the Review Comment has been completely removed in the Subsequent Code Changes, and it is not possible to determine whether the removal was an intentional response to the comment, you can classify it as ""Not Enough Information"".

Output Format:
Analysis details:
- Addressed Items: List the issues or suggestions that have been addressed.
- Unaddressed Items: List the issues or suggestions that have not been addressed.
Classification: Based on the Addressed Items and Unaddressed Items, select one of ""Not Addressed"", ""Partly Addressed"", ""Fully Addressed"", or ""Not Enough Information"" as the final classification without more explanations.

Input:
Code Review:
- Reviewed Path: ""Dockerfile""
- Reviewed Change: ""@@ -1,4 +1,4 @@\n-FROM node:18.16.0-alpine as base\n+FROM node:20.4.0-alpine as base\n \n # Add package file\n COPY package.json ./\n@@ -17,7 +17,7 @@ COPY openapi.yml ./openapi.yml\n RUN yarn build\n \n # Start production image build\n-FROM node:18.16.0-alpine\n+FROM node:20.4.0-alpine\n \n # Copy node modules and build directory\n COPY --from=base ./node_modules ./node_modules""
- Review Comment: ""- consider specifying a more precise tag for the node.js image, such as including the minor version, like node:20.4-alpine, to avoid unexpected upgrades.\n- consider adding yarn.lock to the copy command in the dockerfile if you rely on yarn package manager to improve reproducibility.""

Subsequent Code Changes: Here are the cumulative modifications made to the reviewed file ""Dockerfile"" after the Code Review.
""--- \n\n+++ \n\n@@ -1,4 +1,4 @@\n\n-FROM node:20.4.0-alpine as base\n+FROM node:20.11.1-alpine as base\n \n # Add package file\n COPY package.json ./\n@@ -17,7 +17,7 @@\n\n RUN yarn build\n \n # Start production image build\n-FROM node:20.4.0-alpine\n+FROM node:20.11.1-alpine\n \n # Copy node modules and build directory\n COPY --from=base ./node_modules ./node_modules""

Output: List the addressed and unaddressed items, and make the final classification.
","Analysis details:
- Addressed Items: ""consider specifying a more precise tag for the node.js image..."" (the image tag was updated to node:20.11.1-alpine, which is a precise version)
- Unaddressed Items: ""consider adding yarn.lock to the copy command in the dockerfile..."" (no change was made to add yarn.lock)
Classification: Partly Addressed"
https://api.github.com/repos/sidhantpanda/docker-express-typescript-boilerplate/pulls/comments/1396544964,Not contain specific items.,Not contain specific items.
https://api.github.com/repos/sidhantpanda/docker-express-typescript-boilerplate/pulls/comments/1396545019,Not contain specific items.,Not contain specific items.
https://api.github.com/repos/sidhantpanda/docker-express-typescript-boilerplate/pulls/comments/1398284114,Not contain specific items.,Not contain specific items.
https://api.github.com/repos/sidhantpanda/docker-express-typescript-boilerplate/pulls/comments/1398284122,Not contain specific items.,Not contain specific items.
https://api.github.com/repos/sidhantpanda/docker-express-typescript-boilerplate/pulls/comments/1400013208,Not contain specific items.,Not contain specific items.
https://api.github.com/repos/sidhantpanda/docker-express-typescript-boilerplate/pulls/comments/1401410017,Not contain specific items.,Not contain specific items.
https://api.github.com/repos/sidhantpanda/docker-express-typescript-boilerplate/pulls/comments/1401410084,Not contain specific items.,Not contain specific items.
https://api.github.com/repos/sidhantpanda/docker-express-typescript-boilerplate/pulls/comments/1403780849,Not contain specific items.,Not contain specific items.
https://api.github.com/repos/sidhantpanda/docker-express-typescript-boilerplate/pulls/comments/1403780823,Not contain specific items.,Not contain specific items.
https://api.github.com/repos/sidhantpanda/docker-express-typescript-boilerplate/pulls/comments/1361115909,"Input Format:
Code Review:
- Reviewed Path: The file path of the code change.
- Reviewed Change: The code change under review. (""+"" indicates added lines, ""-"" indicates removed lines)
- Review Comment: A list of issues or suggestions for the above changes.
Subsequent Code Changes: A cumulative code changes made to the reviewed file after the review.

Task: For each item in the Review Comment, analyze whether it has been addressed by the Subsequent Code Changes by determining if:
- The issue has been completely resolved.
- The suggestion has been completely followed. (If the suggestion includes concrete code examples, it does not need to be followed exactly. As long as the code change serves the same intended purpose, the suggestion can be considered addressed.)
After completing the analysis, classify the entire review comment into one of the following categories:
- Not Addressed: None of the issues or suggestions have been addressed by the Subsequent Code Changes.
- Partly Addressed: Some but not all issues or suggestions have been addressed.
- Fully Addressed: All issues or suggestions have been addressed.
If the code relevant to the Review Comment has been completely removed in the Subsequent Code Changes, and it is not possible to determine whether the removal was an intentional response to the comment, you can classify it as ""Not Enough Information"".

Output Format:
Analysis details:
- Addressed Items: List the issues or suggestions that have been addressed.
- Unaddressed Items: List the issues or suggestions that have not been addressed.
Classification: Based on the Addressed Items and Unaddressed Items, select one of ""Not Addressed"", ""Partly Addressed"", ""Fully Addressed"", or ""Not Enough Information"" as the final classification without more explanations.

Input:
Code Review:
- Reviewed Path: ""Dockerfile""
- Reviewed Change: ""@@ -1,4 +1,4 @@\n-FROM node:18.16.0-alpine as base\n+FROM node:20.8.1-alpine as base\n \n # Add package file\n COPY package.json ./\n@@ -17,7 +17,7 @@ COPY openapi.yml ./openapi.yml\n RUN yarn build\n \n # Start production image build\n-FROM node:18.16.0-alpine\n+FROM node:20.8.1-alpine\n \n # Copy node modules and build directory\n COPY --from=base ./node_modules ./node_modules""
- Review Comment: ""- add comments to explain the purpose of each section.\n- consider adding a `.dockerignore` file to exclude unnecessary files from the build context and reduce the size of the image.""

Subsequent Code Changes: Here are the cumulative modifications made to the reviewed file ""Dockerfile"" after the Code Review.
""--- \n\n+++ \n\n@@ -1,4 +1,4 @@\n\n-FROM node:20.8.1-alpine as base\n+FROM node:20.11.1-alpine as base\n \n # Add package file\n COPY package.json ./\n@@ -17,7 +17,7 @@\n\n RUN yarn build\n \n # Start production image build\n-FROM node:20.8.1-alpine\n+FROM node:20.11.1-alpine\n \n # Copy node modules and build directory\n COPY --from=base ./node_modules ./node_modules""

Output: List the addressed and unaddressed items, and make the final classification.
","Analysis details:
- Addressed Items: None.
- Unaddressed Items: 
  - Add comments to explain the purpose of each section.
  - Consider adding a `.dockerignore` file to exclude unnecessary files from the build context and reduce the size of the image.
Classification: Not Addressed"
https://api.github.com/repos/sidhantpanda/docker-express-typescript-boilerplate/pulls/comments/1404168371,Not contain specific items.,Not contain specific items.
https://api.github.com/repos/sidhantpanda/docker-express-typescript-boilerplate/pulls/comments/1409975808,Not contain specific items.,Not contain specific items.
https://api.github.com/repos/sidhantpanda/docker-express-typescript-boilerplate/pulls/comments/1412663525,Not contain specific items.,Not contain specific items.
https://api.github.com/repos/sidhantpanda/docker-express-typescript-boilerplate/pulls/comments/1412663495,Not contain specific items.,Not contain specific items.
https://api.github.com/repos/sidhantpanda/docker-express-typescript-boilerplate/pulls/comments/1409975844,Not contain specific items.,Not contain specific items.
https://api.github.com/repos/sidhantpanda/docker-express-typescript-boilerplate/pulls/comments/1413052823,Not contain specific items.,Not contain specific items.
https://api.github.com/repos/sidhantpanda/docker-express-typescript-boilerplate/pulls/comments/1413052880,Not contain specific items.,Not contain specific items.
https://api.github.com/repos/sidhantpanda/docker-express-typescript-boilerplate/pulls/comments/1413052911,Not contain specific items.,Not contain specific items.
https://api.github.com/repos/sidhantpanda/docker-express-typescript-boilerplate/pulls/comments/1195594284,"Input Format:
Code Review:
- Reviewed Path: The file path of the code change.
- Reviewed Change: The code change under review. (""+"" indicates added lines, ""-"" indicates removed lines)
- Review Comment: A list of issues or suggestions for the above changes.
Subsequent Code Changes: A cumulative code changes made to the reviewed file after the review.

Task: For each item in the Review Comment, analyze whether it has been addressed by the Subsequent Code Changes by determining if:
- The issue has been completely resolved.
- The suggestion has been completely followed. (If the suggestion includes concrete code examples, it does not need to be followed exactly. As long as the code change serves the same intended purpose, the suggestion can be considered addressed.)
After completing the analysis, classify the entire review comment into one of the following categories:
- Not Addressed: None of the issues or suggestions have been addressed by the Subsequent Code Changes.
- Partly Addressed: Some but not all issues or suggestions have been addressed.
- Fully Addressed: All issues or suggestions have been addressed.
If the code relevant to the Review Comment has been completely removed in the Subsequent Code Changes, and it is not possible to determine whether the removal was an intentional response to the comment, you can classify it as ""Not Enough Information"".

Output Format:
Analysis details:
- Addressed Items: List the issues or suggestions that have been addressed.
- Unaddressed Items: List the issues or suggestions that have not been addressed.
Classification: Based on the Addressed Items and Unaddressed Items, select one of ""Not Addressed"", ""Partly Addressed"", ""Fully Addressed"", or ""Not Enough Information"" as the final classification without more explanations.

Input:
Code Review:
- Reviewed Path: ""Dockerfile""
- Reviewed Change: ""@@ -1,4 +1,4 @@\n-FROM node:18.16.0-alpine as base\n+FROM node:20.2.0-alpine as base\n \n # Add package file\n COPY package.json ./\n@@ -17,7 +17,7 @@ COPY openapi.yml ./openapi.yml\n RUN yarn build\n \n # Start production image build\n-FROM node:18.16.0-alpine\n+FROM node:20.2.0-alpine\n \n # Copy node modules and build directory\n COPY --from=base ./node_modules ./node_modules""
- Review Comment: ""- an improvement suggestion could be to add a version tag to the second from statement to ensure that the image built is tied to a specific version of node.js, such as from node:20.2.0-alpine.\n- another improvement could be to add a checksum validation step when copying the package.json file to ensure that the file hasn't been corrupted or modified during transfer. this can be achieved using tools such as sha256sum or md5sum.""

Subsequent Code Changes: Here are the cumulative modifications made to the reviewed file ""Dockerfile"" after the Code Review.
""--- \n\n+++ \n\n@@ -1,4 +1,4 @@\n\n-FROM node:20.2.0-alpine as base\n+FROM node:20.11.1-alpine as base\n \n # Add package file\n COPY package.json ./\n@@ -17,7 +17,7 @@\n\n RUN yarn build\n \n # Start production image build\n-FROM node:20.2.0-alpine\n+FROM node:20.11.1-alpine\n \n # Copy node modules and build directory\n COPY --from=base ./node_modules ./node_modules""

Output: List the addressed and unaddressed items, and make the final classification.
","Analysis details:
- Addressed Items: The suggestion to add a version tag to the second FROM statement was implemented (although the version changed from 20.2.0 to 20.11.1, the intent of specifying a particular node version is met).
- Unaddressed Items: The suggestion to add a checksum validation step for the package.json file has not been addressed.
Classification: Partly Addressed"
https://api.github.com/repos/sidhantpanda/docker-express-typescript-boilerplate/pulls/comments/1413176581,Not contain specific items.,Not contain specific items.
https://api.github.com/repos/sidhantpanda/docker-express-typescript-boilerplate/pulls/comments/1530354356,No change happened; the comment remains unaddressed.,No change happened; the comment remains unaddressed.
https://api.github.com/repos/sidhantpanda/docker-express-typescript-boilerplate/pulls/comments/1413176787,Not contain specific items.,Not contain specific items.
https://api.github.com/repos/sidhantpanda/docker-express-typescript-boilerplate/pulls/comments/1530354573,Not contain specific items.,Not contain specific items.
https://api.github.com/repos/sidhantpanda/docker-express-typescript-boilerplate/pulls/comments/1530359544,Not contain specific items.,Not contain specific items.
https://api.github.com/repos/sidhantpanda/docker-express-typescript-boilerplate/pulls/comments/1530354753,Not contain specific items.,Not contain specific items.
https://api.github.com/repos/sidhantpanda/docker-express-typescript-boilerplate/pulls/comments/1530359696,Not contain specific items.,Not contain specific items.
https://api.github.com/repos/yuriykulikov/AlarmClock/pulls/comments/1204890851,No change happened; the comment remains unaddressed.,No change happened; the comment remains unaddressed.
https://api.github.com/repos/yuriykulikov/AlarmClock/pulls/comments/1218752693,Not contain any items.,Not contain any items.
https://api.github.com/repos/yuriykulikov/AlarmClock/pulls/comments/1204891097,Not contain specific items.,Not contain specific items.
https://api.github.com/repos/yuriykulikov/AlarmClock/pulls/comments/1191810503,Not contain specific items.,Not contain specific items.
https://api.github.com/repos/yuriykulikov/AlarmClock/pulls/comments/1215434190,No change happened; the comment remains unaddressed.,No change happened; the comment remains unaddressed.
https://api.github.com/repos/yuriykulikov/AlarmClock/pulls/comments/1222342274,Not contain specific items.,Not contain specific items.
https://api.github.com/repos/yuriykulikov/AlarmClock/pulls/comments/1223223778,Not contain specific items.,Not contain specific items.
https://api.github.com/repos/yuriykulikov/AlarmClock/pulls/comments/1222342243,Not contain specific items.,Not contain specific items.
https://api.github.com/repos/sidhantpanda/docker-express-typescript-boilerplate/pulls/comments/1788535332,"Input Format:
Code Review:
- Reviewed Path: The file path of the code change.
- Reviewed Change: The code change under review. (""+"" indicates added lines, ""-"" indicates removed lines)
- Review Comment: A list of issues or suggestions for the above changes.
Subsequent Code Changes: A cumulative code changes made to the reviewed file after the review.

Task: For each item in the Review Comment, analyze whether it has been addressed by the Subsequent Code Changes by determining if:
- The issue has been completely resolved.
- The suggestion has been completely followed. (If the suggestion includes concrete code examples, it does not need to be followed exactly. As long as the code change serves the same intended purpose, the suggestion can be considered addressed.)
After completing the analysis, classify the entire review comment into one of the following categories:
- Not Addressed: None of the issues or suggestions have been addressed by the Subsequent Code Changes.
- Partly Addressed: Some but not all issues or suggestions have been addressed.
- Fully Addressed: All issues or suggestions have been addressed.
If the code relevant to the Review Comment has been completely removed in the Subsequent Code Changes, and it is not possible to determine whether the removal was an intentional response to the comment, you can classify it as ""Not Enough Information"".

Output Format:
Analysis details:
- Addressed Items: List the issues or suggestions that have been addressed.
- Unaddressed Items: List the issues or suggestions that have not been addressed.
Classification: Based on the Addressed Items and Unaddressed Items, select one of ""Not Addressed"", ""Partly Addressed"", ""Fully Addressed"", or ""Not Enough Information"" as the final classification without more explanations.

Input:
Code Review:
- Reviewed Path: ""package.json""
- Reviewed Change: ""@@ -37,7 +37,7 @@\n     \""js-yaml\"": \""^4.1.0\"",\n     \""mongoose\"": \""8.2.2\"",\n     \""swagger-ui-express\"": \""5.0.0\"",\n-    \""winston\"": \""3.12.0\"",\n+    \""winston\"": \""3.15.0\"",\n     \""winston-transport\"": \""4.7.0\""\n   },\n   \""devDependencies\"": {""
- Review Comment: ""- add a brief comment summarizing the reason for updating \""winston\"" to version \""3.15.0\"". this helps in tracking changes easily.\n- consider using exact versions (without ^ or ~) to prevent unexpected behavior due to future major updates. if consistent behavior is crucial, exact versions are recommended.""

Subsequent Code Changes: Here are the cumulative modifications made to the reviewed file ""package.json"" after the Code Review.
""--- \n\n+++ \n\n@@ -37,7 +37,7 @@\n\n     \""js-yaml\"": \""^4.1.0\"",\n     \""mongoose\"": \""8.2.2\"",\n     \""swagger-ui-express\"": \""5.0.0\"",\n-    \""winston\"": \""3.15.0\"",\n+    \""winston\"": \""3.17.0\"",\n     \""winston-transport\"": \""4.7.0\""\n   },\n   \""devDependencies\"": {""

Output: List the addressed and unaddressed items, and make the final classification.
","Analysis details:
- Addressed Items: ""consider using exact versions (without ^ or ~) to prevent unexpected behavior"" – the winston dependency is now set to an exact version (""3.17.0"").
- Unaddressed Items: ""add a brief comment summarizing the reason for updating 'winston'"" – no comment has been added.
Classification: Partly Addressed"
https://api.github.com/repos/sidhantpanda/docker-express-typescript-boilerplate/pulls/comments/1271111597,"Input Format:
Code Review:
- Reviewed Path: The file path of the code change.
- Reviewed Change: The code change under review. (""+"" indicates added lines, ""-"" indicates removed lines)
- Review Comment: A list of issues or suggestions for the above changes.
Subsequent Code Changes: A cumulative code changes made to the reviewed file after the review.

Task: For each item in the Review Comment, analyze whether it has been addressed by the Subsequent Code Changes by determining if:
- The issue has been completely resolved.
- The suggestion has been completely followed. (If the suggestion includes concrete code examples, it does not need to be followed exactly. As long as the code change serves the same intended purpose, the suggestion can be considered addressed.)
After completing the analysis, classify the entire review comment into one of the following categories:
- Not Addressed: None of the issues or suggestions have been addressed by the Subsequent Code Changes.
- Partly Addressed: Some but not all issues or suggestions have been addressed.
- Fully Addressed: All issues or suggestions have been addressed.
If the code relevant to the Review Comment has been completely removed in the Subsequent Code Changes, and it is not possible to determine whether the removal was an intentional response to the comment, you can classify it as ""Not Enough Information"".

Output Format:
Analysis details:
- Addressed Items: List the issues or suggestions that have been addressed.
- Unaddressed Items: List the issues or suggestions that have not been addressed.
Classification: Based on the Addressed Items and Unaddressed Items, select one of ""Not Addressed"", ""Partly Addressed"", ""Fully Addressed"", or ""Not Enough Information"" as the final classification without more explanations.

Input:
Code Review:
- Reviewed Path: ""Dockerfile""
- Reviewed Change: ""@@ -1,4 +1,4 @@\n-FROM node:18.16.0-alpine as base\n+FROM node:20.5.0-alpine as base\n \n # Add package file\n COPY package.json ./\n@@ -17,7 +17,7 @@ COPY openapi.yml ./openapi.yml\n RUN yarn build\n \n # Start production image build\n-FROM node:18.16.0-alpine\n+FROM node:20.5.0-alpine\n \n # Copy node modules and build directory\n COPY --from=base ./node_modules ./node_modules""
- Review Comment: ""- consider specifying specific versions for node packages in your package.json file.\n- document any specific reasons for the base image version upgrade, such as necessary feature updates or security patches, to help future maintainers understand the rationale behind the change.""

Subsequent Code Changes: Here are the cumulative modifications made to the reviewed file ""Dockerfile"" after the Code Review.
""--- \n\n+++ \n\n@@ -1,4 +1,4 @@\n\n-FROM node:20.5.0-alpine as base\n+FROM node:20.11.1-alpine as base\n \n # Add package file\n COPY package.json ./\n@@ -17,7 +17,7 @@\n\n RUN yarn build\n \n # Start production image build\n-FROM node:20.5.0-alpine\n+FROM node:20.11.1-alpine\n \n # Copy node modules and build directory\n COPY --from=base ./node_modules ./node_modules""

Output: List the addressed and unaddressed items, and make the final classification.
","Analysis details:
- Addressed Items: None
- Unaddressed Items: 
  • Consider specifying specific versions for node packages in your package.json file.
  • Document any specific reasons for the base image version upgrade, such as necessary feature updates or security patches, to help future maintainers understand the rationale behind the change.
Classification: Not Addressed"
https://api.github.com/repos/yuriykulikov/AlarmClock/pulls/comments/1234580807,No change happened; the comment remains unaddressed.,No change happened; the comment remains unaddressed.
https://api.github.com/repos/yuriykulikov/AlarmClock/pulls/comments/1233434127,Not contain specific items.,Not contain specific items.
https://api.github.com/repos/yuriykulikov/AlarmClock/pulls/comments/1247289025,No change happened; the comment remains unaddressed.,No change happened; the comment remains unaddressed.
https://api.github.com/repos/yuriykulikov/AlarmClock/pulls/comments/1266037312,Not contain specific items.,Not contain specific items.
https://api.github.com/repos/yuriykulikov/AlarmClock/pulls/comments/1275606409,Not contain specific items.,Not contain specific items.
https://api.github.com/repos/yuriykulikov/AlarmClock/pulls/comments/1274235476,Not contain specific items.,Not contain specific items.
https://api.github.com/repos/yuriykulikov/AlarmClock/pulls/comments/1294087841,Not contain specific items.,Not contain specific items.
https://api.github.com/repos/yuriykulikov/AlarmClock/pulls/comments/1271271640,No change happened; the comment remains unaddressed.,No change happened; the comment remains unaddressed.
https://api.github.com/repos/yuriykulikov/AlarmClock/pulls/comments/1271271633,No change happened; the comment remains unaddressed.,No change happened; the comment remains unaddressed.
https://api.github.com/repos/yuriykulikov/AlarmClock/pulls/comments/1271273135,No change happened; the comment remains unaddressed.,No change happened; the comment remains unaddressed.
https://api.github.com/repos/yuriykulikov/AlarmClock/pulls/comments/1271273158,Not contain specific items.,Not contain specific items.
https://api.github.com/repos/yuriykulikov/AlarmClock/pulls/comments/1271273166,Not contain specific items.,Not contain specific items.
https://api.github.com/repos/yuriykulikov/AlarmClock/pulls/comments/1278647351,Not contain specific items.,Not contain specific items.
https://api.github.com/repos/yuriykulikov/AlarmClock/pulls/comments/1292213097,Not contain specific items.,Not contain specific items.
https://api.github.com/repos/yuriykulikov/AlarmClock/pulls/comments/1292213102,No change happened; the comment remains unaddressed.,No change happened; the comment remains unaddressed.
https://api.github.com/repos/yuriykulikov/AlarmClock/pulls/comments/1292213113,No change happened; the comment remains unaddressed.,No change happened; the comment remains unaddressed.
https://api.github.com/repos/yuriykulikov/AlarmClock/pulls/comments/1313306151,Not contain any items.,Not contain any items.
https://api.github.com/repos/yuriykulikov/AlarmClock/pulls/comments/1302333724,Not contain specific items.,Not contain specific items.
https://api.github.com/repos/sidhantpanda/docker-express-typescript-boilerplate/pulls/comments/1316556850,"Input Format:
Code Review:
- Reviewed Path: The file path of the code change.
- Reviewed Change: The code change under review. (""+"" indicates added lines, ""-"" indicates removed lines)
- Review Comment: A list of issues or suggestions for the above changes.
Subsequent Code Changes: A cumulative code changes made to the reviewed file after the review.

Task: For each item in the Review Comment, analyze whether it has been addressed by the Subsequent Code Changes by determining if:
- The issue has been completely resolved.
- The suggestion has been completely followed. (If the suggestion includes concrete code examples, it does not need to be followed exactly. As long as the code change serves the same intended purpose, the suggestion can be considered addressed.)
After completing the analysis, classify the entire review comment into one of the following categories:
- Not Addressed: None of the issues or suggestions have been addressed by the Subsequent Code Changes.
- Partly Addressed: Some but not all issues or suggestions have been addressed.
- Fully Addressed: All issues or suggestions have been addressed.
If the code relevant to the Review Comment has been completely removed in the Subsequent Code Changes, and it is not possible to determine whether the removal was an intentional response to the comment, you can classify it as ""Not Enough Information"".

Output Format:
Analysis details:
- Addressed Items: List the issues or suggestions that have been addressed.
- Unaddressed Items: List the issues or suggestions that have not been addressed.
Classification: Based on the Addressed Items and Unaddressed Items, select one of ""Not Addressed"", ""Partly Addressed"", ""Fully Addressed"", or ""Not Enough Information"" as the final classification without more explanations.

Input:
Code Review:
- Reviewed Path: ""Dockerfile""
- Reviewed Change: ""@@ -1,4 +1,4 @@\n-FROM node:18.16.0-alpine as base\n+FROM node:20.6.0-alpine as base\n \n # Add package file\n COPY package.json ./\n@@ -17,7 +17,7 @@ COPY openapi.yml ./openapi.yml\n RUN yarn build\n \n # Start production image build\n-FROM node:18.16.0-alpine\n+FROM node:20.6.0-alpine\n \n # Copy node modules and build directory\n COPY --from=base ./node_modules ./node_modules""
- Review Comment: ""1. it's generally a good practice to use specific versions of dependencies rather than relying on the latest tag (`node:20.6.0-alpine`). this ensures that your code is using a known and stable version of node.js.\n2. consider adding a version constraint for the `yarn` package manager as well in the `package.json` file. this helps maintain consistency and avoids potential compatibility issues with future versions of yarn.\n3. ensure that the `openapi.yml` file is necessary and correctly copied to the production image. double-check its usage and path within the application.""

Subsequent Code Changes: Here are the cumulative modifications made to the reviewed file ""Dockerfile"" after the Code Review.
""--- \n\n+++ \n\n@@ -1,4 +1,4 @@\n\n-FROM node:20.6.0-alpine as base\n+FROM node:20.11.1-alpine as base\n \n # Add package file\n COPY package.json ./\n@@ -17,7 +17,7 @@\n\n RUN yarn build\n \n # Start production image build\n-FROM node:20.6.0-alpine\n+FROM node:20.11.1-alpine\n \n # Copy node modules and build directory\n COPY --from=base ./node_modules ./node_modules""

Output: List the addressed and unaddressed items, and make the final classification.
","Analysis details:
- Addressed Items: 
  • Item 1: The Dockerfile now uses a pinned node version (""node:20.11.1-alpine"") instead of ""node:20.6.0-alpine"", which continues the practice of specific version usage.
- Unaddressed Items:
  • Item 2: There was no version constraint added for the yarn package manager in the package.json file.
  • Item 3: There is no change regarding verifying or adjusting the usage/path of the openapi.yml file.
Classification: Partly Addressed"
https://api.github.com/repos/sidhantpanda/docker-express-typescript-boilerplate/pulls/comments/1708757073,"Input Format:
Code Review:
- Reviewed Path: The file path of the code change.
- Reviewed Change: The code change under review. (""+"" indicates added lines, ""-"" indicates removed lines)
- Review Comment: A list of issues or suggestions for the above changes.
Subsequent Code Changes: A cumulative code changes made to the reviewed file after the review.

Task: For each item in the Review Comment, analyze whether it has been addressed by the Subsequent Code Changes by determining if:
- The issue has been completely resolved.
- The suggestion has been completely followed. (If the suggestion includes concrete code examples, it does not need to be followed exactly. As long as the code change serves the same intended purpose, the suggestion can be considered addressed.)
After completing the analysis, classify the entire review comment into one of the following categories:
- Not Addressed: None of the issues or suggestions have been addressed by the Subsequent Code Changes.
- Partly Addressed: Some but not all issues or suggestions have been addressed.
- Fully Addressed: All issues or suggestions have been addressed.
If the code relevant to the Review Comment has been completely removed in the Subsequent Code Changes, and it is not possible to determine whether the removal was an intentional response to the comment, you can classify it as ""Not Enough Information"".

Output Format:
Analysis details:
- Addressed Items: List the issues or suggestions that have been addressed.
- Unaddressed Items: List the issues or suggestions that have not been addressed.
Classification: Based on the Addressed Items and Unaddressed Items, select one of ""Not Addressed"", ""Partly Addressed"", ""Fully Addressed"", or ""Not Enough Information"" as the final classification without more explanations.

Input:
Code Review:
- Reviewed Path: ""yarn.lock""
- Reviewed Change: ""@@ -3371,7 +3371,7 @@ lodash.merge@^4.6.2:\n   resolved \""https://registry.yarnpkg.com/lodash.merge/-/lodash.merge-4.6.2.tgz#558aa53b43b661e1925a0afdfa36a9a1085fe57a\""\n   integrity sha512-0KpjqXRVvrYyCsX1swR/XTK0va6VQkQM6MNo7PqW77ByjAhoARA8EfrP1N4+KlKj8YS0ZUCtRT/YUuhyYDujIQ==\n \n-logform@^2.3.2, logform@^2.4.0:\n+logform@^2.3.2:\n   version \""2.6.0\""\n   resolved \""https://registry.yarnpkg.com/logform/-/logform-2.6.0.tgz#8c82a983f05d6eaeb2d75e3decae7a768b2bf9b5\""\n   integrity sha512-1ulHeNPp6k/LD8H91o7VYFBng5i1BDE7HoKxVbZiGFidS1Rj65qcywLxX+pVfAPoQJEjRdvKcusKwOupHCVOVQ==\n@@ -3383,6 +3383,18 @@ logform@^2.3.2, logform@^2.4.0:\n     safe-stable-stringify \""^2.3.1\""\n     triple-beam \""^1.3.0\""\n \n+logform@^2.6.0:\n+  version \""2.6.1\""\n+  resolved \""https://registry.yarnpkg.com/logform/-/logform-2.6.1.tgz#71403a7d8cae04b2b734147963236205db9b3df0\""\n+  integrity sha512-CdaO738xRapbKIMVn2m4F6KTj4j7ooJ8POVnebSgKo3KBz5axNXRAL7ZdRjIV6NOr2Uf4vjtRkxrFETOioCqSA==\n+  dependencies:\n+    \""@colors/colors\"" \""1.6.0\""\n+    \""@types/triple-beam\"" \""^1.3.2\""\n+    fecha \""^4.2.0\""\n+    ms \""^2.1.1\""\n+    safe-stable-stringify \""^2.3.1\""\n+    triple-beam \""^1.3.0\""\n+\n lru-cache@^5.1.1:\n   version \""5.1.1\""\n   resolved \""https://registry.yarnpkg.com/lru-cache/-/lru-cache-5.1.1.tgz#1da27e6710271947695daf6848e847f01d84b920\""\n@@ -4651,16 +4663,16 @@ winston-transport@4.7.0, winston-transport@^4.7.0:\n     readable-stream \""^3.6.0\""\n     triple-beam \""^1.3.0\""\n \n-winston@3.12.0:\n-  version \""3.12.0\""\n-  resolved \""https://registry.yarnpkg.com/winston/-/winston-3.12.0.tgz#a5d965a41d3dc31be5408f8c66e927958846c0d0\""\n-  integrity sha512-OwbxKaOlESDi01mC9rkM0dQqQt2I8DAUMRLZ/HpbwvDXm85IryEHgoogy5fziQy38PntgZsLlhAYHz//UPHZ5w==\n+winston@3.14.0:\n+  version \""3.14.0\""\n+  resolved \""https://registry.yarnpkg.com/winston/-/winston-3.14.0.tgz#589e5dd6b458ae4ef0a4dd0190a6c077488f1cee\""\n+  integrity sha512-XEJvmKJglhTW2TgfpKdkpj0119Yn5AClR7LJ0rBNUQFx20mNQj3s1ukTA1i77q+YBaHYbcKtXpxgPqfdUPCIYA==\n   dependencies:\n     \""@colors/colors\"" \""^1.6.0\""\n     \""@dabh/diagnostics\"" \""^2.0.2\""\n     async \""^3.2.3\""\n     is-stream \""^2.0.0\""\n-    logform \""^2.4.0\""\n+    logform \""^2.6.0\""\n     one-time \""^1.0.0\""\n     readable-stream \""^3.4.0\""\n     safe-stable-stringify \""^2.3.1\""""
- Review Comment: ""1. ensure consistency in specifying dependency versions across packages for better maintainability and potential bug prevention. if possible, update all packages to use the same version of logform.""

Subsequent Code Changes: Here are the cumulative modifications made to the reviewed file ""yarn.lock"" after the Code Review.
""--- \n\n+++ \n\n@@ -3383,10 +3383,10 @@\n\n     safe-stable-stringify \""^2.3.1\""\n     triple-beam \""^1.3.0\""\n \n-logform@^2.6.0:\n-  version \""2.6.1\""\n-  resolved \""https://registry.yarnpkg.com/logform/-/logform-2.6.1.tgz#71403a7d8cae04b2b734147963236205db9b3df0\""\n-  integrity sha512-CdaO738xRapbKIMVn2m4F6KTj4j7ooJ8POVnebSgKo3KBz5axNXRAL7ZdRjIV6NOr2Uf4vjtRkxrFETOioCqSA==\n+logform@^2.7.0:\n+  version \""2.7.0\""\n+  resolved \""https://registry.yarnpkg.com/logform/-/logform-2.7.0.tgz#cfca97528ef290f2e125a08396805002b2d060d1\""\n+  integrity sha512-TFYA4jnP7PVbmlBIfhlSe+WKxs9dklXMTEGcBCIvLhE/Tn3H6Gk1norupVW7m5Cnd4bLcr08AytbyV/xj7f/kQ==\n   dependencies:\n     \""@colors/colors\"" \""1.6.0\""\n     \""@types/triple-beam\"" \""^1.3.2\""\n@@ -3922,7 +3922,7 @@\n\n   resolved \""https://registry.yarnpkg.com/react-is/-/react-is-18.2.0.tgz#199431eeaaa2e09f86427efbb4f1473edb47609b\""\n   integrity sha512-xWGDIW6x921xtzPkhiULtthJHoJvBbF3q26fzloPCK0hsvxtPVelvftw3zjbHWSkR2km9Z+4uxbDDK/6Zw9B8w==\n \n-readable-stream@^3.4.0, readable-stream@^3.6.0:\n+readable-stream@^3.4.0, readable-stream@^3.6.0, readable-stream@^3.6.2:\n   version \""3.6.2\""\n   resolved \""https://registry.yarnpkg.com/readable-stream/-/readable-stream-3.6.2.tgz#56a9b36ea965c00c5a93ef31eb111a0f11056967\""\n   integrity sha512-9u/sniCrY3D5WdsERHzHE4G2YCXqoG5FTHUiCC4SIbr6XcLZBY05ya9EKjYek9O5xOAwjGq+1JdGBAS7Q9ScoA==\n@@ -4654,7 +4654,7 @@\n\n   dependencies:\n     isexe \""^2.0.0\""\n \n-winston-transport@4.7.0, winston-transport@^4.7.0:\n+winston-transport@4.7.0:\n   version \""4.7.0\""\n   resolved \""https://registry.yarnpkg.com/winston-transport/-/winston-transport-4.7.0.tgz#e302e6889e6ccb7f383b926df6936a5b781bd1f0\""\n   integrity sha512-ajBj65K5I7denzer2IYW6+2bNIVqLGDHqDw3Ow8Ohh+vdW+rv4MZ6eiDvHoKhfJFZ2auyN8byXieDDJ96ViONg==\n@@ -4663,22 +4663,31 @@\n\n     readable-stream \""^3.6.0\""\n     triple-beam \""^1.3.0\""\n \n-winston@3.14.0:\n-  version \""3.14.0\""\n-  resolved \""https://registry.yarnpkg.com/winston/-/winston-3.14.0.tgz#589e5dd6b458ae4ef0a4dd0190a6c077488f1cee\""\n-  integrity sha512-XEJvmKJglhTW2TgfpKdkpj0119Yn5AClR7LJ0rBNUQFx20mNQj3s1ukTA1i77q+YBaHYbcKtXpxgPqfdUPCIYA==\n+winston-transport@^4.9.0:\n+  version \""4.9.0\""\n+  resolved \""https://registry.yarnpkg.com/winston-transport/-/winston-transport-4.9.0.tgz#3bba345de10297654ea6f33519424560003b3bf9\""\n+  integrity sha512-8drMJ4rkgaPo1Me4zD/3WLfI/zPdA9o2IipKODunnGDcuqbHwjsbB79ylv04LCGGzU0xQ6vTznOMpQGaLhhm6A==\n+  dependencies:\n+    logform \""^2.7.0\""\n+    readable-stream \""^3.6.2\""\n+    triple-beam \""^1.3.0\""\n+\n+winston@3.17.0:\n+  version \""3.17.0\""\n+  resolved \""https://registry.yarnpkg.com/winston/-/winston-3.17.0.tgz#74b8665ce9b4ea7b29d0922cfccf852a08a11423\""\n+  integrity sha512-DLiFIXYC5fMPxaRg832S6F5mJYvePtmO5G9v9IgUFPhXm9/GkXarH/TUrBAVzhTCzAj9anE/+GjrgXp/54nOgw==\n   dependencies:\n     \""@colors/colors\"" \""^1.6.0\""\n     \""@dabh/diagnostics\"" \""^2.0.2\""\n     async \""^3.2.3\""\n     is-stream \""^2.0.0\""\n-    logform \""^2.6.0\""\n+    logform \""^2.7.0\""\n     one-time \""^1.0.0\""\n     readable-stream \""^3.4.0\""\n     safe-stable-stringify \""^2.3.1\""\n     stack-trace \""0.0.x\""\n     triple-beam \""^1.3.0\""\n-    winston-transport \""^4.7.0\""\n+    winston-transport \""^4.9.0\""\n \n wrap-ansi@^7.0.0:\n   version \""7.0.0\""""

Output: List the addressed and unaddressed items, and make the final classification.
","Analysis details:
- Addressed Items: The winston and winston‐transport dependencies were updated to require logform version ""^2.7.0"", aligning those packages with the newer version.
- Unaddressed Items: The ""logform@^2.3.2:"" entry remains in the file, so not all references to logform have been updated to the same version.
Classification: Partly Addressed"
https://api.github.com/repos/sidhantpanda/docker-express-typescript-boilerplate/pulls/comments/1404168245,"Input Format:
Code Review:
- Reviewed Path: The file path of the code change.
- Reviewed Change: The code change under review. (""+"" indicates added lines, ""-"" indicates removed lines)
- Review Comment: A list of issues or suggestions for the above changes.
Subsequent Code Changes: A cumulative code changes made to the reviewed file after the review.

Task: For each item in the Review Comment, analyze whether it has been addressed by the Subsequent Code Changes by determining if:
- The issue has been completely resolved.
- The suggestion has been completely followed. (If the suggestion includes concrete code examples, it does not need to be followed exactly. As long as the code change serves the same intended purpose, the suggestion can be considered addressed.)
After completing the analysis, classify the entire review comment into one of the following categories:
- Not Addressed: None of the issues or suggestions have been addressed by the Subsequent Code Changes.
- Partly Addressed: Some but not all issues or suggestions have been addressed.
- Fully Addressed: All issues or suggestions have been addressed.
If the code relevant to the Review Comment has been completely removed in the Subsequent Code Changes, and it is not possible to determine whether the removal was an intentional response to the comment, you can classify it as ""Not Enough Information"".

Output Format:
Analysis details:
- Addressed Items: List the issues or suggestions that have been addressed.
- Unaddressed Items: List the issues or suggestions that have not been addressed.
Classification: Based on the Addressed Items and Unaddressed Items, select one of ""Not Addressed"", ""Partly Addressed"", ""Fully Addressed"", or ""Not Enough Information"" as the final classification without more explanations.

Input:
Code Review:
- Reviewed Path: ""package.json""
- Reviewed Change: ""@@ -46,7 +46,7 @@\n     \""@types/hapi__joi\"": \""17.1.9\"",\n     \""@types/jest\"": \""29.5.0\"",\n     \""@types/js-yaml\"": \""^4.0.5\"",\n-    \""@types/node\"": \""18.15.11\"",\n+    \""@types/node\"": \""20.10.0\"",\n     \""@types/supertest\"": \""2.0.12\"",\n     \""@types/swagger-ui-express\"": \""4.1.3\"",\n     \""@typescript-eslint/eslint-plugin\"": \""5.58.0\"",""
- Review Comment: ""- it's generally a good practice to use a specific version range instead of a fixed version number for type definitions. this allows for more flexibility when updating dependencies in the future. for example, you could use \""^20.10.0\"" instead of \""20.10.0\"" for `@types/node`.""

Subsequent Code Changes: Here are the cumulative modifications made to the reviewed file ""package.json"" after the Code Review.
""--- \n\n+++ \n\n@@ -46,7 +46,7 @@\n\n     \""@types/hapi__joi\"": \""17.1.9\"",\n     \""@types/jest\"": \""29.5.0\"",\n     \""@types/js-yaml\"": \""^4.0.5\"",\n-    \""@types/node\"": \""20.10.0\"",\n+    \""@types/node\"": \""20.11.30\"",\n     \""@types/supertest\"": \""2.0.12\"",\n     \""@types/swagger-ui-express\"": \""4.1.3\"",\n     \""@typescript-eslint/eslint-plugin\"": \""5.58.0\"",""

Output: List the addressed and unaddressed items, and make the final classification.
","Analysis details:
- Addressed Items: None.
- Unaddressed Items: ""it's generally a good practice to use a specific version range instead of a fixed version number for type definitions. for example, you could use '^20.10.0' instead of '20.10.0' for @types/node.""
Classification: Not Addressed"
https://api.github.com/repos/sidhantpanda/docker-express-typescript-boilerplate/pulls/comments/1377430801,"Input Format:
Code Review:
- Reviewed Path: The file path of the code change.
- Reviewed Change: The code change under review. (""+"" indicates added lines, ""-"" indicates removed lines)
- Review Comment: A list of issues or suggestions for the above changes.
Subsequent Code Changes: A cumulative code changes made to the reviewed file after the review.

Task: For each item in the Review Comment, analyze whether it has been addressed by the Subsequent Code Changes by determining if:
- The issue has been completely resolved.
- The suggestion has been completely followed. (If the suggestion includes concrete code examples, it does not need to be followed exactly. As long as the code change serves the same intended purpose, the suggestion can be considered addressed.)
After completing the analysis, classify the entire review comment into one of the following categories:
- Not Addressed: None of the issues or suggestions have been addressed by the Subsequent Code Changes.
- Partly Addressed: Some but not all issues or suggestions have been addressed.
- Fully Addressed: All issues or suggestions have been addressed.
If the code relevant to the Review Comment has been completely removed in the Subsequent Code Changes, and it is not possible to determine whether the removal was an intentional response to the comment, you can classify it as ""Not Enough Information"".

Output Format:
Analysis details:
- Addressed Items: List the issues or suggestions that have been addressed.
- Unaddressed Items: List the issues or suggestions that have not been addressed.
Classification: Based on the Addressed Items and Unaddressed Items, select one of ""Not Addressed"", ""Partly Addressed"", ""Fully Addressed"", or ""Not Enough Information"" as the final classification without more explanations.

Input:
Code Review:
- Reviewed Path: ""yarn.lock""
- Reviewed Change: ""@@ -1053,10 +1053,12 @@\n   resolved \""https://registry.yarnpkg.com/@types/node/-/node-17.0.21.tgz#864b987c0c68d07b4345845c3e63b75edd143644\""\n   integrity sha512-DBZCJbhII3r90XbQxI8Y9IjjiiOGlZ0Hr32omXIZvwwZ7p4DMMXGrKXVyPfuoBOri9XNtL0UK69jYIBIsRX3QQ==\n \n-\""@types/node@18.15.11\"":\n-  version \""18.15.11\""\n-  resolved \""https://registry.yarnpkg.com/@types/node/-/node-18.15.11.tgz#b3b790f09cb1696cffcec605de025b088fa4225f\""\n-  integrity sha512-E5Kwq2n4SbMzQOn6wnmBjuK9ouqlURrcZDVfbo9ftDDTFt3nk7ZKK4GMOzoYgnpQJKcxwQw+lGaBvvlMo0qN/Q==\n+\""@types/node@20.8.10\"":\n+  version \""20.8.10\""\n+  resolved \""https://registry.yarnpkg.com/@types/node/-/node-20.8.10.tgz#a5448b895c753ae929c26ce85cab557c6d4a365e\""\n+  integrity sha512-TlgT8JntpcbmKUFzjhsyhGfP2fsiz1Mv56im6enJ905xG1DAYesxJaeSbGqQmAw8OWPdhyJGhGSQGKRNJ45u9w==\n+  dependencies:\n+    undici-types \""~5.26.4\""\n \n \""@types/prettier@^2.1.5\"":\n   version \""2.4.4\""\n@@ -4755,6 +4757,11 @@ undefsafe@^2.0.5:\n   resolved \""https://registry.yarnpkg.com/undefsafe/-/undefsafe-2.0.5.tgz#38733b9327bdcd226db889fb723a6efd162e6e2c\""\n   integrity sha512-WxONCrssBM8TSPRqN5EmsjVrsv4A8X12J4ArBiiayv3DyyG3ZlIg6yysuuSYdZsVz3TKcTg2fd//Ujd4CHV1iA==\n \n+undici-types@~5.26.4:\n+  version \""5.26.5\""\n+  resolved \""https://registry.yarnpkg.com/undici-types/-/undici-types-5.26.5.tgz#bcd539893d00b56e964fd2657a4866b221a65617\""\n+  integrity sha512-JlCMO+ehdEIKqlFxk6IfVoAUVmgz7cU7zD/h9XZ0qzeosSHmUJVOzSQvvYSYWXkFXC+IfLKSIffhv0sVZup6pA==\n+\n unpipe@1.0.0, unpipe@~1.0.0:\n   version \""1.0.0\""\n   resolved \""https://registry.yarnpkg.com/unpipe/-/unpipe-1.0.0.tgz#b2bf4ee8514aae6165b4817829d21b2ef49904ec\""""
- Review Comment: ""- the indentation and formatting of the patch seem inconsistent. ensure consistent indentation across the file to maintain readability.""

Subsequent Code Changes: Here are the cumulative modifications made to the reviewed file ""yarn.lock"" after the Code Review.
""--- \n\n+++ \n\n@@ -1053,10 +1053,10 @@\n\n   resolved \""https://registry.yarnpkg.com/@types/node/-/node-17.0.21.tgz#864b987c0c68d07b4345845c3e63b75edd143644\""\n   integrity sha512-DBZCJbhII3r90XbQxI8Y9IjjiiOGlZ0Hr32omXIZvwwZ7p4DMMXGrKXVyPfuoBOri9XNtL0UK69jYIBIsRX3QQ==\n \n-\""@types/node@20.8.10\"":\n-  version \""20.8.10\""\n-  resolved \""https://registry.yarnpkg.com/@types/node/-/node-20.8.10.tgz#a5448b895c753ae929c26ce85cab557c6d4a365e\""\n-  integrity sha512-TlgT8JntpcbmKUFzjhsyhGfP2fsiz1Mv56im6enJ905xG1DAYesxJaeSbGqQmAw8OWPdhyJGhGSQGKRNJ45u9w==\n+\""@types/node@20.11.30\"":\n+  version \""20.11.30\""\n+  resolved \""https://registry.yarnpkg.com/@types/node/-/node-20.11.30.tgz#9c33467fc23167a347e73834f788f4b9f399d66f\""\n+  integrity sha512-dHM6ZxwlmuZaRmUPfv1p+KrdD1Dci04FbdEm/9wEMouFqxYoFl5aMkt0VMAUtYRQDyYvD41WJLukhq/ha3YuTw==\n   dependencies:\n     undici-types \""~5.26.4\""""

Output: List the addressed and unaddressed items, and make the final classification.
","Analysis details:
- Addressed Items: None
- Unaddressed Items: ""the indentation and formatting of the patch seem inconsistent. ensure consistent indentation across the file to maintain readability.""
Classification: Not Addressed"
https://api.github.com/repos/sidhantpanda/docker-express-typescript-boilerplate/pulls/comments/1400013246,"Input Format:
Code Review:
- Reviewed Path: The file path of the code change.
- Reviewed Change: The code change under review. (""+"" indicates added lines, ""-"" indicates removed lines)
- Review Comment: A list of issues or suggestions for the above changes.
Subsequent Code Changes: A cumulative code changes made to the reviewed file after the review.

Task: For each item in the Review Comment, analyze whether it has been addressed by the Subsequent Code Changes by determining if:
- The issue has been completely resolved.
- The suggestion has been completely followed. (If the suggestion includes concrete code examples, it does not need to be followed exactly. As long as the code change serves the same intended purpose, the suggestion can be considered addressed.)
After completing the analysis, classify the entire review comment into one of the following categories:
- Not Addressed: None of the issues or suggestions have been addressed by the Subsequent Code Changes.
- Partly Addressed: Some but not all issues or suggestions have been addressed.
- Fully Addressed: All issues or suggestions have been addressed.
If the code relevant to the Review Comment has been completely removed in the Subsequent Code Changes, and it is not possible to determine whether the removal was an intentional response to the comment, you can classify it as ""Not Enough Information"".

Output Format:
Analysis details:
- Addressed Items: List the issues or suggestions that have been addressed.
- Unaddressed Items: List the issues or suggestions that have not been addressed.
Classification: Based on the Addressed Items and Unaddressed Items, select one of ""Not Addressed"", ""Partly Addressed"", ""Fully Addressed"", or ""Not Enough Information"" as the final classification without more explanations.

Input:
Code Review:
- Reviewed Path: ""yarn.lock""
- Reviewed Change: ""@@ -1053,10 +1053,12 @@\n   resolved \""https://registry.yarnpkg.com/@types/node/-/node-17.0.21.tgz#864b987c0c68d07b4345845c3e63b75edd143644\""\n   integrity sha512-DBZCJbhII3r90XbQxI8Y9IjjiiOGlZ0Hr32omXIZvwwZ7p4DMMXGrKXVyPfuoBOri9XNtL0UK69jYIBIsRX3QQ==\n \n-\""@types/node@18.15.11\"":\n-  version \""18.15.11\""\n-  resolved \""https://registry.yarnpkg.com/@types/node/-/node-18.15.11.tgz#b3b790f09cb1696cffcec605de025b088fa4225f\""\n-  integrity sha512-E5Kwq2n4SbMzQOn6wnmBjuK9ouqlURrcZDVfbo9ftDDTFt3nk7ZKK4GMOzoYgnpQJKcxwQw+lGaBvvlMo0qN/Q==\n+\""@types/node@20.9.3\"":\n+  version \""20.9.3\""\n+  resolved \""https://registry.yarnpkg.com/@types/node/-/node-20.9.3.tgz#e089e1634436f676ff299596c9531bd2b59fffc6\""\n+  integrity sha512-nk5wXLAXGBKfrhLB0cyHGbSqopS+nz0BUgZkUQqSHSSgdee0kssp1IAqlQOu333bW+gMNs2QREx7iynm19Abxw==\n+  dependencies:\n+    undici-types \""~5.26.4\""\n \n \""@types/prettier@^2.1.5\"":\n   version \""2.4.4\""\n@@ -4755,6 +4757,11 @@ undefsafe@^2.0.5:\n   resolved \""https://registry.yarnpkg.com/undefsafe/-/undefsafe-2.0.5.tgz#38733b9327bdcd226db889fb723a6efd162e6e2c\""\n   integrity sha512-WxONCrssBM8TSPRqN5EmsjVrsv4A8X12J4ArBiiayv3DyyG3ZlIg6yysuuSYdZsVz3TKcTg2fd//Ujd4CHV1iA==\n \n+undici-types@~5.26.4:\n+  version \""5.26.5\""\n+  resolved \""https://registry.yarnpkg.com/undici-types/-/undici-types-5.26.5.tgz#bcd539893d00b56e964fd2657a4866b221a65617\""\n+  integrity sha512-JlCMO+ehdEIKqlFxk6IfVoAUVmgz7cU7zD/h9XZ0qzeosSHmUJVOzSQvvYSYWXkFXC+IfLKSIffhv0sVZup6pA==\n+\n unpipe@1.0.0, unpipe@~1.0.0:\n   version \""1.0.0\""\n   resolved \""https://registry.yarnpkg.com/unpipe/-/unpipe-1.0.0.tgz#b2bf4ee8514aae6165b4817829d21b2ef49904ec\""""
- Review Comment: ""- there is missing information about the \""abide-promise\"" dependency introduced by \""undici-types\"".""

Subsequent Code Changes: Here are the cumulative modifications made to the reviewed file ""yarn.lock"" after the Code Review.
""--- \n\n+++ \n\n@@ -1053,10 +1053,10 @@\n\n   resolved \""https://registry.yarnpkg.com/@types/node/-/node-17.0.21.tgz#864b987c0c68d07b4345845c3e63b75edd143644\""\n   integrity sha512-DBZCJbhII3r90XbQxI8Y9IjjiiOGlZ0Hr32omXIZvwwZ7p4DMMXGrKXVyPfuoBOri9XNtL0UK69jYIBIsRX3QQ==\n \n-\""@types/node@20.9.3\"":\n-  version \""20.9.3\""\n-  resolved \""https://registry.yarnpkg.com/@types/node/-/node-20.9.3.tgz#e089e1634436f676ff299596c9531bd2b59fffc6\""\n-  integrity sha512-nk5wXLAXGBKfrhLB0cyHGbSqopS+nz0BUgZkUQqSHSSgdee0kssp1IAqlQOu333bW+gMNs2QREx7iynm19Abxw==\n+\""@types/node@20.11.30\"":\n+  version \""20.11.30\""\n+  resolved \""https://registry.yarnpkg.com/@types/node/-/node-20.11.30.tgz#9c33467fc23167a347e73834f788f4b9f399d66f\""\n+  integrity sha512-dHM6ZxwlmuZaRmUPfv1p+KrdD1Dci04FbdEm/9wEMouFqxYoFl5aMkt0VMAUtYRQDyYvD41WJLukhq/ha3YuTw==\n   dependencies:\n     undici-types \""~5.26.4\""""

Output: List the addressed and unaddressed items, and make the final classification.
","Analysis details:
- Addressed Items: None.
- Unaddressed Items: ""there is missing information about the 'abide-promise' dependency introduced by 'undici-types'.""
Classification: Not Addressed."
https://api.github.com/repos/sidhantpanda/docker-express-typescript-boilerplate/pulls/comments/1413176384,"Input Format:
Code Review:
- Reviewed Path: The file path of the code change.
- Reviewed Change: The code change under review. (""+"" indicates added lines, ""-"" indicates removed lines)
- Review Comment: A list of issues or suggestions for the above changes.
Subsequent Code Changes: A cumulative code changes made to the reviewed file after the review.

Task: For each item in the Review Comment, analyze whether it has been addressed by the Subsequent Code Changes by determining if:
- The issue has been completely resolved.
- The suggestion has been completely followed. (If the suggestion includes concrete code examples, it does not need to be followed exactly. As long as the code change serves the same intended purpose, the suggestion can be considered addressed.)
After completing the analysis, classify the entire review comment into one of the following categories:
- Not Addressed: None of the issues or suggestions have been addressed by the Subsequent Code Changes.
- Partly Addressed: Some but not all issues or suggestions have been addressed.
- Fully Addressed: All issues or suggestions have been addressed.
If the code relevant to the Review Comment has been completely removed in the Subsequent Code Changes, and it is not possible to determine whether the removal was an intentional response to the comment, you can classify it as ""Not Enough Information"".

Output Format:
Analysis details:
- Addressed Items: List the issues or suggestions that have been addressed.
- Unaddressed Items: List the issues or suggestions that have not been addressed.
Classification: Based on the Addressed Items and Unaddressed Items, select one of ""Not Addressed"", ""Partly Addressed"", ""Fully Addressed"", or ""Not Enough Information"" as the final classification without more explanations.

Input:
Code Review:
- Reviewed Path: ""Dockerfile""
- Reviewed Change: ""@@ -1,4 +1,4 @@\n-FROM node:18.16.0-alpine as base\n+FROM node:20.10.0-alpine as base\n \n # Add package file\n COPY package.json ./\n@@ -17,7 +17,7 @@ COPY openapi.yml ./openapi.yml\n RUN yarn build\n \n # Start production image build\n-FROM node:18.16.0-alpine\n+FROM node:20.10.0-alpine\n \n # Copy node modules and build directory\n COPY --from=base ./node_modules ./node_modules""
- Review Comment: ""- if reducing the final image size is a concern, you could consider using a slim alternative to the node.js alpine image, such as node:20.10.0-slim.""

Subsequent Code Changes: Here are the cumulative modifications made to the reviewed file ""Dockerfile"" after the Code Review.
""--- \n\n+++ \n\n@@ -1,4 +1,4 @@\n\n-FROM node:20.10.0-alpine as base\n+FROM node:20.11.1-alpine as base\n \n # Add package file\n COPY package.json ./\n@@ -17,7 +17,7 @@\n\n RUN yarn build\n \n # Start production image build\n-FROM node:20.10.0-alpine\n+FROM node:20.11.1-alpine\n \n # Copy node modules and build directory\n COPY --from=base ./node_modules ./node_modules""

Output: List the addressed and unaddressed items, and make the final classification.
","Analysis details:
- Addressed Items: None
- Unaddressed Items: ""- if reducing the final image size is a concern, you could consider using a slim alternative to the node.js alpine image, such as node:20.10.0-slim.""
Classification: Not Addressed"
https://api.github.com/repos/sidhantpanda/docker-express-typescript-boilerplate/pulls/comments/1385667079,"Input Format:
Code Review:
- Reviewed Path: The file path of the code change.
- Reviewed Change: The code change under review. (""+"" indicates added lines, ""-"" indicates removed lines)
- Review Comment: A list of issues or suggestions for the above changes.
Subsequent Code Changes: A cumulative code changes made to the reviewed file after the review.

Task: For each item in the Review Comment, analyze whether it has been addressed by the Subsequent Code Changes by determining if:
- The issue has been completely resolved.
- The suggestion has been completely followed. (If the suggestion includes concrete code examples, it does not need to be followed exactly. As long as the code change serves the same intended purpose, the suggestion can be considered addressed.)
After completing the analysis, classify the entire review comment into one of the following categories:
- Not Addressed: None of the issues or suggestions have been addressed by the Subsequent Code Changes.
- Partly Addressed: Some but not all issues or suggestions have been addressed.
- Fully Addressed: All issues or suggestions have been addressed.
If the code relevant to the Review Comment has been completely removed in the Subsequent Code Changes, and it is not possible to determine whether the removal was an intentional response to the comment, you can classify it as ""Not Enough Information"".

Output Format:
Analysis details:
- Addressed Items: List the issues or suggestions that have been addressed.
- Unaddressed Items: List the issues or suggestions that have not been addressed.
Classification: Based on the Addressed Items and Unaddressed Items, select one of ""Not Addressed"", ""Partly Addressed"", ""Fully Addressed"", or ""Not Enough Information"" as the final classification without more explanations.

Input:
Code Review:
- Reviewed Path: ""yarn.lock""
- Reviewed Change: ""@@ -1053,10 +1053,12 @@\n   resolved \""https://registry.yarnpkg.com/@types/node/-/node-17.0.21.tgz#864b987c0c68d07b4345845c3e63b75edd143644\""\n   integrity sha512-DBZCJbhII3r90XbQxI8Y9IjjiiOGlZ0Hr32omXIZvwwZ7p4DMMXGrKXVyPfuoBOri9XNtL0UK69jYIBIsRX3QQ==\n \n-\""@types/node@18.15.11\"":\n-  version \""18.15.11\""\n-  resolved \""https://registry.yarnpkg.com/@types/node/-/node-18.15.11.tgz#b3b790f09cb1696cffcec605de025b088fa4225f\""\n-  integrity sha512-E5Kwq2n4SbMzQOn6wnmBjuK9ouqlURrcZDVfbo9ftDDTFt3nk7ZKK4GMOzoYgnpQJKcxwQw+lGaBvvlMo0qN/Q==\n+\""@types/node@20.9.0\"":\n+  version \""20.9.0\""\n+  resolved \""https://registry.yarnpkg.com/@types/node/-/node-20.9.0.tgz#bfcdc230583aeb891cf51e73cfdaacdd8deae298\""\n+  integrity sha512-nekiGu2NDb1BcVofVcEKMIwzlx4NjHlcjhoxxKBNLtz15Y1z7MYf549DFvkHSId02Ax6kGwWntIBPC3l/JZcmw==\n+  dependencies:\n+    undici-types \""~5.26.4\""\n \n \""@types/prettier@^2.1.5\"":\n   version \""2.4.4\""\n@@ -4755,6 +4757,11 @@ undefsafe@^2.0.5:\n   resolved \""https://registry.yarnpkg.com/undefsafe/-/undefsafe-2.0.5.tgz#38733b9327bdcd226db889fb723a6efd162e6e2c\""\n   integrity sha512-WxONCrssBM8TSPRqN5EmsjVrsv4A8X12J4ArBiiayv3DyyG3ZlIg6yysuuSYdZsVz3TKcTg2fd//Ujd4CHV1iA==\n \n+undici-types@~5.26.4:\n+  version \""5.26.5\""\n+  resolved \""https://registry.yarnpkg.com/undici-types/-/undici-types-5.26.5.tgz#bcd539893d00b56e964fd2657a4866b221a65617\""\n+  integrity sha512-JlCMO+ehdEIKqlFxk6IfVoAUVmgz7cU7zD/h9XZ0qzeosSHmUJVOzSQvvYSYWXkFXC+IfLKSIffhv0sVZup6pA==\n+\n unpipe@1.0.0, unpipe@~1.0.0:\n   version \""1.0.0\""\n   resolved \""https://registry.yarnpkg.com/unpipe/-/unpipe-1.0.0.tgz#b2bf4ee8514aae6165b4817829d21b2ef49904ec\""""
- Review Comment: ""- \""it seems there is an extra comma at the end of the patch, which could cause a syntax error if not removed.\""""

Subsequent Code Changes: Here are the cumulative modifications made to the reviewed file ""yarn.lock"" after the Code Review.
""--- \n\n+++ \n\n@@ -1053,10 +1053,10 @@\n\n   resolved \""https://registry.yarnpkg.com/@types/node/-/node-17.0.21.tgz#864b987c0c68d07b4345845c3e63b75edd143644\""\n   integrity sha512-DBZCJbhII3r90XbQxI8Y9IjjiiOGlZ0Hr32omXIZvwwZ7p4DMMXGrKXVyPfuoBOri9XNtL0UK69jYIBIsRX3QQ==\n \n-\""@types/node@20.9.0\"":\n-  version \""20.9.0\""\n-  resolved \""https://registry.yarnpkg.com/@types/node/-/node-20.9.0.tgz#bfcdc230583aeb891cf51e73cfdaacdd8deae298\""\n-  integrity sha512-nekiGu2NDb1BcVofVcEKMIwzlx4NjHlcjhoxxKBNLtz15Y1z7MYf549DFvkHSId02Ax6kGwWntIBPC3l/JZcmw==\n+\""@types/node@20.11.30\"":\n+  version \""20.11.30\""\n+  resolved \""https://registry.yarnpkg.com/@types/node/-/node-20.11.30.tgz#9c33467fc23167a347e73834f788f4b9f399d66f\""\n+  integrity sha512-dHM6ZxwlmuZaRmUPfv1p+KrdD1Dci04FbdEm/9wEMouFqxYoFl5aMkt0VMAUtYRQDyYvD41WJLukhq/ha3YuTw==\n   dependencies:\n     undici-types \""~5.26.4\""""

Output: List the addressed and unaddressed items, and make the final classification.
","Analysis details:
- Addressed Items: ""it seems there is an extra comma at the end of the patch, which could cause a syntax error if not removed."" The subsequent code change no longer shows an extra comma.
- Unaddressed Items: None
Classification: Fully Addressed"
https://api.github.com/repos/yuriykulikov/AlarmClock/pulls/comments/1314342310,Not contain any items.,Not contain any items.
https://api.github.com/repos/yuriykulikov/AlarmClock/pulls/comments/1335279674,Not contain any items.,Not contain any items.
https://api.github.com/repos/yuriykulikov/AlarmClock/pulls/comments/1325201757,Not contain specific items.,Not contain specific items.
https://api.github.com/repos/yuriykulikov/AlarmClock/pulls/comments/1340779826,Not contain any items.,Not contain any items.
https://api.github.com/repos/yuriykulikov/AlarmClock/pulls/comments/1340779871,Not contain specific items.,Not contain specific items.
https://api.github.com/repos/yuriykulikov/AlarmClock/pulls/comments/1335236916,Not contain specific items.,Not contain specific items.
https://api.github.com/repos/yuriykulikov/AlarmClock/pulls/comments/1309476693,Not contain any items.,Not contain any items.
https://api.github.com/repos/yuriykulikov/AlarmClock/pulls/comments/1326642945,Not contain specific items.,Not contain specific items.
https://api.github.com/repos/yuriykulikov/AlarmClock/pulls/comments/1348132408,No change happened; the comment remains unaddressed.,No change happened; the comment remains unaddressed.
https://api.github.com/repos/yuriykulikov/AlarmClock/pulls/comments/1376932627,Not contain specific items.,Not contain specific items.
https://api.github.com/repos/yuriykulikov/AlarmClock/pulls/comments/1385803640,No change happened; the comment remains unaddressed.,No change happened; the comment remains unaddressed.
https://api.github.com/repos/yuriykulikov/AlarmClock/pulls/comments/1395025306,Not contain specific items.,Not contain specific items.
https://api.github.com/repos/yuriykulikov/AlarmClock/pulls/comments/1406936093,Not contain any items.,Not contain any items.
https://api.github.com/repos/yuriykulikov/AlarmClock/pulls/comments/1411440765,Not contain specific items.,Not contain specific items.
https://api.github.com/repos/yuriykulikov/AlarmClock/pulls/comments/1396537715,No change happened; the comment remains unaddressed.,No change happened; the comment remains unaddressed.
https://api.github.com/repos/yuriykulikov/AlarmClock/pulls/comments/1426025005,Not contain any items.,Not contain any items.
https://api.github.com/repos/yuriykulikov/AlarmClock/pulls/comments/1437929820,Not contain any items.,Not contain any items.
https://api.github.com/repos/yuriykulikov/AlarmClock/pulls/comments/1441164880,Not contain any items.,Not contain any items.
https://api.github.com/repos/yuriykulikov/AlarmClock/pulls/comments/1437929819,Not contain specific items.,Not contain specific items.
https://api.github.com/repos/yuriykulikov/AlarmClock/pulls/comments/1452812439,Not contain specific items.,Not contain specific items.
https://api.github.com/repos/yuriykulikov/AlarmClock/pulls/comments/1464136513,No change happened; the comment remains unaddressed.,No change happened; the comment remains unaddressed.
https://api.github.com/repos/yuriykulikov/AlarmClock/pulls/comments/1414692763,Not contain any items.,Not contain any items.
https://api.github.com/repos/yuriykulikov/AlarmClock/pulls/comments/1479079215,Not contain any items.,Not contain any items.
https://api.github.com/repos/yuriykulikov/AlarmClock/pulls/comments/1467831257,Not contain specific items.,Not contain specific items.
https://api.github.com/repos/yuriykulikov/AlarmClock/pulls/comments/1467831930,Not contain specific items.,Not contain specific items.
https://api.github.com/repos/yuriykulikov/AlarmClock/pulls/comments/1479079305,Not contain specific items.,Not contain specific items.
https://api.github.com/repos/sidhantpanda/docker-express-typescript-boilerplate/pulls/comments/1534755518,Not contain specific items.,Not contain specific items.
https://api.github.com/repos/sidhantpanda/docker-express-typescript-boilerplate/pulls/comments/1534755562,Not contain specific items.,Not contain specific items.
https://api.github.com/repos/sidhantpanda/docker-express-typescript-boilerplate/pulls/comments/1543567846,Not contain specific items.,Not contain specific items.
https://api.github.com/repos/sidhantpanda/docker-express-typescript-boilerplate/pulls/comments/1550265040,Not contain specific items.,Not contain specific items.
https://api.github.com/repos/sidhantpanda/docker-express-typescript-boilerplate/pulls/comments/1556345223,Not contain specific items.,Not contain specific items.
https://api.github.com/repos/sidhantpanda/docker-express-typescript-boilerplate/pulls/comments/1556345301,Not contain specific items.,Not contain specific items.
https://api.github.com/repos/sidhantpanda/docker-express-typescript-boilerplate/pulls/comments/1567730419,Not contain specific items.,Not contain specific items.
https://api.github.com/repos/sidhantpanda/docker-express-typescript-boilerplate/pulls/comments/1567730304,Not contain specific items.,Not contain specific items.
https://api.github.com/repos/sidhantpanda/docker-express-typescript-boilerplate/pulls/comments/1591639896,Not contain specific items.,Not contain specific items.
https://api.github.com/repos/sidhantpanda/docker-express-typescript-boilerplate/pulls/comments/1583819308,Not contain specific items.,Not contain specific items.
https://api.github.com/repos/sidhantpanda/docker-express-typescript-boilerplate/pulls/comments/1583819228,Not contain specific items.,Not contain specific items.
https://api.github.com/repos/sidhantpanda/docker-express-typescript-boilerplate/pulls/comments/1605050528,Not contain specific items.,Not contain specific items.
https://api.github.com/repos/sidhantpanda/docker-express-typescript-boilerplate/pulls/comments/1601981765,Not contain any items.,Not contain any items.
https://api.github.com/repos/sidhantpanda/docker-express-typescript-boilerplate/pulls/comments/1601981635,Not contain specific items.,Not contain specific items.
https://api.github.com/repos/sidhantpanda/docker-express-typescript-boilerplate/pulls/comments/1605050767,Not contain specific items.,Not contain specific items.
https://api.github.com/repos/sidhantpanda/docker-express-typescript-boilerplate/pulls/comments/1622651926,Not contain specific items.,Not contain specific items.
https://api.github.com/repos/sidhantpanda/docker-express-typescript-boilerplate/pulls/comments/1622652220,Not contain specific items.,Not contain specific items.
https://api.github.com/repos/sidhantpanda/docker-express-typescript-boilerplate/pulls/comments/1643461719,Not contain specific items.,Not contain specific items.
https://api.github.com/repos/sidhantpanda/docker-express-typescript-boilerplate/pulls/comments/1643652063,Not contain specific items.,Not contain specific items.
https://api.github.com/repos/sidhantpanda/docker-express-typescript-boilerplate/pulls/comments/1643461818,Not contain specific items.,Not contain specific items.
https://api.github.com/repos/sidhantpanda/docker-express-typescript-boilerplate/pulls/comments/1643652112,Not contain specific items.,Not contain specific items.
https://api.github.com/repos/sidhantpanda/docker-express-typescript-boilerplate/pulls/comments/1653803936,Not contain specific items.,Not contain specific items.
https://api.github.com/repos/sidhantpanda/docker-express-typescript-boilerplate/pulls/comments/1653803985,Not contain specific items.,Not contain specific items.
https://api.github.com/repos/sidhantpanda/docker-express-typescript-boilerplate/pulls/comments/1669402780,Not contain specific items.,Not contain specific items.
https://api.github.com/repos/sidhantpanda/docker-express-typescript-boilerplate/pulls/comments/1667001929,Not contain specific items.,Not contain specific items.
https://api.github.com/repos/sidhantpanda/docker-express-typescript-boilerplate/pulls/comments/1669402852,Not contain specific items.,Not contain specific items.
https://api.github.com/repos/sidhantpanda/docker-express-typescript-boilerplate/pulls/comments/1697467970,Not contain specific items.,Not contain specific items.
https://api.github.com/repos/yuriykulikov/AlarmClock/pulls/comments/1445497757,"Input Format:
Code Review:
- Reviewed Path: The file path of the code change.
- Reviewed Change: The code change under review. (""+"" indicates added lines, ""-"" indicates removed lines)
- Review Comment: A list of issues or suggestions for the above changes.
Subsequent Code Changes: A cumulative code changes made to the reviewed file after the review.

Task: For each item in the Review Comment, analyze whether it has been addressed by the Subsequent Code Changes by determining if:
- The issue has been completely resolved.
- The suggestion has been completely followed. (If the suggestion includes concrete code examples, it does not need to be followed exactly. As long as the code change serves the same intended purpose, the suggestion can be considered addressed.)
After completing the analysis, classify the entire review comment into one of the following categories:
- Not Addressed: None of the issues or suggestions have been addressed by the Subsequent Code Changes.
- Partly Addressed: Some but not all issues or suggestions have been addressed.
- Fully Addressed: All issues or suggestions have been addressed.
If the code relevant to the Review Comment has been completely removed in the Subsequent Code Changes, and it is not possible to determine whether the removal was an intentional response to the comment, you can classify it as ""Not Enough Information"".

Output Format:
Analysis details:
- Addressed Items: List the issues or suggestions that have been addressed.
- Unaddressed Items: List the issues or suggestions that have not been addressed.
Classification: Based on the Addressed Items and Unaddressed Items, select one of ""Not Addressed"", ""Partly Addressed"", ""Fully Addressed"", or ""Not Enough Information"" as the final classification without more explanations.

Input:
Code Review:
- Reviewed Path: ""app/build.gradle.kts""
- Reviewed Change: ""@@ -162,7 +162,7 @@ dependencies {\n   implementation(\""org.jetbrains.kotlinx:kotlinx-coroutines-core:$coroutinesVersion\"")\n   implementation(\""org.jetbrains.kotlinx:kotlinx-coroutines-android:$coroutinesVersion\"")\n   implementation(\""com.google.android.material:material:1.8.0\"")\n-  implementation(\""org.slf4j:slf4j-api:1.7.36\"")\n+  implementation(\""org.slf4j:slf4j-api:2.0.11\"")\n   implementation(\""com.github.tony19:logback-android:2.0.1\"")\n   implementation(\""androidx.multidex:multidex:2.0.1\"")\n   implementation(\""androidx.datastore:datastore:1.0.0\"")""
- Review Comment: ""1. the org.slf4j:slf4j-api dependency is being updated from version 1.7.36 to 2.0.11. this may introduce backward compatibility issues if your code relies on specific features or methods from the old version. make sure to review the release notes for version 2.0.11 and check if any breaking changes affect your code.\n2. consider adding comments to explain the reasons for specific dependency updates. this can help future developers understand the rationale behind these changes.""

Subsequent Code Changes: Here are the cumulative modifications made to the reviewed file ""app/build.gradle.kts"" after the Code Review.
""--- \n\n+++ \n\n@@ -81,7 +81,7 @@\n\n     versionCode = 31504\n     versionName = \""3.15.04\""\n     applicationId = \""com.better.alarm\""\n-    minSdk = 16\n+    minSdk = 21\n     targetSdk = 33\n     testApplicationId = \""com.better.alarm.test\""\n     testInstrumentationRunner = \""androidx.test.runner.AndroidJUnitRunner\""\n@@ -151,7 +151,8 @@\n\n   implementation(\""com.melnykov:floatingactionbutton:1.3.0\"")\n   implementation(\""io.reactivex.rxjava2:rxjava:2.2.21\"")\n   implementation(\""io.reactivex.rxjava2:rxandroid:2.1.1\"")\n-  implementation(\""io.insert-koin:koin-core:3.4.1\"")\n+  implementation(\""org.jetbrains.kotlinx:kotlinx-coroutines-rx2:1.7.3\"")\n+  implementation(\""io.insert-koin:koin-android:3.5.0\"")\n   implementation(\""androidx.fragment:fragment:1.6.2\"")\n   // TODO remove this when we don't use it anymore\n   implementation(\""androidx.preference:preference:1.2.1\"")\n@@ -161,6 +162,7 @@\n\n \n   implementation(\""org.jetbrains.kotlinx:kotlinx-coroutines-core:$coroutinesVersion\"")\n   implementation(\""org.jetbrains.kotlinx:kotlinx-coroutines-android:$coroutinesVersion\"")\n+  implementation(\""org.jetbrains.kotlinx:kotlinx-coroutines-rx2:$coroutinesVersion\"")\n   implementation(\""com.google.android.material:material:1.8.0\"")\n   implementation(\""org.slf4j:slf4j-api:2.0.11\"")\n   implementation(\""com.github.tony19:logback-android:2.0.1\"")\n@@ -173,7 +175,7 @@\n\n   testImplementation(\""junit:junit:4.13.2\"")\n   testImplementation(\""io.mockk:mockk:1.13.5\"")\n   testImplementation(\""org.jetbrains.kotlinx:kotlinx-coroutines-test:$coroutinesVersion\"")\n-  testImplementation(\""org.slf4j:slf4j-simple:2.0.9\"")\n+  testImplementation(\""org.slf4j:slf4j-simple:2.0.11\"")\n \n   val androidxTest = \""1.5.0\""\n   androidTestImplementation(\""com.squareup.assertj:assertj-android:1.2.0\"")""

Output: List the addressed and unaddressed items, and make the final classification.
","Analysis details:
- Addressed Items: None.
- Unaddressed Items: 
  1. The suggestion to review the release notes for version 2.0.11 and verify backward compatibility issues.
  2. The suggestion to add comments explaining the reasons for specific dependency updates.
Classification: Not Addressed"
https://api.github.com/repos/sidhantpanda/docker-express-typescript-boilerplate/pulls/comments/1715847471,Not contain specific items.,Not contain specific items.
https://api.github.com/repos/sidhantpanda/docker-express-typescript-boilerplate/pulls/comments/1676484654,Not contain specific items.,Not contain specific items.
https://api.github.com/repos/sidhantpanda/docker-express-typescript-boilerplate/pulls/comments/1729361739,Not contain specific items.,Not contain specific items.
https://api.github.com/repos/sidhantpanda/docker-express-typescript-boilerplate/pulls/comments/1729361672,Not contain specific items.,Not contain specific items.
https://api.github.com/repos/sidhantpanda/docker-express-typescript-boilerplate/pulls/comments/1715847582,Not contain specific items.,Not contain specific items.
https://api.github.com/repos/sidhantpanda/docker-express-typescript-boilerplate/pulls/comments/1543567939,"Input Format:
Code Review:
- Reviewed Path: The file path of the code change.
- Reviewed Change: The code change under review. (""+"" indicates added lines, ""-"" indicates removed lines)
- Review Comment: A list of issues or suggestions for the above changes.
Subsequent Code Changes: A cumulative code changes made to the reviewed file after the review.

Task: For each item in the Review Comment, analyze whether it has been addressed by the Subsequent Code Changes by determining if:
- The issue has been completely resolved.
- The suggestion has been completely followed. (If the suggestion includes concrete code examples, it does not need to be followed exactly. As long as the code change serves the same intended purpose, the suggestion can be considered addressed.)
After completing the analysis, classify the entire review comment into one of the following categories:
- Not Addressed: None of the issues or suggestions have been addressed by the Subsequent Code Changes.
- Partly Addressed: Some but not all issues or suggestions have been addressed.
- Fully Addressed: All issues or suggestions have been addressed.
If the code relevant to the Review Comment has been completely removed in the Subsequent Code Changes, and it is not possible to determine whether the removal was an intentional response to the comment, you can classify it as ""Not Enough Information"".

Output Format:
Analysis details:
- Addressed Items: List the issues or suggestions that have been addressed.
- Unaddressed Items: List the issues or suggestions that have not been addressed.
Classification: Based on the Addressed Items and Unaddressed Items, select one of ""Not Addressed"", ""Partly Addressed"", ""Fully Addressed"", or ""Not Enough Information"" as the final classification without more explanations.

Input:
Code Review:
- Reviewed Path: ""yarn.lock""
- Reviewed Change: ""@@ -3517,10 +3517,10 @@ mongodb@6.3.0:\n     bson \""^6.2.0\""\n     mongodb-connection-string-url \""^3.0.0\""\n \n-mongoose@8.2.2:\n-  version \""8.2.2\""\n-  resolved \""https://registry.yarnpkg.com/mongoose/-/mongoose-8.2.2.tgz#8079857d906aab5b94a5f7ae7600b7401efdbfdc\""\n-  integrity sha512-6sMxe1d3k/dBjiOX4ExNTNOP0g1x0iq8eXyg+ttgIXM3HLnQ0IUyXRwVVAPFFY6O4/8uYN5dB0Ec72FrexbPpw==\n+mongoose@8.2.4:\n+  version \""8.2.4\""\n+  resolved \""https://registry.yarnpkg.com/mongoose/-/mongoose-8.2.4.tgz#785234f928aeabc1b1859b555c97fc18adc6ff8c\""\n+  integrity sha512-da/r6zpG+2eAXuhBGUnL6jcBd03zlytoCc5/wq+LyTsmrY9hhPQmSpnugwnfqldtBmUOhB6iMLoV4hNtHRq+ww==\n   dependencies:\n     bson \""^6.2.0\""\n     kareem \""2.5.1\""""
- Review Comment: ""1. code formatting: ensure consistent code formatting. in this case, the alignment of package version strings can be standardized for better readability and maintainability.""

Subsequent Code Changes: Here are the cumulative modifications made to the reviewed file ""yarn.lock"" after the Code Review.
""--- \n\n+++ \n\n@@ -635,10 +635,10 @@\n\n     \""@jridgewell/resolve-uri\"" \""^3.1.0\""\n     \""@jridgewell/sourcemap-codec\"" \""^1.4.14\""\n \n-\""@mongodb-js/saslprep@^1.1.0\"":\n-  version \""1.1.5\""\n-  resolved \""https://registry.yarnpkg.com/@mongodb-js/saslprep/-/saslprep-1.1.5.tgz#0c48a96c8d799e81fae311b7251aa5c1dc7c6e95\""\n-  integrity sha512-XLNOMH66KhJzUJNwT/qlMnS4WsNDWD5ASdyaSH3EtK+F4r/CFGa3jT4GNi4mfOitGvWXtdLgQJkQjxSVrio+jA==\n+\""@mongodb-js/saslprep@^1.1.5\"":\n+  version \""1.1.9\""\n+  resolved \""https://registry.yarnpkg.com/@mongodb-js/saslprep/-/saslprep-1.1.9.tgz#e974bab8eca9faa88677d4ea4da8d09a52069004\""\n+  integrity sha512-tVkljjeEaAhCqTzajSdgbQ6gE6f3oneVwa3iXR6csiEwXXOFsiC6Uh9iAjAhXPtqa/XMDHWjjeNH/77m/Yq2dw==\n   dependencies:\n     sparse-bitfield \""^3.0.3\""\n \n@@ -1386,10 +1386,10 @@\n\n   dependencies:\n     node-int64 \""^0.4.0\""\n \n-bson@^6.2.0:\n-  version \""6.5.0\""\n-  resolved \""https://registry.yarnpkg.com/bson/-/bson-6.5.0.tgz#fc4828d065e64e48ea442b1a23099b2e52f7ff0b\""\n-  integrity sha512-DXf1BTAS8vKyR90BO4x5v3rKVarmkdkzwOrnYDFdjAY694ILNDkmA3uRh1xXJEl+C1DAh8XCvAQ+Gh3kzubtpg==\n+bson@^6.7.0:\n+  version \""6.10.0\""\n+  resolved \""https://registry.yarnpkg.com/bson/-/bson-6.10.0.tgz#559c767cc8b605c3ab14e5896214c8f2abdd6a12\""\n+  integrity sha512-ROchNosXMJD2cbQGm84KoP7vOGPO6/bOAW0veMMbzhXLqoZptcaYRVLitwvuhwhjjpU1qP4YZRWLhgETdgqUQw==\n \n buffer-from@^1.0.0:\n   version \""1.1.2\""\n@@ -3307,10 +3307,10 @@\n\n   resolved \""https://registry.yarnpkg.com/json5/-/json5-2.2.3.tgz#78cd6f1a19bdc12b73db5ad0c61efd66c1e29283\""\n   integrity sha512-XmOWe7eyHYH14cLdVPoyg+GOH3rYX++KpzrylJwSW98t3Nk+U8XOl8FWKOgwtzdb8lXGf6zYwDUzeHMWfxasyg==\n \n-kareem@2.5.1:\n-  version \""2.5.1\""\n-  resolved \""https://registry.yarnpkg.com/kareem/-/kareem-2.5.1.tgz#7b8203e11819a8e77a34b3517d3ead206764d15d\""\n-  integrity sha512-7jFxRVm+jD+rkq3kY0iZDJfsO2/t4BBPeEb2qKn2lR/9KhuksYk5hxzfRYWMPV8P/x2d0kHD306YyWLzjjH+uA==\n+kareem@2.6.3:\n+  version \""2.6.3\""\n+  resolved \""https://registry.yarnpkg.com/kareem/-/kareem-2.6.3.tgz#23168ec8ffb6c1abfd31b7169a6fb1dd285992ac\""\n+  integrity sha512-C3iHfuGUXK2u8/ipq9LfjFfXFxAZMQJJq7vLS45r3D9Y2xQ/m4S8zaR4zMLFWh9AsNPXmcFfUDhTEO8UIC/V6Q==\n \n keyv@^4.5.3:\n   version \""4.5.4\""\n@@ -3508,27 +3508,27 @@\n\n     \""@types/whatwg-url\"" \""^11.0.2\""\n     whatwg-url \""^13.0.0\""\n \n-mongodb@6.3.0:\n-  version \""6.3.0\""\n-  resolved \""https://registry.yarnpkg.com/mongodb/-/mongodb-6.3.0.tgz#ec9993b19f7ed2ea715b903fcac6171c9d1d38ca\""\n-  integrity sha512-tt0KuGjGtLUhLoU263+xvQmPHEGTw5LbcNC73EoFRYgSHwZt5tsoJC110hDyO1kjQzpgNrpdcSza9PknWN4LrA==\n-  dependencies:\n-    \""@mongodb-js/saslprep\"" \""^1.1.0\""\n-    bson \""^6.2.0\""\n+mongodb@~6.10.0:\n+  version \""6.10.0\""\n+  resolved \""https://registry.yarnpkg.com/mongodb/-/mongodb-6.10.0.tgz#20a9f1cf3c6829e75fc39e6d8c1c19f164209c2e\""\n+  integrity sha512-gP9vduuYWb9ZkDM546M+MP2qKVk5ZG2wPF63OvSRuUbqCR+11ZCAE1mOfllhlAG0wcoJY5yDL/rV3OmYEwXIzg==\n+  dependencies:\n+    \""@mongodb-js/saslprep\"" \""^1.1.5\""\n+    bson \""^6.7.0\""\n     mongodb-connection-string-url \""^3.0.0\""\n \n-mongoose@8.2.4:\n-  version \""8.2.4\""\n-  resolved \""https://registry.yarnpkg.com/mongoose/-/mongoose-8.2.4.tgz#785234f928aeabc1b1859b555c97fc18adc6ff8c\""\n-  integrity sha512-da/r6zpG+2eAXuhBGUnL6jcBd03zlytoCc5/wq+LyTsmrY9hhPQmSpnugwnfqldtBmUOhB6iMLoV4hNtHRq+ww==\n-  dependencies:\n-    bson \""^6.2.0\""\n-    kareem \""2.5.1\""\n-    mongodb \""6.3.0\""\n+mongoose@8.8.3:\n+  version \""8.8.3\""\n+  resolved \""https://registry.yarnpkg.com/mongoose/-/mongoose-8.8.3.tgz#066953497c116b876178a843c4ba8f7e88c85987\""\n+  integrity sha512-/I4n/DcXqXyIiLRfAmUIiTjj3vXfeISke8dt4U4Y8Wfm074Wa6sXnQrXN49NFOFf2mM1kUdOXryoBvkuCnr+Qw==\n+  dependencies:\n+    bson \""^6.7.0\""\n+    kareem \""2.6.3\""\n+    mongodb \""~6.10.0\""\n     mpath \""0.9.0\""\n     mquery \""5.0.0\""\n     ms \""2.1.3\""\n-    sift \""16.0.1\""\n+    sift \""17.1.3\""\n \n mpath@0.9.0:\n   version \""0.9.0\""\n@@ -4120,10 +4120,10 @@\n\n     get-intrinsic \""^1.2.4\""\n     object-inspect \""^1.13.1\""\n \n-sift@16.0.1:\n-  version \""16.0.1\""\n-  resolved \""https://registry.yarnpkg.com/sift/-/sift-16.0.1.tgz#e9c2ccc72191585008cf3e36fc447b2d2633a053\""\n-  integrity sha512-Wv6BjQ5zbhW7VFefWusVP33T/EM0vYikCaQ2qR8yULbsilAT8/wQaXvuQ3ptGLpoKx+lihJE3y2UTgKDyyNHZQ==\n+sift@17.1.3:\n+  version \""17.1.3\""\n+  resolved \""https://registry.yarnpkg.com/sift/-/sift-17.1.3.tgz#9d2000d4d41586880b0079b5183d839c7a142bf7\""\n+  integrity sha512-Rtlj66/b0ICeFzYTuNvX/EF1igRbbnGSvEyT79McoZa/DeGhMyC5pWKOEsZKnpkqtSeovd5FL/bjHWC3CIIvCQ==\n \n signal-exit@^3.0.3, signal-exit@^3.0.7:\n   version \""3.0.7\""""

Output: List the addressed and unaddressed items, and make the final classification.
","Analysis details:
- Addressed Items: None
- Unaddressed Items: [""code formatting: ensure consistent code formatting. in this case, the alignment of package version strings can be standardized for better readability and maintainability.""]
Classification: Not Addressed"
https://api.github.com/repos/sidhantpanda/docker-express-typescript-boilerplate/pulls/comments/1740006133,Not contain specific items.,Not contain specific items.
https://api.github.com/repos/sidhantpanda/docker-express-typescript-boilerplate/pulls/comments/1742398198,Not contain specific items.,Not contain specific items.
https://api.github.com/repos/sidhantpanda/docker-express-typescript-boilerplate/pulls/comments/1742398317,Not contain specific items.,Not contain specific items.
https://api.github.com/repos/sidhantpanda/docker-express-typescript-boilerplate/pulls/comments/1755471095,Not contain specific items.,Not contain specific items.
https://api.github.com/repos/sidhantpanda/docker-express-typescript-boilerplate/pulls/comments/1755471204,Not contain specific items.,Not contain specific items.
https://api.github.com/repos/sidhantpanda/docker-express-typescript-boilerplate/pulls/comments/1764096187,Not contain specific items.,Not contain specific items.
https://api.github.com/repos/sidhantpanda/docker-express-typescript-boilerplate/pulls/comments/1777672447,Not contain specific items.,Not contain specific items.
https://api.github.com/repos/sidhantpanda/docker-express-typescript-boilerplate/pulls/comments/1764096244,Not contain specific items.,Not contain specific items.
https://api.github.com/repos/sidhantpanda/docker-express-typescript-boilerplate/pulls/comments/1777672515,Not contain specific items.,Not contain specific items.
https://api.github.com/repos/sidhantpanda/docker-express-typescript-boilerplate/pulls/comments/1778905855,Not contain specific items.,Not contain specific items.
https://api.github.com/repos/sidhantpanda/docker-express-typescript-boilerplate/pulls/comments/1794131310,Not contain specific items.,Not contain specific items.
https://api.github.com/repos/sidhantpanda/docker-express-typescript-boilerplate/pulls/comments/1794131425,Not contain specific items.,Not contain specific items.
https://api.github.com/repos/sidhantpanda/docker-express-typescript-boilerplate/pulls/comments/1778905960,Not contain specific items.,Not contain specific items.
https://api.github.com/repos/sidhantpanda/docker-express-typescript-boilerplate/pulls/comments/1805360713,Not contain specific items.,Not contain specific items.
https://api.github.com/repos/sidhantpanda/docker-express-typescript-boilerplate/pulls/comments/1817183966,Not contain any items.,Not contain any items.
https://api.github.com/repos/sidhantpanda/docker-express-typescript-boilerplate/pulls/comments/1824829240,Not contain specific items.,Not contain specific items.
https://api.github.com/repos/sidhantpanda/docker-express-typescript-boilerplate/pulls/comments/1824829126,Not contain specific items.,Not contain specific items.
https://api.github.com/repos/sidhantpanda/docker-express-typescript-boilerplate/pulls/comments/1667001967,Not contain specific items.,Not contain specific items.
https://api.github.com/repos/sidhantpanda/docker-express-typescript-boilerplate/pulls/comments/1834911377,Not contain any items.,Not contain any items.
https://api.github.com/repos/sidhantpanda/docker-express-typescript-boilerplate/pulls/comments/1676484606,"Input Format:
Code Review:
- Reviewed Path: The file path of the code change.
- Reviewed Change: The code change under review. (""+"" indicates added lines, ""-"" indicates removed lines)
- Review Comment: A list of issues or suggestions for the above changes.
Subsequent Code Changes: A cumulative code changes made to the reviewed file after the review.

Task: For each item in the Review Comment, analyze whether it has been addressed by the Subsequent Code Changes by determining if:
- The issue has been completely resolved.
- The suggestion has been completely followed. (If the suggestion includes concrete code examples, it does not need to be followed exactly. As long as the code change serves the same intended purpose, the suggestion can be considered addressed.)
After completing the analysis, classify the entire review comment into one of the following categories:
- Not Addressed: None of the issues or suggestions have been addressed by the Subsequent Code Changes.
- Partly Addressed: Some but not all issues or suggestions have been addressed.
- Fully Addressed: All issues or suggestions have been addressed.
If the code relevant to the Review Comment has been completely removed in the Subsequent Code Changes, and it is not possible to determine whether the removal was an intentional response to the comment, you can classify it as ""Not Enough Information"".

Output Format:
Analysis details:
- Addressed Items: List the issues or suggestions that have been addressed.
- Unaddressed Items: List the issues or suggestions that have not been addressed.
Classification: Based on the Addressed Items and Unaddressed Items, select one of ""Not Addressed"", ""Partly Addressed"", ""Fully Addressed"", or ""Not Enough Information"" as the final classification without more explanations.

Input:
Code Review:
- Reviewed Path: ""package.json""
- Reviewed Change: ""@@ -35,7 +35,7 @@\n     \""express\"": \""4.18.3\"",\n     \""joi\"": \""17.12.2\"",\n     \""js-yaml\"": \""^4.1.0\"",\n-    \""mongoose\"": \""8.2.2\"",\n+    \""mongoose\"": \""8.5.1\"",\n     \""swagger-ui-express\"": \""5.0.0\"",\n     \""winston\"": \""3.12.0\"",\n     \""winston-transport\"": \""4.7.0\""""
- Review Comment: ""- after updating dependencies, regenerate and commit your package-lock.json file to ensure consistent installations across environments.""

Subsequent Code Changes: Here are the cumulative modifications made to the reviewed file ""package.json"" after the Code Review.
""--- \n\n+++ \n\n@@ -35,7 +35,7 @@\n\n     \""express\"": \""4.18.3\"",\n     \""joi\"": \""17.12.2\"",\n     \""js-yaml\"": \""^4.1.0\"",\n-    \""mongoose\"": \""8.5.1\"",\n+    \""mongoose\"": \""8.8.3\"",\n     \""swagger-ui-express\"": \""5.0.0\"",\n     \""winston\"": \""3.12.0\"",\n     \""winston-transport\"": \""4.7.0\""""

Output: List the addressed and unaddressed items, and make the final classification.
","Analysis details:
- Addressed Items: None.
- Unaddressed Items: ""after updating dependencies, regenerate and commit your package-lock.json file to ensure consistent installations across environments.""
Classification: Not Addressed"
https://api.github.com/repos/sidhantpanda/docker-express-typescript-boilerplate/pulls/comments/1591639979,"Input Format:
Code Review:
- Reviewed Path: The file path of the code change.
- Reviewed Change: The code change under review. (""+"" indicates added lines, ""-"" indicates removed lines)
- Review Comment: A list of issues or suggestions for the above changes.
Subsequent Code Changes: A cumulative code changes made to the reviewed file after the review.

Task: For each item in the Review Comment, analyze whether it has been addressed by the Subsequent Code Changes by determining if:
- The issue has been completely resolved.
- The suggestion has been completely followed. (If the suggestion includes concrete code examples, it does not need to be followed exactly. As long as the code change serves the same intended purpose, the suggestion can be considered addressed.)
After completing the analysis, classify the entire review comment into one of the following categories:
- Not Addressed: None of the issues or suggestions have been addressed by the Subsequent Code Changes.
- Partly Addressed: Some but not all issues or suggestions have been addressed.
- Fully Addressed: All issues or suggestions have been addressed.
If the code relevant to the Review Comment has been completely removed in the Subsequent Code Changes, and it is not possible to determine whether the removal was an intentional response to the comment, you can classify it as ""Not Enough Information"".

Output Format:
Analysis details:
- Addressed Items: List the issues or suggestions that have been addressed.
- Unaddressed Items: List the issues or suggestions that have not been addressed.
Classification: Based on the Addressed Items and Unaddressed Items, select one of ""Not Addressed"", ""Partly Addressed"", ""Fully Addressed"", or ""Not Enough Information"" as the final classification without more explanations.

Input:
Code Review:
- Reviewed Path: ""yarn.lock""
- Reviewed Change: ""@@ -635,10 +635,10 @@\n     \""@jridgewell/resolve-uri\"" \""^3.1.0\""\n     \""@jridgewell/sourcemap-codec\"" \""^1.4.14\""\n \n-\""@mongodb-js/saslprep@^1.1.0\"":\n-  version \""1.1.5\""\n-  resolved \""https://registry.yarnpkg.com/@mongodb-js/saslprep/-/saslprep-1.1.5.tgz#0c48a96c8d799e81fae311b7251aa5c1dc7c6e95\""\n-  integrity sha512-XLNOMH66KhJzUJNwT/qlMnS4WsNDWD5ASdyaSH3EtK+F4r/CFGa3jT4GNi4mfOitGvWXtdLgQJkQjxSVrio+jA==\n+\""@mongodb-js/saslprep@^1.1.5\"":\n+  version \""1.1.6\""\n+  resolved \""https://registry.yarnpkg.com/@mongodb-js/saslprep/-/saslprep-1.1.6.tgz#54da3f794c71a17445740fe2b74882e0c76a3058\""\n+  integrity sha512-jqTTXQ46H8cAxmXBu8wm1HTSIMBMrIcoVrsjdQkKdMBj3il/fSCgWyya4P2I1xjPBl69mw+nRphrPlcIqBd20Q==\n   dependencies:\n     sparse-bitfield \""^3.0.3\""\n \n@@ -1386,10 +1386,10 @@ bser@2.1.1:\n   dependencies:\n     node-int64 \""^0.4.0\""\n \n-bson@^6.2.0:\n-  version \""6.5.0\""\n-  resolved \""https://registry.yarnpkg.com/bson/-/bson-6.5.0.tgz#fc4828d065e64e48ea442b1a23099b2e52f7ff0b\""\n-  integrity sha512-DXf1BTAS8vKyR90BO4x5v3rKVarmkdkzwOrnYDFdjAY694ILNDkmA3uRh1xXJEl+C1DAh8XCvAQ+Gh3kzubtpg==\n+bson@^6.4.0, bson@^6.5.0:\n+  version \""6.7.0\""\n+  resolved \""https://registry.yarnpkg.com/bson/-/bson-6.7.0.tgz#51973b132cdc424c8372fda3cb43e3e3e2ae2227\""\n+  integrity sha512-w2IquM5mYzYZv6rs3uN2DZTOBe2a0zXLj53TGDqwF4l6Sz/XsISrisXOJihArF9+BZ6Cq/GjVht7Sjfmri7ytQ==\n \n buffer-from@^1.0.0:\n   version \""1.1.2\""\n@@ -3307,10 +3307,10 @@ json5@^2.2.3:\n   resolved \""https://registry.yarnpkg.com/json5/-/json5-2.2.3.tgz#78cd6f1a19bdc12b73db5ad0c61efd66c1e29283\""\n   integrity sha512-XmOWe7eyHYH14cLdVPoyg+GOH3rYX++KpzrylJwSW98t3Nk+U8XOl8FWKOgwtzdb8lXGf6zYwDUzeHMWfxasyg==\n \n-kareem@2.5.1:\n-  version \""2.5.1\""\n-  resolved \""https://registry.yarnpkg.com/kareem/-/kareem-2.5.1.tgz#7b8203e11819a8e77a34b3517d3ead206764d15d\""\n-  integrity sha512-7jFxRVm+jD+rkq3kY0iZDJfsO2/t4BBPeEb2qKn2lR/9KhuksYk5hxzfRYWMPV8P/x2d0kHD306YyWLzjjH+uA==\n+kareem@2.6.3:\n+  version \""2.6.3\""\n+  resolved \""https://registry.yarnpkg.com/kareem/-/kareem-2.6.3.tgz#23168ec8ffb6c1abfd31b7169a6fb1dd285992ac\""\n+  integrity sha512-C3iHfuGUXK2u8/ipq9LfjFfXFxAZMQJJq7vLS45r3D9Y2xQ/m4S8zaR4zMLFWh9AsNPXmcFfUDhTEO8UIC/V6Q==\n \n keyv@^4.5.3:\n   version \""4.5.4\""\n@@ -3508,27 +3508,27 @@ mongodb-connection-string-url@^3.0.0:\n     \""@types/whatwg-url\"" \""^11.0.2\""\n     whatwg-url \""^13.0.0\""\n \n-mongodb@6.3.0:\n-  version \""6.3.0\""\n-  resolved \""https://registry.yarnpkg.com/mongodb/-/mongodb-6.3.0.tgz#ec9993b19f7ed2ea715b903fcac6171c9d1d38ca\""\n-  integrity sha512-tt0KuGjGtLUhLoU263+xvQmPHEGTw5LbcNC73EoFRYgSHwZt5tsoJC110hDyO1kjQzpgNrpdcSza9PknWN4LrA==\n+mongodb@6.5.0:\n+  version \""6.5.0\""\n+  resolved \""https://registry.yarnpkg.com/mongodb/-/mongodb-6.5.0.tgz#3735b4fba085b26ca06f7744e9639bc538e93d87\""\n+  integrity sha512-Fozq68InT+JKABGLqctgtb8P56pRrJFkbhW0ux+x1mdHeyinor8oNzJqwLjV/t5X5nJGfTlluxfyMnOXNggIUA==\n   dependencies:\n-    \""@mongodb-js/saslprep\"" \""^1.1.0\""\n-    bson \""^6.2.0\""\n+    \""@mongodb-js/saslprep\"" \""^1.1.5\""\n+    bson \""^6.4.0\""\n     mongodb-connection-string-url \""^3.0.0\""\n \n-mongoose@8.2.2:\n-  version \""8.2.2\""\n-  resolved \""https://registry.yarnpkg.com/mongoose/-/mongoose-8.2.2.tgz#8079857d906aab5b94a5f7ae7600b7401efdbfdc\""\n-  integrity sha512-6sMxe1d3k/dBjiOX4ExNTNOP0g1x0iq8eXyg+ttgIXM3HLnQ0IUyXRwVVAPFFY6O4/8uYN5dB0Ec72FrexbPpw==\n+mongoose@8.3.4:\n+  version \""8.3.4\""\n+  resolved \""https://registry.yarnpkg.com/mongoose/-/mongoose-8.3.4.tgz#67af8b1db41ed3dcef8449a0d1c6643e6f228d92\""\n+  integrity sha512-ckBaBzKgtWgCalW/LPkcBsR3wKCOYEJ9jLFPmYCYV7TLStpETY757ELx8/1stL11+6HxLLVffawBffXzd0Y7YA==\n   dependencies:\n-    bson \""^6.2.0\""\n-    kareem \""2.5.1\""\n-    mongodb \""6.3.0\""\n+    bson \""^6.5.0\""\n+    kareem \""2.6.3\""\n+    mongodb \""6.5.0\""\n     mpath \""0.9.0\""\n     mquery \""5.0.0\""\n     ms \""2.1.3\""\n-    sift \""16.0.1\""\n+    sift \""17.1.3\""\n \n mpath@0.9.0:\n   version \""0.9.0\""\n@@ -4120,10 +4120,10 @@ side-channel@^1.0.4, side-channel@^1.0.6:\n     get-intrinsic \""^1.2.4\""\n     object-inspect \""^1.13.1\""\n \n-sift@16.0.1:\n-  version \""16.0.1\""\n-  resolved \""https://registry.yarnpkg.com/sift/-/sift-16.0.1.tgz#e9c2ccc72191585008cf3e36fc447b2d2633a053\""\n-  integrity sha512-Wv6BjQ5zbhW7VFefWusVP33T/EM0vYikCaQ2qR8yULbsilAT8/wQaXvuQ3ptGLpoKx+lihJE3y2UTgKDyyNHZQ==\n+sift@17.1.3:\n+  version \""17.1.3\""\n+  resolved \""https://registry.yarnpkg.com/sift/-/sift-17.1.3.tgz#9d2000d4d41586880b0079b5183d839c7a142bf7\""\n+  integrity sha512-Rtlj66/b0ICeFzYTuNvX/EF1igRbbnGSvEyT79McoZa/DeGhMyC5pWKOEsZKnpkqtSeovd5FL/bjHWC3CIIvCQ==\n \n signal-exit@^3.0.3, signal-exit@^3.0.7:\n   version \""3.0.7\""""
- Review Comment: ""- make sure to update the dependencies listed in each package.json to reflect these new versions if necessary.\n- consider adding comments explaining why specific versions were chosen or what impact the updates might have from a functionality or security standpoint.""

Subsequent Code Changes: Here are the cumulative modifications made to the reviewed file ""yarn.lock"" after the Code Review.
""--- \n\n+++ \n\n@@ -636,9 +636,9 @@\n\n     \""@jridgewell/sourcemap-codec\"" \""^1.4.14\""\n \n \""@mongodb-js/saslprep@^1.1.5\"":\n-  version \""1.1.6\""\n-  resolved \""https://registry.yarnpkg.com/@mongodb-js/saslprep/-/saslprep-1.1.6.tgz#54da3f794c71a17445740fe2b74882e0c76a3058\""\n-  integrity sha512-jqTTXQ46H8cAxmXBu8wm1HTSIMBMrIcoVrsjdQkKdMBj3il/fSCgWyya4P2I1xjPBl69mw+nRphrPlcIqBd20Q==\n+  version \""1.1.9\""\n+  resolved \""https://registry.yarnpkg.com/@mongodb-js/saslprep/-/saslprep-1.1.9.tgz#e974bab8eca9faa88677d4ea4da8d09a52069004\""\n+  integrity sha512-tVkljjeEaAhCqTzajSdgbQ6gE6f3oneVwa3iXR6csiEwXXOFsiC6Uh9iAjAhXPtqa/XMDHWjjeNH/77m/Yq2dw==\n   dependencies:\n     sparse-bitfield \""^3.0.3\""\n \n@@ -1386,10 +1386,10 @@\n\n   dependencies:\n     node-int64 \""^0.4.0\""\n \n-bson@^6.4.0, bson@^6.5.0:\n-  version \""6.7.0\""\n-  resolved \""https://registry.yarnpkg.com/bson/-/bson-6.7.0.tgz#51973b132cdc424c8372fda3cb43e3e3e2ae2227\""\n-  integrity sha512-w2IquM5mYzYZv6rs3uN2DZTOBe2a0zXLj53TGDqwF4l6Sz/XsISrisXOJihArF9+BZ6Cq/GjVht7Sjfmri7ytQ==\n+bson@^6.7.0:\n+  version \""6.10.0\""\n+  resolved \""https://registry.yarnpkg.com/bson/-/bson-6.10.0.tgz#559c767cc8b605c3ab14e5896214c8f2abdd6a12\""\n+  integrity sha512-ROchNosXMJD2cbQGm84KoP7vOGPO6/bOAW0veMMbzhXLqoZptcaYRVLitwvuhwhjjpU1qP4YZRWLhgETdgqUQw==\n \n buffer-from@^1.0.0:\n   version \""1.1.2\""\n@@ -3508,23 +3508,23 @@\n\n     \""@types/whatwg-url\"" \""^11.0.2\""\n     whatwg-url \""^13.0.0\""\n \n-mongodb@6.5.0:\n-  version \""6.5.0\""\n-  resolved \""https://registry.yarnpkg.com/mongodb/-/mongodb-6.5.0.tgz#3735b4fba085b26ca06f7744e9639bc538e93d87\""\n-  integrity sha512-Fozq68InT+JKABGLqctgtb8P56pRrJFkbhW0ux+x1mdHeyinor8oNzJqwLjV/t5X5nJGfTlluxfyMnOXNggIUA==\n+mongodb@~6.10.0:\n+  version \""6.10.0\""\n+  resolved \""https://registry.yarnpkg.com/mongodb/-/mongodb-6.10.0.tgz#20a9f1cf3c6829e75fc39e6d8c1c19f164209c2e\""\n+  integrity sha512-gP9vduuYWb9ZkDM546M+MP2qKVk5ZG2wPF63OvSRuUbqCR+11ZCAE1mOfllhlAG0wcoJY5yDL/rV3OmYEwXIzg==\n   dependencies:\n     \""@mongodb-js/saslprep\"" \""^1.1.5\""\n-    bson \""^6.4.0\""\n+    bson \""^6.7.0\""\n     mongodb-connection-string-url \""^3.0.0\""\n \n-mongoose@8.3.4:\n-  version \""8.3.4\""\n-  resolved \""https://registry.yarnpkg.com/mongoose/-/mongoose-8.3.4.tgz#67af8b1db41ed3dcef8449a0d1c6643e6f228d92\""\n-  integrity sha512-ckBaBzKgtWgCalW/LPkcBsR3wKCOYEJ9jLFPmYCYV7TLStpETY757ELx8/1stL11+6HxLLVffawBffXzd0Y7YA==\n-  dependencies:\n-    bson \""^6.5.0\""\n+mongoose@8.8.3:\n+  version \""8.8.3\""\n+  resolved \""https://registry.yarnpkg.com/mongoose/-/mongoose-8.8.3.tgz#066953497c116b876178a843c4ba8f7e88c85987\""\n+  integrity sha512-/I4n/DcXqXyIiLRfAmUIiTjj3vXfeISke8dt4U4Y8Wfm074Wa6sXnQrXN49NFOFf2mM1kUdOXryoBvkuCnr+Qw==\n+  dependencies:\n+    bson \""^6.7.0\""\n     kareem \""2.6.3\""\n-    mongodb \""6.5.0\""\n+    mongodb \""~6.10.0\""\n     mpath \""0.9.0\""\n     mquery \""5.0.0\""\n     ms \""2.1.3\""""

Output: List the addressed and unaddressed items, and make the final classification.
","Analysis details:
- Addressed Items: None.
- Unaddressed Items: 
  • Update dependencies in package.json to reflect the new versions.
  • Add comments explaining why specific versions were chosen or their impact.
Classification: Not Addressed"
https://api.github.com/repos/sidhantpanda/docker-express-typescript-boilerplate/pulls/comments/1697467857,"Input Format:
Code Review:
- Reviewed Path: The file path of the code change.
- Reviewed Change: The code change under review. (""+"" indicates added lines, ""-"" indicates removed lines)
- Review Comment: A list of issues or suggestions for the above changes.
Subsequent Code Changes: A cumulative code changes made to the reviewed file after the review.

Task: For each item in the Review Comment, analyze whether it has been addressed by the Subsequent Code Changes by determining if:
- The issue has been completely resolved.
- The suggestion has been completely followed. (If the suggestion includes concrete code examples, it does not need to be followed exactly. As long as the code change serves the same intended purpose, the suggestion can be considered addressed.)
After completing the analysis, classify the entire review comment into one of the following categories:
- Not Addressed: None of the issues or suggestions have been addressed by the Subsequent Code Changes.
- Partly Addressed: Some but not all issues or suggestions have been addressed.
- Fully Addressed: All issues or suggestions have been addressed.
If the code relevant to the Review Comment has been completely removed in the Subsequent Code Changes, and it is not possible to determine whether the removal was an intentional response to the comment, you can classify it as ""Not Enough Information"".

Output Format:
Analysis details:
- Addressed Items: List the issues or suggestions that have been addressed.
- Unaddressed Items: List the issues or suggestions that have not been addressed.
Classification: Based on the Addressed Items and Unaddressed Items, select one of ""Not Addressed"", ""Partly Addressed"", ""Fully Addressed"", or ""Not Enough Information"" as the final classification without more explanations.

Input:
Code Review:
- Reviewed Path: ""package.json""
- Reviewed Change: ""@@ -35,7 +35,7 @@\n     \""express\"": \""4.18.3\"",\n     \""joi\"": \""17.12.2\"",\n     \""js-yaml\"": \""^4.1.0\"",\n-    \""mongoose\"": \""8.2.2\"",\n+    \""mongoose\"": \""8.5.2\"",\n     \""swagger-ui-express\"": \""5.0.0\"",\n     \""winston\"": \""3.12.0\"",\n     \""winston-transport\"": \""4.7.0\""""
- Review Comment: ""- consider whether it's necessary to lock down dependency versions using exact versions like \""mongoose\"": \""8.5.2\"" or if you can benefit from using ranges (e.g., \""mongoose\"": \""^8.5.0\"").""

Subsequent Code Changes: Here are the cumulative modifications made to the reviewed file ""package.json"" after the Code Review.
""--- \n\n+++ \n\n@@ -35,7 +35,7 @@\n\n     \""express\"": \""4.18.3\"",\n     \""joi\"": \""17.12.2\"",\n     \""js-yaml\"": \""^4.1.0\"",\n-    \""mongoose\"": \""8.5.2\"",\n+    \""mongoose\"": \""8.8.3\"",\n     \""swagger-ui-express\"": \""5.0.0\"",\n     \""winston\"": \""3.12.0\"",\n     \""winston-transport\"": \""4.7.0\""""

Output: List the addressed and unaddressed items, and make the final classification.
","Analysis details:
- Addressed Items: None
- Unaddressed Items: The suggestion to use a version range for ""mongoose"" (e.g., using ""^8.5.0"" instead of an exact version)
Classification: Not Addressed"
https://api.github.com/repos/sidhantpanda/docker-express-typescript-boilerplate/pulls/comments/1847497523,Not contain specific items.,Not contain specific items.
https://api.github.com/repos/sidhantpanda/docker-express-typescript-boilerplate/pulls/comments/1858739024,Not contain specific items.,Not contain specific items.
https://api.github.com/repos/sidhantpanda/docker-express-typescript-boilerplate/pulls/comments/1858739027,Not contain any items.,Not contain any items.
https://api.github.com/repos/sidhantpanda/docker-express-typescript-boilerplate/pulls/comments/1847497521,"Input Format:
Code Review:
- Reviewed Path: The file path of the code change.
- Reviewed Change: The code change under review. (""+"" indicates added lines, ""-"" indicates removed lines)
- Review Comment: A list of issues or suggestions for the above changes.
Subsequent Code Changes: A cumulative code changes made to the reviewed file after the review.

Task: For each item in the Review Comment, analyze whether it has been addressed by the Subsequent Code Changes by determining if:
- The issue has been completely resolved.
- The suggestion has been completely followed. (If the suggestion includes concrete code examples, it does not need to be followed exactly. As long as the code change serves the same intended purpose, the suggestion can be considered addressed.)
After completing the analysis, classify the entire review comment into one of the following categories:
- Not Addressed: None of the issues or suggestions have been addressed by the Subsequent Code Changes.
- Partly Addressed: Some but not all issues or suggestions have been addressed.
- Fully Addressed: All issues or suggestions have been addressed.
If the code relevant to the Review Comment has been completely removed in the Subsequent Code Changes, and it is not possible to determine whether the removal was an intentional response to the comment, you can classify it as ""Not Enough Information"".

Output Format:
Analysis details:
- Addressed Items: List the issues or suggestions that have been addressed.
- Unaddressed Items: List the issues or suggestions that have not been addressed.
Classification: Based on the Addressed Items and Unaddressed Items, select one of ""Not Addressed"", ""Partly Addressed"", ""Fully Addressed"", or ""Not Enough Information"" as the final classification without more explanations.

Input:
Code Review:
- Reviewed Path: ""package.json""
- Reviewed Change: ""@@ -35,7 +35,7 @@\n     \""express\"": \""4.18.3\"",\n     \""joi\"": \""17.12.2\"",\n     \""js-yaml\"": \""^4.1.0\"",\n-    \""mongoose\"": \""8.2.2\"",\n+    \""mongoose\"": \""8.8.2\"",\n     \""swagger-ui-express\"": \""5.0.0\"",\n     \""winston\"": \""3.12.0\"",\n     \""winston-transport\"": \""4.7.0\""""
- Review Comment: ""- add a brief comment explaining the reason for the version update to provide context for future code maintainers.""

Subsequent Code Changes: Here are the cumulative modifications made to the reviewed file ""package.json"" after the Code Review.
""--- \n\n+++ \n\n@@ -35,7 +35,7 @@\n\n     \""express\"": \""4.18.3\"",\n     \""joi\"": \""17.12.2\"",\n     \""js-yaml\"": \""^4.1.0\"",\n-    \""mongoose\"": \""8.8.2\"",\n+    \""mongoose\"": \""8.8.3\"",\n     \""swagger-ui-express\"": \""5.0.0\"",\n     \""winston\"": \""3.12.0\"",\n     \""winston-transport\"": \""4.7.0\""""

Output: List the addressed and unaddressed items, and make the final classification.
","Analysis details:
- Addressed Items: []
- Unaddressed Items: [""add a brief comment explaining the reason for the version update to provide context for future code maintainers""]
Classification: Not Addressed"
https://api.github.com/repos/sidhantpanda/docker-express-typescript-boilerplate/pulls/comments/1834911375,"Input Format:
Code Review:
- Reviewed Path: The file path of the code change.
- Reviewed Change: The code change under review. (""+"" indicates added lines, ""-"" indicates removed lines)
- Review Comment: A list of issues or suggestions for the above changes.
Subsequent Code Changes: A cumulative code changes made to the reviewed file after the review.

Task: For each item in the Review Comment, analyze whether it has been addressed by the Subsequent Code Changes by determining if:
- The issue has been completely resolved.
- The suggestion has been completely followed. (If the suggestion includes concrete code examples, it does not need to be followed exactly. As long as the code change serves the same intended purpose, the suggestion can be considered addressed.)
After completing the analysis, classify the entire review comment into one of the following categories:
- Not Addressed: None of the issues or suggestions have been addressed by the Subsequent Code Changes.
- Partly Addressed: Some but not all issues or suggestions have been addressed.
- Fully Addressed: All issues or suggestions have been addressed.
If the code relevant to the Review Comment has been completely removed in the Subsequent Code Changes, and it is not possible to determine whether the removal was an intentional response to the comment, you can classify it as ""Not Enough Information"".

Output Format:
Analysis details:
- Addressed Items: List the issues or suggestions that have been addressed.
- Unaddressed Items: List the issues or suggestions that have not been addressed.
Classification: Based on the Addressed Items and Unaddressed Items, select one of ""Not Addressed"", ""Partly Addressed"", ""Fully Addressed"", or ""Not Enough Information"" as the final classification without more explanations.

Input:
Code Review:
- Reviewed Path: ""package.json""
- Reviewed Change: ""@@ -35,7 +35,7 @@\n     \""express\"": \""4.18.3\"",\n     \""joi\"": \""17.12.2\"",\n     \""js-yaml\"": \""^4.1.0\"",\n-    \""mongoose\"": \""8.2.2\"",\n+    \""mongoose\"": \""8.8.1\"",\n     \""swagger-ui-express\"": \""5.0.0\"",\n     \""winston\"": \""3.12.0\"",\n     \""winston-transport\"": \""4.7.0\""""
- Review Comment: ""- consider adding comments or documentation to explain the reason for the version update in the package.json file for future reference.""

Subsequent Code Changes: Here are the cumulative modifications made to the reviewed file ""package.json"" after the Code Review.
""--- \n\n+++ \n\n@@ -35,7 +35,7 @@\n\n     \""express\"": \""4.18.3\"",\n     \""joi\"": \""17.12.2\"",\n     \""js-yaml\"": \""^4.1.0\"",\n-    \""mongoose\"": \""8.8.1\"",\n+    \""mongoose\"": \""8.8.3\"",\n     \""swagger-ui-express\"": \""5.0.0\"",\n     \""winston\"": \""3.12.0\"",\n     \""winston-transport\"": \""4.7.0\""""

Output: List the addressed and unaddressed items, and make the final classification.
","Analysis details:
- Addressed Items: None.
- Unaddressed Items: ""consider adding comments or documentation to explain the reason for the version update in the package.json file for future reference.""
Classification: Not Addressed"
https://api.github.com/repos/sidhantpanda/docker-express-typescript-boilerplate/pulls/comments/1740006073,"Input Format:
Code Review:
- Reviewed Path: The file path of the code change.
- Reviewed Change: The code change under review. (""+"" indicates added lines, ""-"" indicates removed lines)
- Review Comment: A list of issues or suggestions for the above changes.
Subsequent Code Changes: A cumulative code changes made to the reviewed file after the review.

Task: For each item in the Review Comment, analyze whether it has been addressed by the Subsequent Code Changes by determining if:
- The issue has been completely resolved.
- The suggestion has been completely followed. (If the suggestion includes concrete code examples, it does not need to be followed exactly. As long as the code change serves the same intended purpose, the suggestion can be considered addressed.)
After completing the analysis, classify the entire review comment into one of the following categories:
- Not Addressed: None of the issues or suggestions have been addressed by the Subsequent Code Changes.
- Partly Addressed: Some but not all issues or suggestions have been addressed.
- Fully Addressed: All issues or suggestions have been addressed.
If the code relevant to the Review Comment has been completely removed in the Subsequent Code Changes, and it is not possible to determine whether the removal was an intentional response to the comment, you can classify it as ""Not Enough Information"".

Output Format:
Analysis details:
- Addressed Items: List the issues or suggestions that have been addressed.
- Unaddressed Items: List the issues or suggestions that have not been addressed.
Classification: Based on the Addressed Items and Unaddressed Items, select one of ""Not Addressed"", ""Partly Addressed"", ""Fully Addressed"", or ""Not Enough Information"" as the final classification without more explanations.

Input:
Code Review:
- Reviewed Path: ""package.json""
- Reviewed Change: ""@@ -35,7 +35,7 @@\n     \""express\"": \""4.18.3\"",\n     \""joi\"": \""17.12.2\"",\n     \""js-yaml\"": \""^4.1.0\"",\n-    \""mongoose\"": \""8.2.2\"",\n+    \""mongoose\"": \""8.6.0\"",\n     \""swagger-ui-express\"": \""5.0.0\"",\n     \""winston\"": \""3.12.0\"",\n     \""winston-transport\"": \""4.7.0\""""
- Review Comment: ""1. dependency versioning strategy: consider specifying exact versions for all dependencies to prevent unintended upgrades that might introduce breaking changes.\n2. consistency: maintain consistency in versioning formats across all dependencies, e.g., using either semantic versioning or caret (^) operator consistently.""

Subsequent Code Changes: Here are the cumulative modifications made to the reviewed file ""package.json"" after the Code Review.
""--- \n\n+++ \n\n@@ -35,7 +35,7 @@\n\n     \""express\"": \""4.18.3\"",\n     \""joi\"": \""17.12.2\"",\n     \""js-yaml\"": \""^4.1.0\"",\n-    \""mongoose\"": \""8.6.0\"",\n+    \""mongoose\"": \""8.8.3\"",\n     \""swagger-ui-express\"": \""5.0.0\"",\n     \""winston\"": \""3.12.0\"",\n     \""winston-transport\"": \""4.7.0\""""

Output: List the addressed and unaddressed items, and make the final classification.
","Analysis details:
- Addressed Items: The dependency version update for ""mongoose"" now uses an exact version (""8.8.3""), aligning with the recommendation to specify exact versions.
- Unaddressed Items: The overall consistency in versioning remains an issue, as seen with the ""js-yaml"" dependency still using a caret (""^4.1.0"") instead of an exact version.
Classification: Partly Addressed"
https://api.github.com/repos/sidhantpanda/docker-express-typescript-boilerplate/pulls/comments/1550265133,"Input Format:
Code Review:
- Reviewed Path: The file path of the code change.
- Reviewed Change: The code change under review. (""+"" indicates added lines, ""-"" indicates removed lines)
- Review Comment: A list of issues or suggestions for the above changes.
Subsequent Code Changes: A cumulative code changes made to the reviewed file after the review.

Task: For each item in the Review Comment, analyze whether it has been addressed by the Subsequent Code Changes by determining if:
- The issue has been completely resolved.
- The suggestion has been completely followed. (If the suggestion includes concrete code examples, it does not need to be followed exactly. As long as the code change serves the same intended purpose, the suggestion can be considered addressed.)
After completing the analysis, classify the entire review comment into one of the following categories:
- Not Addressed: None of the issues or suggestions have been addressed by the Subsequent Code Changes.
- Partly Addressed: Some but not all issues or suggestions have been addressed.
- Fully Addressed: All issues or suggestions have been addressed.
If the code relevant to the Review Comment has been completely removed in the Subsequent Code Changes, and it is not possible to determine whether the removal was an intentional response to the comment, you can classify it as ""Not Enough Information"".

Output Format:
Analysis details:
- Addressed Items: List the issues or suggestions that have been addressed.
- Unaddressed Items: List the issues or suggestions that have not been addressed.
Classification: Based on the Addressed Items and Unaddressed Items, select one of ""Not Addressed"", ""Partly Addressed"", ""Fully Addressed"", or ""Not Enough Information"" as the final classification without more explanations.

Input:
Code Review:
- Reviewed Path: ""yarn.lock""
- Reviewed Change: ""@@ -635,7 +635,7 @@\n     \""@jridgewell/resolve-uri\"" \""^3.1.0\""\n     \""@jridgewell/sourcemap-codec\"" \""^1.4.14\""\n \n-\""@mongodb-js/saslprep@^1.1.0\"":\n+\""@mongodb-js/saslprep@^1.1.5\"":\n   version \""1.1.5\""\n   resolved \""https://registry.yarnpkg.com/@mongodb-js/saslprep/-/saslprep-1.1.5.tgz#0c48a96c8d799e81fae311b7251aa5c1dc7c6e95\""\n   integrity sha512-XLNOMH66KhJzUJNwT/qlMnS4WsNDWD5ASdyaSH3EtK+F4r/CFGa3jT4GNi4mfOitGvWXtdLgQJkQjxSVrio+jA==\n@@ -1386,10 +1386,10 @@ bser@2.1.1:\n   dependencies:\n     node-int64 \""^0.4.0\""\n \n-bson@^6.2.0:\n-  version \""6.5.0\""\n-  resolved \""https://registry.yarnpkg.com/bson/-/bson-6.5.0.tgz#fc4828d065e64e48ea442b1a23099b2e52f7ff0b\""\n-  integrity sha512-DXf1BTAS8vKyR90BO4x5v3rKVarmkdkzwOrnYDFdjAY694ILNDkmA3uRh1xXJEl+C1DAh8XCvAQ+Gh3kzubtpg==\n+bson@^6.4.0, bson@^6.5.0:\n+  version \""6.6.0\""\n+  resolved \""https://registry.yarnpkg.com/bson/-/bson-6.6.0.tgz#f225137eb49fe19bee4d87949a0515c05176e2ad\""\n+  integrity sha512-BVINv2SgcMjL4oYbBuCQTpE3/VKOSxrOA8Cj/wQP7izSzlBGVomdm+TcUd0Pzy0ytLSSDweCKQ6X3f5veM5LQA==\n \n buffer-from@^1.0.0:\n   version \""1.1.2\""\n@@ -3307,10 +3307,10 @@ json5@^2.2.3:\n   resolved \""https://registry.yarnpkg.com/json5/-/json5-2.2.3.tgz#78cd6f1a19bdc12b73db5ad0c61efd66c1e29283\""\n   integrity sha512-XmOWe7eyHYH14cLdVPoyg+GOH3rYX++KpzrylJwSW98t3Nk+U8XOl8FWKOgwtzdb8lXGf6zYwDUzeHMWfxasyg==\n \n-kareem@2.5.1:\n-  version \""2.5.1\""\n-  resolved \""https://registry.yarnpkg.com/kareem/-/kareem-2.5.1.tgz#7b8203e11819a8e77a34b3517d3ead206764d15d\""\n-  integrity sha512-7jFxRVm+jD+rkq3kY0iZDJfsO2/t4BBPeEb2qKn2lR/9KhuksYk5hxzfRYWMPV8P/x2d0kHD306YyWLzjjH+uA==\n+kareem@2.6.0:\n+  version \""2.6.0\""\n+  resolved \""https://registry.yarnpkg.com/kareem/-/kareem-2.6.0.tgz#b68740c730aa4448a3414d961e6c27c36a7c7a95\""\n+  integrity sha512-B9wwgyKKKZkxYZXQzefvb/Ykh9eHixxR+ttTP2c/Pq8NvHi1iYIAImf3nj/DXkPcnenjGEffhPWXnCFRIbNAhw==\n \n keyv@^4.5.3:\n   version \""4.5.4\""\n@@ -3508,23 +3508,23 @@ mongodb-connection-string-url@^3.0.0:\n     \""@types/whatwg-url\"" \""^11.0.2\""\n     whatwg-url \""^13.0.0\""\n \n-mongodb@6.3.0:\n-  version \""6.3.0\""\n-  resolved \""https://registry.yarnpkg.com/mongodb/-/mongodb-6.3.0.tgz#ec9993b19f7ed2ea715b903fcac6171c9d1d38ca\""\n-  integrity sha512-tt0KuGjGtLUhLoU263+xvQmPHEGTw5LbcNC73EoFRYgSHwZt5tsoJC110hDyO1kjQzpgNrpdcSza9PknWN4LrA==\n+mongodb@6.5.0:\n+  version \""6.5.0\""\n+  resolved \""https://registry.yarnpkg.com/mongodb/-/mongodb-6.5.0.tgz#3735b4fba085b26ca06f7744e9639bc538e93d87\""\n+  integrity sha512-Fozq68InT+JKABGLqctgtb8P56pRrJFkbhW0ux+x1mdHeyinor8oNzJqwLjV/t5X5nJGfTlluxfyMnOXNggIUA==\n   dependencies:\n-    \""@mongodb-js/saslprep\"" \""^1.1.0\""\n-    bson \""^6.2.0\""\n+    \""@mongodb-js/saslprep\"" \""^1.1.5\""\n+    bson \""^6.4.0\""\n     mongodb-connection-string-url \""^3.0.0\""\n \n-mongoose@8.2.2:\n-  version \""8.2.2\""\n-  resolved \""https://registry.yarnpkg.com/mongoose/-/mongoose-8.2.2.tgz#8079857d906aab5b94a5f7ae7600b7401efdbfdc\""\n-  integrity sha512-6sMxe1d3k/dBjiOX4ExNTNOP0g1x0iq8eXyg+ttgIXM3HLnQ0IUyXRwVVAPFFY6O4/8uYN5dB0Ec72FrexbPpw==\n+mongoose@8.3.0:\n+  version \""8.3.0\""\n+  resolved \""https://registry.yarnpkg.com/mongoose/-/mongoose-8.3.0.tgz#ecec64e3ee4dfcca9340632ecfccd3ec0c98d40d\""\n+  integrity sha512-Y5QNnuA38CEin8hnA+q//nUVztIi4Xklu9xlmbkd1KdWHnIlemSwf5IL/evcI+e2zplL4g5Y6PMkO+nPSAnIdA==\n   dependencies:\n-    bson \""^6.2.0\""\n-    kareem \""2.5.1\""\n-    mongodb \""6.3.0\""\n+    bson \""^6.5.0\""\n+    kareem \""2.6.0\""\n+    mongodb \""6.5.0\""\n     mpath \""0.9.0\""\n     mquery \""5.0.0\""\n     ms \""2.1.3\""""
- Review Comment: ""1. ensure consistency in upgrading dependencies. for instance, bson could be updated consistently to either ^6.4.0 or ^6.5.0 across the entire codebase.""

Subsequent Code Changes: Here are the cumulative modifications made to the reviewed file ""yarn.lock"" after the Code Review.
""--- \n\n+++ \n\n@@ -636,9 +636,9 @@\n\n     \""@jridgewell/sourcemap-codec\"" \""^1.4.14\""\n \n \""@mongodb-js/saslprep@^1.1.5\"":\n-  version \""1.1.5\""\n-  resolved \""https://registry.yarnpkg.com/@mongodb-js/saslprep/-/saslprep-1.1.5.tgz#0c48a96c8d799e81fae311b7251aa5c1dc7c6e95\""\n-  integrity sha512-XLNOMH66KhJzUJNwT/qlMnS4WsNDWD5ASdyaSH3EtK+F4r/CFGa3jT4GNi4mfOitGvWXtdLgQJkQjxSVrio+jA==\n+  version \""1.1.9\""\n+  resolved \""https://registry.yarnpkg.com/@mongodb-js/saslprep/-/saslprep-1.1.9.tgz#e974bab8eca9faa88677d4ea4da8d09a52069004\""\n+  integrity sha512-tVkljjeEaAhCqTzajSdgbQ6gE6f3oneVwa3iXR6csiEwXXOFsiC6Uh9iAjAhXPtqa/XMDHWjjeNH/77m/Yq2dw==\n   dependencies:\n     sparse-bitfield \""^3.0.3\""\n \n@@ -1386,10 +1386,10 @@\n\n   dependencies:\n     node-int64 \""^0.4.0\""\n \n-bson@^6.4.0, bson@^6.5.0:\n-  version \""6.6.0\""\n-  resolved \""https://registry.yarnpkg.com/bson/-/bson-6.6.0.tgz#f225137eb49fe19bee4d87949a0515c05176e2ad\""\n-  integrity sha512-BVINv2SgcMjL4oYbBuCQTpE3/VKOSxrOA8Cj/wQP7izSzlBGVomdm+TcUd0Pzy0ytLSSDweCKQ6X3f5veM5LQA==\n+bson@^6.7.0:\n+  version \""6.10.0\""\n+  resolved \""https://registry.yarnpkg.com/bson/-/bson-6.10.0.tgz#559c767cc8b605c3ab14e5896214c8f2abdd6a12\""\n+  integrity sha512-ROchNosXMJD2cbQGm84KoP7vOGPO6/bOAW0veMMbzhXLqoZptcaYRVLitwvuhwhjjpU1qP4YZRWLhgETdgqUQw==\n \n buffer-from@^1.0.0:\n   version \""1.1.2\""\n@@ -3307,10 +3307,10 @@\n\n   resolved \""https://registry.yarnpkg.com/json5/-/json5-2.2.3.tgz#78cd6f1a19bdc12b73db5ad0c61efd66c1e29283\""\n   integrity sha512-XmOWe7eyHYH14cLdVPoyg+GOH3rYX++KpzrylJwSW98t3Nk+U8XOl8FWKOgwtzdb8lXGf6zYwDUzeHMWfxasyg==\n \n-kareem@2.6.0:\n-  version \""2.6.0\""\n-  resolved \""https://registry.yarnpkg.com/kareem/-/kareem-2.6.0.tgz#b68740c730aa4448a3414d961e6c27c36a7c7a95\""\n-  integrity sha512-B9wwgyKKKZkxYZXQzefvb/Ykh9eHixxR+ttTP2c/Pq8NvHi1iYIAImf3nj/DXkPcnenjGEffhPWXnCFRIbNAhw==\n+kareem@2.6.3:\n+  version \""2.6.3\""\n+  resolved \""https://registry.yarnpkg.com/kareem/-/kareem-2.6.3.tgz#23168ec8ffb6c1abfd31b7169a6fb1dd285992ac\""\n+  integrity sha512-C3iHfuGUXK2u8/ipq9LfjFfXFxAZMQJJq7vLS45r3D9Y2xQ/m4S8zaR4zMLFWh9AsNPXmcFfUDhTEO8UIC/V6Q==\n \n keyv@^4.5.3:\n   version \""4.5.4\""\n@@ -3508,27 +3508,27 @@\n\n     \""@types/whatwg-url\"" \""^11.0.2\""\n     whatwg-url \""^13.0.0\""\n \n-mongodb@6.5.0:\n-  version \""6.5.0\""\n-  resolved \""https://registry.yarnpkg.com/mongodb/-/mongodb-6.5.0.tgz#3735b4fba085b26ca06f7744e9639bc538e93d87\""\n-  integrity sha512-Fozq68InT+JKABGLqctgtb8P56pRrJFkbhW0ux+x1mdHeyinor8oNzJqwLjV/t5X5nJGfTlluxfyMnOXNggIUA==\n+mongodb@~6.10.0:\n+  version \""6.10.0\""\n+  resolved \""https://registry.yarnpkg.com/mongodb/-/mongodb-6.10.0.tgz#20a9f1cf3c6829e75fc39e6d8c1c19f164209c2e\""\n+  integrity sha512-gP9vduuYWb9ZkDM546M+MP2qKVk5ZG2wPF63OvSRuUbqCR+11ZCAE1mOfllhlAG0wcoJY5yDL/rV3OmYEwXIzg==\n   dependencies:\n     \""@mongodb-js/saslprep\"" \""^1.1.5\""\n-    bson \""^6.4.0\""\n+    bson \""^6.7.0\""\n     mongodb-connection-string-url \""^3.0.0\""\n \n-mongoose@8.3.0:\n-  version \""8.3.0\""\n-  resolved \""https://registry.yarnpkg.com/mongoose/-/mongoose-8.3.0.tgz#ecec64e3ee4dfcca9340632ecfccd3ec0c98d40d\""\n-  integrity sha512-Y5QNnuA38CEin8hnA+q//nUVztIi4Xklu9xlmbkd1KdWHnIlemSwf5IL/evcI+e2zplL4g5Y6PMkO+nPSAnIdA==\n-  dependencies:\n-    bson \""^6.5.0\""\n-    kareem \""2.6.0\""\n-    mongodb \""6.5.0\""\n+mongoose@8.8.3:\n+  version \""8.8.3\""\n+  resolved \""https://registry.yarnpkg.com/mongoose/-/mongoose-8.8.3.tgz#066953497c116b876178a843c4ba8f7e88c85987\""\n+  integrity sha512-/I4n/DcXqXyIiLRfAmUIiTjj3vXfeISke8dt4U4Y8Wfm074Wa6sXnQrXN49NFOFf2mM1kUdOXryoBvkuCnr+Qw==\n+  dependencies:\n+    bson \""^6.7.0\""\n+    kareem \""2.6.3\""\n+    mongodb \""~6.10.0\""\n     mpath \""0.9.0\""\n     mquery \""5.0.0\""\n     ms \""2.1.3\""\n-    sift \""16.0.1\""\n+    sift \""17.1.3\""\n \n mpath@0.9.0:\n   version \""0.9.0\""\n@@ -4120,10 +4120,10 @@\n\n     get-intrinsic \""^1.2.4\""\n     object-inspect \""^1.13.1\""\n \n-sift@16.0.1:\n-  version \""16.0.1\""\n-  resolved \""https://registry.yarnpkg.com/sift/-/sift-16.0.1.tgz#e9c2ccc72191585008cf3e36fc447b2d2633a053\""\n-  integrity sha512-Wv6BjQ5zbhW7VFefWusVP33T/EM0vYikCaQ2qR8yULbsilAT8/wQaXvuQ3ptGLpoKx+lihJE3y2UTgKDyyNHZQ==\n+sift@17.1.3:\n+  version \""17.1.3\""\n+  resolved \""https://registry.yarnpkg.com/sift/-/sift-17.1.3.tgz#9d2000d4d41586880b0079b5183d839c7a142bf7\""\n+  integrity sha512-Rtlj66/b0ICeFzYTuNvX/EF1igRbbnGSvEyT79McoZa/DeGhMyC5pWKOEsZKnpkqtSeovd5FL/bjHWC3CIIvCQ==\n \n signal-exit@^3.0.3, signal-exit@^3.0.7:\n   version \""3.0.7\""""

Output: List the addressed and unaddressed items, and make the final classification.
","Analysis details:
- Addressed Items: The consistency of the bson dependency version has been enforced by changing all references to use the same range (""^6.7.0"").
- Unaddressed Items: None
Classification: Fully Addressed"
https://api.github.com/repos/sidhantpanda/docker-express-typescript-boilerplate/pulls/comments/1817183888,"Input Format:
Code Review:
- Reviewed Path: The file path of the code change.
- Reviewed Change: The code change under review. (""+"" indicates added lines, ""-"" indicates removed lines)
- Review Comment: A list of issues or suggestions for the above changes.
Subsequent Code Changes: A cumulative code changes made to the reviewed file after the review.

Task: For each item in the Review Comment, analyze whether it has been addressed by the Subsequent Code Changes by determining if:
- The issue has been completely resolved.
- The suggestion has been completely followed. (If the suggestion includes concrete code examples, it does not need to be followed exactly. As long as the code change serves the same intended purpose, the suggestion can be considered addressed.)
After completing the analysis, classify the entire review comment into one of the following categories:
- Not Addressed: None of the issues or suggestions have been addressed by the Subsequent Code Changes.
- Partly Addressed: Some but not all issues or suggestions have been addressed.
- Fully Addressed: All issues or suggestions have been addressed.
If the code relevant to the Review Comment has been completely removed in the Subsequent Code Changes, and it is not possible to determine whether the removal was an intentional response to the comment, you can classify it as ""Not Enough Information"".

Output Format:
Analysis details:
- Addressed Items: List the issues or suggestions that have been addressed.
- Unaddressed Items: List the issues or suggestions that have not been addressed.
Classification: Based on the Addressed Items and Unaddressed Items, select one of ""Not Addressed"", ""Partly Addressed"", ""Fully Addressed"", or ""Not Enough Information"" as the final classification without more explanations.

Input:
Code Review:
- Reviewed Path: ""package.json""
- Reviewed Change: ""@@ -35,7 +35,7 @@\n     \""express\"": \""4.18.3\"",\n     \""joi\"": \""17.12.2\"",\n     \""js-yaml\"": \""^4.1.0\"",\n-    \""mongoose\"": \""8.2.2\"",\n+    \""mongoose\"": \""8.7.3\"",\n     \""swagger-ui-express\"": \""5.0.0\"",\n     \""winston\"": \""3.12.0\"",\n     \""winston-transport\"": \""4.7.0\""""
- Review Comment: ""- ensure consistent formatting across your project files. the version format could be standardized (e.g., all dependencies using \""semver\"" or \""caret ranges\"" ^).\n- depending on your project's requirements and policies, consider specifying more specific version ranges rather than using broad ranges like \""^\"" for better control over updates and predictability.""

Subsequent Code Changes: Here are the cumulative modifications made to the reviewed file ""package.json"" after the Code Review.
""--- \n\n+++ \n\n@@ -35,7 +35,7 @@\n\n     \""express\"": \""4.18.3\"",\n     \""joi\"": \""17.12.2\"",\n     \""js-yaml\"": \""^4.1.0\"",\n-    \""mongoose\"": \""8.7.3\"",\n+    \""mongoose\"": \""8.8.3\"",\n     \""swagger-ui-express\"": \""5.0.0\"",\n     \""winston\"": \""3.12.0\"",\n     \""winston-transport\"": \""4.7.0\""""

Output: List the addressed and unaddressed items, and make the final classification.
","Analysis details:
- Addressed Items: None.
- Unaddressed Items: 
  • ""ensure consistent formatting across your project files. the version format could be standardized (e.g., all dependencies using 'semver' or 'caret ranges' ^)."" 
  • ""depending on your project's requirements and policies, consider specifying more specific version ranges rather than using broad ranges like '^' for better control over updates and predictability.""
Classification: Not Addressed"
https://api.github.com/repos/sidhantpanda/docker-express-typescript-boilerplate/pulls/comments/1805361150,"Input Format:
Code Review:
- Reviewed Path: The file path of the code change.
- Reviewed Change: The code change under review. (""+"" indicates added lines, ""-"" indicates removed lines)
- Review Comment: A list of issues or suggestions for the above changes.
Subsequent Code Changes: A cumulative code changes made to the reviewed file after the review.

Task: For each item in the Review Comment, analyze whether it has been addressed by the Subsequent Code Changes by determining if:
- The issue has been completely resolved.
- The suggestion has been completely followed. (If the suggestion includes concrete code examples, it does not need to be followed exactly. As long as the code change serves the same intended purpose, the suggestion can be considered addressed.)
After completing the analysis, classify the entire review comment into one of the following categories:
- Not Addressed: None of the issues or suggestions have been addressed by the Subsequent Code Changes.
- Partly Addressed: Some but not all issues or suggestions have been addressed.
- Fully Addressed: All issues or suggestions have been addressed.
If the code relevant to the Review Comment has been completely removed in the Subsequent Code Changes, and it is not possible to determine whether the removal was an intentional response to the comment, you can classify it as ""Not Enough Information"".

Output Format:
Analysis details:
- Addressed Items: List the issues or suggestions that have been addressed.
- Unaddressed Items: List the issues or suggestions that have not been addressed.
Classification: Based on the Addressed Items and Unaddressed Items, select one of ""Not Addressed"", ""Partly Addressed"", ""Fully Addressed"", or ""Not Enough Information"" as the final classification without more explanations.

Input:
Code Review:
- Reviewed Path: ""yarn.lock""
- Reviewed Change: ""@@ -635,10 +635,10 @@\n     \""@jridgewell/resolve-uri\"" \""^3.1.0\""\n     \""@jridgewell/sourcemap-codec\"" \""^1.4.14\""\n \n-\""@mongodb-js/saslprep@^1.1.0\"":\n-  version \""1.1.5\""\n-  resolved \""https://registry.yarnpkg.com/@mongodb-js/saslprep/-/saslprep-1.1.5.tgz#0c48a96c8d799e81fae311b7251aa5c1dc7c6e95\""\n-  integrity sha512-XLNOMH66KhJzUJNwT/qlMnS4WsNDWD5ASdyaSH3EtK+F4r/CFGa3jT4GNi4mfOitGvWXtdLgQJkQjxSVrio+jA==\n+\""@mongodb-js/saslprep@^1.1.5\"":\n+  version \""1.1.9\""\n+  resolved \""https://registry.yarnpkg.com/@mongodb-js/saslprep/-/saslprep-1.1.9.tgz#e974bab8eca9faa88677d4ea4da8d09a52069004\""\n+  integrity sha512-tVkljjeEaAhCqTzajSdgbQ6gE6f3oneVwa3iXR6csiEwXXOFsiC6Uh9iAjAhXPtqa/XMDHWjjeNH/77m/Yq2dw==\n   dependencies:\n     sparse-bitfield \""^3.0.3\""\n \n@@ -1386,10 +1386,10 @@ bser@2.1.1:\n   dependencies:\n     node-int64 \""^0.4.0\""\n \n-bson@^6.2.0:\n-  version \""6.5.0\""\n-  resolved \""https://registry.yarnpkg.com/bson/-/bson-6.5.0.tgz#fc4828d065e64e48ea442b1a23099b2e52f7ff0b\""\n-  integrity sha512-DXf1BTAS8vKyR90BO4x5v3rKVarmkdkzwOrnYDFdjAY694ILNDkmA3uRh1xXJEl+C1DAh8XCvAQ+Gh3kzubtpg==\n+bson@^6.7.0:\n+  version \""6.8.0\""\n+  resolved \""https://registry.yarnpkg.com/bson/-/bson-6.8.0.tgz#5063c41ba2437c2b8ff851b50d9e36cb7aaa7525\""\n+  integrity sha512-iOJg8pr7wq2tg/zSlCCHMi3hMm5JTOxLTagf3zxhcenHsFp+c6uOs6K7W5UE7A4QIJGtqh/ZovFNMP4mOPJynQ==\n \n buffer-from@^1.0.0:\n   version \""1.1.2\""\n@@ -3307,10 +3307,10 @@ json5@^2.2.3:\n   resolved \""https://registry.yarnpkg.com/json5/-/json5-2.2.3.tgz#78cd6f1a19bdc12b73db5ad0c61efd66c1e29283\""\n   integrity sha512-XmOWe7eyHYH14cLdVPoyg+GOH3rYX++KpzrylJwSW98t3Nk+U8XOl8FWKOgwtzdb8lXGf6zYwDUzeHMWfxasyg==\n \n-kareem@2.5.1:\n-  version \""2.5.1\""\n-  resolved \""https://registry.yarnpkg.com/kareem/-/kareem-2.5.1.tgz#7b8203e11819a8e77a34b3517d3ead206764d15d\""\n-  integrity sha512-7jFxRVm+jD+rkq3kY0iZDJfsO2/t4BBPeEb2qKn2lR/9KhuksYk5hxzfRYWMPV8P/x2d0kHD306YyWLzjjH+uA==\n+kareem@2.6.3:\n+  version \""2.6.3\""\n+  resolved \""https://registry.yarnpkg.com/kareem/-/kareem-2.6.3.tgz#23168ec8ffb6c1abfd31b7169a6fb1dd285992ac\""\n+  integrity sha512-C3iHfuGUXK2u8/ipq9LfjFfXFxAZMQJJq7vLS45r3D9Y2xQ/m4S8zaR4zMLFWh9AsNPXmcFfUDhTEO8UIC/V6Q==\n \n keyv@^4.5.3:\n   version \""4.5.4\""\n@@ -3508,27 +3508,27 @@ mongodb-connection-string-url@^3.0.0:\n     \""@types/whatwg-url\"" \""^11.0.2\""\n     whatwg-url \""^13.0.0\""\n \n-mongodb@6.3.0:\n-  version \""6.3.0\""\n-  resolved \""https://registry.yarnpkg.com/mongodb/-/mongodb-6.3.0.tgz#ec9993b19f7ed2ea715b903fcac6171c9d1d38ca\""\n-  integrity sha512-tt0KuGjGtLUhLoU263+xvQmPHEGTw5LbcNC73EoFRYgSHwZt5tsoJC110hDyO1kjQzpgNrpdcSza9PknWN4LrA==\n+mongodb@6.9.0:\n+  version \""6.9.0\""\n+  resolved \""https://registry.yarnpkg.com/mongodb/-/mongodb-6.9.0.tgz#743ebfff6b3c14b04ac6e00a55e30d4127d3016d\""\n+  integrity sha512-UMopBVx1LmEUbW/QE0Hw18u583PEDVQmUmVzzBRH0o/xtE9DBRA5ZYLOjpLIa03i8FXjzvQECJcqoMvCXftTUA==\n   dependencies:\n-    \""@mongodb-js/saslprep\"" \""^1.1.0\""\n-    bson \""^6.2.0\""\n+    \""@mongodb-js/saslprep\"" \""^1.1.5\""\n+    bson \""^6.7.0\""\n     mongodb-connection-string-url \""^3.0.0\""\n \n-mongoose@8.2.2:\n-  version \""8.2.2\""\n-  resolved \""https://registry.yarnpkg.com/mongoose/-/mongoose-8.2.2.tgz#8079857d906aab5b94a5f7ae7600b7401efdbfdc\""\n-  integrity sha512-6sMxe1d3k/dBjiOX4ExNTNOP0g1x0iq8eXyg+ttgIXM3HLnQ0IUyXRwVVAPFFY6O4/8uYN5dB0Ec72FrexbPpw==\n+mongoose@8.7.2:\n+  version \""8.7.2\""\n+  resolved \""https://registry.yarnpkg.com/mongoose/-/mongoose-8.7.2.tgz#b13559dafce8efd8b1d721802596d3ecc0957506\""\n+  integrity sha512-Ok4VzMds9p5G3ZSUhmvBm1GdxanbzhS29jpSn02SPj+IXEVFnIdfwAlHHXWkyNscZKlcn8GuMi68FH++jo0flg==\n   dependencies:\n-    bson \""^6.2.0\""\n-    kareem \""2.5.1\""\n-    mongodb \""6.3.0\""\n+    bson \""^6.7.0\""\n+    kareem \""2.6.3\""\n+    mongodb \""6.9.0\""\n     mpath \""0.9.0\""\n     mquery \""5.0.0\""\n     ms \""2.1.3\""\n-    sift \""16.0.1\""\n+    sift \""17.1.3\""\n \n mpath@0.9.0:\n   version \""0.9.0\""\n@@ -4120,10 +4120,10 @@ side-channel@^1.0.4, side-channel@^1.0.6:\n     get-intrinsic \""^1.2.4\""\n     object-inspect \""^1.13.1\""\n \n-sift@16.0.1:\n-  version \""16.0.1\""\n-  resolved \""https://registry.yarnpkg.com/sift/-/sift-16.0.1.tgz#e9c2ccc72191585008cf3e36fc447b2d2633a053\""\n-  integrity sha512-Wv6BjQ5zbhW7VFefWusVP33T/EM0vYikCaQ2qR8yULbsilAT8/wQaXvuQ3ptGLpoKx+lihJE3y2UTgKDyyNHZQ==\n+sift@17.1.3:\n+  version \""17.1.3\""\n+  resolved \""https://registry.yarnpkg.com/sift/-/sift-17.1.3.tgz#9d2000d4d41586880b0079b5183d839c7a142bf7\""\n+  integrity sha512-Rtlj66/b0ICeFzYTuNvX/EF1igRbbnGSvEyT79McoZa/DeGhMyC5pWKOEsZKnpkqtSeovd5FL/bjHWC3CIIvCQ==\n \n signal-exit@^3.0.3, signal-exit@^3.0.7:\n   version \""3.0.7\""""
- Review Comment: ""- consider pinning down dependencies to exact versions to prevent unexpected updates.\n- maintain consistency in formatting for better readability.\n- consider adding comments for complex sections or rationale behind certain dependency choices.""

Subsequent Code Changes: Here are the cumulative modifications made to the reviewed file ""yarn.lock"" after the Code Review.
""--- \n\n+++ \n\n@@ -1387,9 +1387,9 @@\n\n     node-int64 \""^0.4.0\""\n \n bson@^6.7.0:\n-  version \""6.8.0\""\n-  resolved \""https://registry.yarnpkg.com/bson/-/bson-6.8.0.tgz#5063c41ba2437c2b8ff851b50d9e36cb7aaa7525\""\n-  integrity sha512-iOJg8pr7wq2tg/zSlCCHMi3hMm5JTOxLTagf3zxhcenHsFp+c6uOs6K7W5UE7A4QIJGtqh/ZovFNMP4mOPJynQ==\n+  version \""6.10.0\""\n+  resolved \""https://registry.yarnpkg.com/bson/-/bson-6.10.0.tgz#559c767cc8b605c3ab14e5896214c8f2abdd6a12\""\n+  integrity sha512-ROchNosXMJD2cbQGm84KoP7vOGPO6/bOAW0veMMbzhXLqoZptcaYRVLitwvuhwhjjpU1qP4YZRWLhgETdgqUQw==\n \n buffer-from@^1.0.0:\n   version \""1.1.2\""\n@@ -3508,23 +3508,23 @@\n\n     \""@types/whatwg-url\"" \""^11.0.2\""\n     whatwg-url \""^13.0.0\""\n \n-mongodb@6.9.0:\n-  version \""6.9.0\""\n-  resolved \""https://registry.yarnpkg.com/mongodb/-/mongodb-6.9.0.tgz#743ebfff6b3c14b04ac6e00a55e30d4127d3016d\""\n-  integrity sha512-UMopBVx1LmEUbW/QE0Hw18u583PEDVQmUmVzzBRH0o/xtE9DBRA5ZYLOjpLIa03i8FXjzvQECJcqoMvCXftTUA==\n+mongodb@~6.10.0:\n+  version \""6.10.0\""\n+  resolved \""https://registry.yarnpkg.com/mongodb/-/mongodb-6.10.0.tgz#20a9f1cf3c6829e75fc39e6d8c1c19f164209c2e\""\n+  integrity sha512-gP9vduuYWb9ZkDM546M+MP2qKVk5ZG2wPF63OvSRuUbqCR+11ZCAE1mOfllhlAG0wcoJY5yDL/rV3OmYEwXIzg==\n   dependencies:\n     \""@mongodb-js/saslprep\"" \""^1.1.5\""\n     bson \""^6.7.0\""\n     mongodb-connection-string-url \""^3.0.0\""\n \n-mongoose@8.7.2:\n-  version \""8.7.2\""\n-  resolved \""https://registry.yarnpkg.com/mongoose/-/mongoose-8.7.2.tgz#b13559dafce8efd8b1d721802596d3ecc0957506\""\n-  integrity sha512-Ok4VzMds9p5G3ZSUhmvBm1GdxanbzhS29jpSn02SPj+IXEVFnIdfwAlHHXWkyNscZKlcn8GuMi68FH++jo0flg==\n+mongoose@8.8.3:\n+  version \""8.8.3\""\n+  resolved \""https://registry.yarnpkg.com/mongoose/-/mongoose-8.8.3.tgz#066953497c116b876178a843c4ba8f7e88c85987\""\n+  integrity sha512-/I4n/DcXqXyIiLRfAmUIiTjj3vXfeISke8dt4U4Y8Wfm074Wa6sXnQrXN49NFOFf2mM1kUdOXryoBvkuCnr+Qw==\n   dependencies:\n     bson \""^6.7.0\""\n     kareem \""2.6.3\""\n-    mongodb \""6.9.0\""\n+    mongodb \""~6.10.0\""\n     mpath \""0.9.0\""\n     mquery \""5.0.0\""\n     ms \""2.1.3\""""

Output: List the addressed and unaddressed items, and make the final classification.
","Analysis details:
- Addressed Items: None.
- Unaddressed Items: 
  • consider pinning down dependencies to exact versions to prevent unexpected updates.
  • maintain consistency in formatting for better readability.
  • consider adding comments for complex sections or rationale behind certain dependency choices.
Classification: Not Addressed."
https://api.github.com/repos/sidhantpanda/docker-express-typescript-boilerplate/pulls/comments/1171969885,Not contain specific items.,Not contain specific items.
https://api.github.com/repos/sidhantpanda/docker-express-typescript-boilerplate/pulls/comments/1171969916,Not contain any items.,Not contain any items.
https://api.github.com/repos/sidhantpanda/docker-express-typescript-boilerplate/pulls/comments/1173289999,Not contain any items.,Not contain any items.
https://api.github.com/repos/sidhantpanda/docker-express-typescript-boilerplate/pulls/comments/1173290051,Not contain specific items.,Not contain specific items.
https://api.github.com/repos/sidhantpanda/docker-express-typescript-boilerplate/pulls/comments/1174528401,Not contain specific items.,Not contain specific items.
https://api.github.com/repos/sidhantpanda/docker-express-typescript-boilerplate/pulls/comments/1174528415,Not contain specific items.,Not contain specific items.
https://api.github.com/repos/sidhantpanda/docker-express-typescript-boilerplate/pulls/comments/1177108021,Not contain specific items.,Not contain specific items.
https://api.github.com/repos/sidhantpanda/docker-express-typescript-boilerplate/pulls/comments/1179805060,Not contain specific items.,Not contain specific items.
https://api.github.com/repos/sidhantpanda/docker-express-typescript-boilerplate/pulls/comments/1179804966,Not contain specific items.,Not contain specific items.
https://api.github.com/repos/sidhantpanda/docker-express-typescript-boilerplate/pulls/comments/1177108139,Not contain specific items.,Not contain specific items.
https://api.github.com/repos/sidhantpanda/docker-express-typescript-boilerplate/pulls/comments/1181010836,Not contain specific items.,Not contain specific items.
https://api.github.com/repos/sidhantpanda/docker-express-typescript-boilerplate/pulls/comments/1185946627,Not contain any items.,Not contain any items.
https://api.github.com/repos/sidhantpanda/docker-express-typescript-boilerplate/pulls/comments/1185946737,Not contain specific items.,Not contain specific items.
https://api.github.com/repos/sidhantpanda/docker-express-typescript-boilerplate/pulls/comments/1186554044,Not contain specific items.,Not contain specific items.
https://api.github.com/repos/sidhantpanda/docker-express-typescript-boilerplate/pulls/comments/1187975925,Not contain specific items.,Not contain specific items.
https://api.github.com/repos/sidhantpanda/docker-express-typescript-boilerplate/pulls/comments/1186554060,Not contain specific items.,Not contain specific items.
https://api.github.com/repos/sidhantpanda/docker-express-typescript-boilerplate/pulls/comments/1187975994,Not contain specific items.,Not contain specific items.
https://api.github.com/repos/sidhantpanda/docker-express-typescript-boilerplate/pulls/comments/1189730241,Not contain specific items.,Not contain specific items.
https://api.github.com/repos/sidhantpanda/docker-express-typescript-boilerplate/pulls/comments/1189730002,Not contain specific items.,Not contain specific items.
https://api.github.com/repos/sidhantpanda/docker-express-typescript-boilerplate/pulls/comments/1191708539,Not contain specific items.,Not contain specific items.
https://api.github.com/repos/sidhantpanda/docker-express-typescript-boilerplate/pulls/comments/1191708607,Not contain specific items.,Not contain specific items.
https://api.github.com/repos/sidhantpanda/docker-express-typescript-boilerplate/pulls/comments/1194544267,Not contain specific items.,Not contain specific items.
https://api.github.com/repos/sidhantpanda/docker-express-typescript-boilerplate/pulls/comments/1194544330,Not contain specific items.,Not contain specific items.
https://api.github.com/repos/sidhantpanda/docker-express-typescript-boilerplate/pulls/comments/1195761641,Not contain specific items.,Not contain specific items.
https://api.github.com/repos/sidhantpanda/docker-express-typescript-boilerplate/pulls/comments/1198098291,Not contain any items.,Not contain any items.
https://api.github.com/repos/sidhantpanda/docker-express-typescript-boilerplate/pulls/comments/1198098032,Not contain specific items.,Not contain specific items.
https://api.github.com/repos/sidhantpanda/docker-express-typescript-boilerplate/pulls/comments/1199833765,Not contain any items.,Not contain any items.
https://api.github.com/repos/sidhantpanda/docker-express-typescript-boilerplate/pulls/comments/1195761715,Not contain any items.,Not contain any items.
https://api.github.com/repos/sidhantpanda/docker-express-typescript-boilerplate/pulls/comments/1199833772,Not contain specific items.,Not contain specific items.
https://api.github.com/repos/sidhantpanda/docker-express-typescript-boilerplate/pulls/comments/1206000956,Not contain specific items.,Not contain specific items.
https://api.github.com/repos/sidhantpanda/docker-express-typescript-boilerplate/pulls/comments/1207364312,Not contain specific items.,Not contain specific items.
https://api.github.com/repos/sidhantpanda/docker-express-typescript-boilerplate/pulls/comments/1207364621,Not contain specific items.,Not contain specific items.
https://api.github.com/repos/sidhantpanda/docker-express-typescript-boilerplate/pulls/comments/1225099966,Not contain specific items.,Not contain specific items.
https://api.github.com/repos/sidhantpanda/docker-express-typescript-boilerplate/pulls/comments/1227534180,Not contain specific items.,Not contain specific items.
https://api.github.com/repos/sidhantpanda/docker-express-typescript-boilerplate/pulls/comments/1225100012,Not contain specific items.,Not contain specific items.
https://api.github.com/repos/sidhantpanda/docker-express-typescript-boilerplate/pulls/comments/1227534129,Not contain specific items.,Not contain specific items.
https://api.github.com/repos/sidhantpanda/docker-express-typescript-boilerplate/pulls/comments/1237612128,Not contain any items.,Not contain any items.
https://api.github.com/repos/sidhantpanda/docker-express-typescript-boilerplate/pulls/comments/1237612178,Not contain any items.,Not contain any items.
https://api.github.com/repos/sidhantpanda/docker-express-typescript-boilerplate/pulls/comments/1237612258,Not contain specific items.,Not contain specific items.
https://api.github.com/repos/sidhantpanda/docker-express-typescript-boilerplate/pulls/comments/1237612267,Not contain specific items.,Not contain specific items.
https://api.github.com/repos/sidhantpanda/docker-express-typescript-boilerplate/pulls/comments/1248781029,Not contain specific items.,Not contain specific items.
https://api.github.com/repos/sidhantpanda/docker-express-typescript-boilerplate/pulls/comments/1248780988,Not contain specific items.,Not contain specific items.
https://api.github.com/repos/sidhantpanda/docker-express-typescript-boilerplate/pulls/comments/1248781001,Not contain specific items.,Not contain specific items.
https://api.github.com/repos/sidhantpanda/docker-express-typescript-boilerplate/pulls/comments/1237612397,Not contain specific items.,Not contain specific items.
https://api.github.com/repos/sidhantpanda/docker-express-typescript-boilerplate/pulls/comments/1248781044,Not contain specific items.,Not contain specific items.
https://api.github.com/repos/sidhantpanda/docker-express-typescript-boilerplate/pulls/comments/1248780970,Not contain specific items.,Not contain specific items.
https://api.github.com/repos/sidhantpanda/docker-express-typescript-boilerplate/pulls/comments/1268748159,Not contain any items.,Not contain any items.
https://api.github.com/repos/sidhantpanda/docker-express-typescript-boilerplate/pulls/comments/1268748101,Not contain any items.,Not contain any items.
https://api.github.com/repos/sidhantpanda/docker-express-typescript-boilerplate/pulls/comments/1268748202,Not contain specific items.,Not contain specific items.
https://api.github.com/repos/sidhantpanda/docker-express-typescript-boilerplate/pulls/comments/1271221235,Not contain specific items.,Not contain specific items.
https://api.github.com/repos/sidhantpanda/docker-express-typescript-boilerplate/pulls/comments/1271221285,Not contain specific items.,Not contain specific items.
https://api.github.com/repos/sidhantpanda/docker-express-typescript-boilerplate/pulls/comments/1271312473,Not contain specific items.,Not contain specific items.
https://api.github.com/repos/sidhantpanda/docker-express-typescript-boilerplate/pulls/comments/1274076299,Not contain specific items.,Not contain specific items.
https://api.github.com/repos/sidhantpanda/docker-express-typescript-boilerplate/pulls/comments/1283886045,Not contain any items.,Not contain any items.
https://api.github.com/repos/sidhantpanda/docker-express-typescript-boilerplate/pulls/comments/1283886099,Not contain specific items.,Not contain specific items.
https://api.github.com/repos/sidhantpanda/docker-express-typescript-boilerplate/pulls/comments/1271312465,Not contain specific items.,Not contain specific items.
https://api.github.com/repos/sidhantpanda/docker-express-typescript-boilerplate/pulls/comments/1274076459,Not contain specific items.,Not contain specific items.
https://api.github.com/repos/sidhantpanda/docker-express-typescript-boilerplate/pulls/comments/1285042901,Not contain any items.,Not contain any items.
https://api.github.com/repos/sidhantpanda/docker-express-typescript-boilerplate/pulls/comments/1285042918,Not contain specific items.,Not contain specific items.
https://api.github.com/repos/sidhantpanda/docker-express-typescript-boilerplate/pulls/comments/1285042927,Not contain any items.,Not contain any items.
https://api.github.com/repos/sidhantpanda/docker-express-typescript-boilerplate/pulls/comments/1237612105,"Input Format:
Code Review:
- Reviewed Path: The file path of the code change.
- Reviewed Change: The code change under review. (""+"" indicates added lines, ""-"" indicates removed lines)
- Review Comment: A list of issues or suggestions for the above changes.
Subsequent Code Changes: A cumulative code changes made to the reviewed file after the review.

Task: For each item in the Review Comment, analyze whether it has been addressed by the Subsequent Code Changes by determining if:
- The issue has been completely resolved.
- The suggestion has been completely followed. (If the suggestion includes concrete code examples, it does not need to be followed exactly. As long as the code change serves the same intended purpose, the suggestion can be considered addressed.)
After completing the analysis, classify the entire review comment into one of the following categories:
- Not Addressed: None of the issues or suggestions have been addressed by the Subsequent Code Changes.
- Partly Addressed: Some but not all issues or suggestions have been addressed.
- Fully Addressed: All issues or suggestions have been addressed.
If the code relevant to the Review Comment has been completely removed in the Subsequent Code Changes, and it is not possible to determine whether the removal was an intentional response to the comment, you can classify it as ""Not Enough Information"".

Output Format:
Analysis details:
- Addressed Items: List the issues or suggestions that have been addressed.
- Unaddressed Items: List the issues or suggestions that have not been addressed.
Classification: Based on the Addressed Items and Unaddressed Items, select one of ""Not Addressed"", ""Partly Addressed"", ""Fully Addressed"", or ""Not Enough Information"" as the final classification without more explanations.

Input:
Code Review:
- Reviewed Path: ""Dockerfile""
- Reviewed Change: ""@@ -1,4 +1,4 @@\n-FROM node:18.16.0-alpine as base\n+FROM node:18.16.1-alpine as base\n \n # Add package file\n COPY package.json ./\n@@ -17,7 +17,7 @@ COPY openapi.yml ./openapi.yml\n RUN yarn build\n \n # Start production image build\n-FROM node:18.16.0-alpine\n+FROM node:18.16.1-alpine\n \n # Copy node modules and build directory\n COPY --from=base ./node_modules ./node_modules""
- Review Comment: ""- one potential improvement suggestion is to add the package-lock.json file to the container image to ensure deterministic builds.""

Subsequent Code Changes: Here are the cumulative modifications made to the reviewed file ""Dockerfile"" after the Code Review.
""--- \n\n+++ \n\n@@ -1,4 +1,4 @@\n\n-FROM node:18.16.1-alpine as base\n+FROM node:20.11.1-alpine as base\n \n # Add package file\n COPY package.json ./\n@@ -17,7 +17,7 @@\n\n RUN yarn build\n \n # Start production image build\n-FROM node:18.16.1-alpine\n+FROM node:20.11.1-alpine\n \n # Copy node modules and build directory\n COPY --from=base ./node_modules ./node_modules""

Output: List the addressed and unaddressed items, and make the final classification.
","Analysis details:
- Addressed Items: None.
- Unaddressed Items: [""one potential improvement suggestion is to add the package-lock.json file to the container image to ensure deterministic builds.""]
Classification: Not Addressed"
https://api.github.com/repos/sidhantpanda/docker-express-typescript-boilerplate/pulls/comments/1287750714,Not contain specific items.,Not contain specific items.
https://api.github.com/repos/sidhantpanda/docker-express-typescript-boilerplate/pulls/comments/1287750799,Not contain specific items.,Not contain specific items.
https://api.github.com/repos/sidhantpanda/docker-express-typescript-boilerplate/pulls/comments/1290559410,Not contain any items.,Not contain any items.
https://api.github.com/repos/sidhantpanda/docker-express-typescript-boilerplate/pulls/comments/1290559629,Not contain specific items.,Not contain specific items.
https://api.github.com/repos/sidhantpanda/docker-express-typescript-boilerplate/pulls/comments/1290559491,Not contain any items.,Not contain any items.
https://api.github.com/repos/sidhantpanda/docker-express-typescript-boilerplate/pulls/comments/1291728455,Not contain specific items.,Not contain specific items.
https://api.github.com/repos/sidhantpanda/docker-express-typescript-boilerplate/pulls/comments/1291728514,Not contain any items.,Not contain any items.
https://api.github.com/repos/sidhantpanda/docker-express-typescript-boilerplate/pulls/comments/1291728324,Not contain specific items.,Not contain specific items.
https://api.github.com/repos/sidhantpanda/docker-express-typescript-boilerplate/pulls/comments/1298852935,Not contain any items.,Not contain any items.
https://api.github.com/repos/sidhantpanda/docker-express-typescript-boilerplate/pulls/comments/1271221190,"Input Format:
Code Review:
- Reviewed Path: The file path of the code change.
- Reviewed Change: The code change under review. (""+"" indicates added lines, ""-"" indicates removed lines)
- Review Comment: A list of issues or suggestions for the above changes.
Subsequent Code Changes: A cumulative code changes made to the reviewed file after the review.

Task: For each item in the Review Comment, analyze whether it has been addressed by the Subsequent Code Changes by determining if:
- The issue has been completely resolved.
- The suggestion has been completely followed. (If the suggestion includes concrete code examples, it does not need to be followed exactly. As long as the code change serves the same intended purpose, the suggestion can be considered addressed.)
After completing the analysis, classify the entire review comment into one of the following categories:
- Not Addressed: None of the issues or suggestions have been addressed by the Subsequent Code Changes.
- Partly Addressed: Some but not all issues or suggestions have been addressed.
- Fully Addressed: All issues or suggestions have been addressed.
If the code relevant to the Review Comment has been completely removed in the Subsequent Code Changes, and it is not possible to determine whether the removal was an intentional response to the comment, you can classify it as ""Not Enough Information"".

Output Format:
Analysis details:
- Addressed Items: List the issues or suggestions that have been addressed.
- Unaddressed Items: List the issues or suggestions that have not been addressed.
Classification: Based on the Addressed Items and Unaddressed Items, select one of ""Not Addressed"", ""Partly Addressed"", ""Fully Addressed"", or ""Not Enough Information"" as the final classification without more explanations.

Input:
Code Review:
- Reviewed Path: ""Dockerfile""
- Reviewed Change: ""@@ -1,4 +1,4 @@\n-FROM node:18.16.0-alpine as base\n+FROM node:18.17.0-alpine as base\n \n # Add package file\n COPY package.json ./\n@@ -17,7 +17,7 @@ COPY openapi.yml ./openapi.yml\n RUN yarn build\n \n # Start production image build\n-FROM node:18.16.0-alpine\n+FROM node:18.17.0-alpine\n \n # Copy node modules and build directory\n COPY --from=base ./node_modules ./node_modules""
- Review Comment: ""- ensure dependency versions specified in `package.json` are pinned to avoid unexpected updates.\n- consider configuring a non-root user inside the container for better security.""

Subsequent Code Changes: Here are the cumulative modifications made to the reviewed file ""Dockerfile"" after the Code Review.
""--- \n\n+++ \n\n@@ -1,4 +1,4 @@\n\n-FROM node:18.17.0-alpine as base\n+FROM node:20.11.1-alpine as base\n \n # Add package file\n COPY package.json ./\n@@ -17,7 +17,7 @@\n\n RUN yarn build\n \n # Start production image build\n-FROM node:18.17.0-alpine\n+FROM node:20.11.1-alpine\n \n # Copy node modules and build directory\n COPY --from=base ./node_modules ./node_modules""

Output: List the addressed and unaddressed items, and make the final classification.
","Analysis details:
- Addressed Items: None
- Unaddressed Items: 
  - Ensure dependency versions specified in `package.json` are pinned to avoid unexpected updates.
  - Consider configuring a non-root user inside the container for better security.
Classification: Not Addressed"
https://api.github.com/repos/sidhantpanda/docker-express-typescript-boilerplate/pulls/comments/1301721687,Not contain any items.,Not contain any items.
https://api.github.com/repos/sidhantpanda/docker-express-typescript-boilerplate/pulls/comments/1301721846,Not contain specific items.,Not contain specific items.
https://api.github.com/repos/sidhantpanda/docker-express-typescript-boilerplate/pulls/comments/1301721979,Not contain specific items.,Not contain specific items.
https://api.github.com/repos/sidhantpanda/docker-express-typescript-boilerplate/pulls/comments/1298852984,Not contain specific items.,Not contain specific items.
https://api.github.com/repos/sidhantpanda/docker-express-typescript-boilerplate/pulls/comments/1302112999,Not contain specific items.,Not contain specific items.
https://api.github.com/repos/sidhantpanda/docker-express-typescript-boilerplate/pulls/comments/1302112918,Not contain specific items.,Not contain specific items.
https://api.github.com/repos/sidhantpanda/docker-express-typescript-boilerplate/pulls/comments/1302113097,Not contain specific items.,Not contain specific items.
https://api.github.com/repos/sidhantpanda/docker-express-typescript-boilerplate/pulls/comments/1303585817,Not contain specific items.,Not contain specific items.
https://api.github.com/repos/sidhantpanda/docker-express-typescript-boilerplate/pulls/comments/1283885995,"Input Format:
Code Review:
- Reviewed Path: The file path of the code change.
- Reviewed Change: The code change under review. (""+"" indicates added lines, ""-"" indicates removed lines)
- Review Comment: A list of issues or suggestions for the above changes.
Subsequent Code Changes: A cumulative code changes made to the reviewed file after the review.

Task: For each item in the Review Comment, analyze whether it has been addressed by the Subsequent Code Changes by determining if:
- The issue has been completely resolved.
- The suggestion has been completely followed. (If the suggestion includes concrete code examples, it does not need to be followed exactly. As long as the code change serves the same intended purpose, the suggestion can be considered addressed.)
After completing the analysis, classify the entire review comment into one of the following categories:
- Not Addressed: None of the issues or suggestions have been addressed by the Subsequent Code Changes.
- Partly Addressed: Some but not all issues or suggestions have been addressed.
- Fully Addressed: All issues or suggestions have been addressed.
If the code relevant to the Review Comment has been completely removed in the Subsequent Code Changes, and it is not possible to determine whether the removal was an intentional response to the comment, you can classify it as ""Not Enough Information"".

Output Format:
Analysis details:
- Addressed Items: List the issues or suggestions that have been addressed.
- Unaddressed Items: List the issues or suggestions that have not been addressed.
Classification: Based on the Addressed Items and Unaddressed Items, select one of ""Not Addressed"", ""Partly Addressed"", ""Fully Addressed"", or ""Not Enough Information"" as the final classification without more explanations.

Input:
Code Review:
- Reviewed Path: ""Dockerfile""
- Reviewed Change: ""@@ -1,4 +1,4 @@\n-FROM node:18.16.0-alpine as base\n+FROM node:18.17.0-alpine as base\n \n # Add package file\n COPY package.json ./\n@@ -17,7 +17,7 @@ COPY openapi.yml ./openapi.yml\n RUN yarn build\n \n # Start production image build\n-FROM node:18.16.0-alpine\n+FROM node:18.17.0-alpine\n \n # Copy node modules and build directory\n COPY --from=base ./node_modules ./node_modules""
- Review Comment: ""- the package.json file is being copied in the first stage (`base`). it's recommended to also copy the lock file (e.g., package-lock.json or yarn.lock) if one exists. this ensures that the dependencies are installed based on the exact versions specified in the lock file.""

Subsequent Code Changes: Here are the cumulative modifications made to the reviewed file ""Dockerfile"" after the Code Review.
""--- \n\n+++ \n\n@@ -1,4 +1,4 @@\n\n-FROM node:18.17.0-alpine as base\n+FROM node:20.11.1-alpine as base\n \n # Add package file\n COPY package.json ./\n@@ -17,7 +17,7 @@\n\n RUN yarn build\n \n # Start production image build\n-FROM node:18.17.0-alpine\n+FROM node:20.11.1-alpine\n \n # Copy node modules and build directory\n COPY --from=base ./node_modules ./node_modules""

Output: List the addressed and unaddressed items, and make the final classification.
","Analysis details:
- Addressed Items: None
- Unaddressed Items: ""it's recommended to also copy the lock file (e.g., package-lock.json or yarn.lock) if one exists.""
Classification: Not Addressed"
https://api.github.com/repos/sidhantpanda/docker-express-typescript-boilerplate/pulls/comments/1303585954,Not contain specific items.,Not contain specific items.
https://api.github.com/repos/sidhantpanda/docker-express-typescript-boilerplate/pulls/comments/1304932355,Not contain specific items.,Not contain specific items.
https://api.github.com/repos/sidhantpanda/docker-express-typescript-boilerplate/pulls/comments/1304932416,Not contain specific items.,Not contain specific items.
https://api.github.com/repos/sidhantpanda/docker-express-typescript-boilerplate/pulls/comments/1304932486,Not contain specific items.,Not contain specific items.
https://api.github.com/repos/sidhantpanda/docker-express-typescript-boilerplate/pulls/comments/1206001125,"Input Format:
Code Review:
- Reviewed Path: The file path of the code change.
- Reviewed Change: The code change under review. (""+"" indicates added lines, ""-"" indicates removed lines)
- Review Comment: A list of issues or suggestions for the above changes.
Subsequent Code Changes: A cumulative code changes made to the reviewed file after the review.

Task: For each item in the Review Comment, analyze whether it has been addressed by the Subsequent Code Changes by determining if:
- The issue has been completely resolved.
- The suggestion has been completely followed. (If the suggestion includes concrete code examples, it does not need to be followed exactly. As long as the code change serves the same intended purpose, the suggestion can be considered addressed.)
After completing the analysis, classify the entire review comment into one of the following categories:
- Not Addressed: None of the issues or suggestions have been addressed by the Subsequent Code Changes.
- Partly Addressed: Some but not all issues or suggestions have been addressed.
- Fully Addressed: All issues or suggestions have been addressed.
If the code relevant to the Review Comment has been completely removed in the Subsequent Code Changes, and it is not possible to determine whether the removal was an intentional response to the comment, you can classify it as ""Not Enough Information"".

Output Format:
Analysis details:
- Addressed Items: List the issues or suggestions that have been addressed.
- Unaddressed Items: List the issues or suggestions that have not been addressed.
Classification: Based on the Addressed Items and Unaddressed Items, select one of ""Not Addressed"", ""Partly Addressed"", ""Fully Addressed"", or ""Not Enough Information"" as the final classification without more explanations.

Input:
Code Review:
- Reviewed Path: ""yarn.lock""
- Reviewed Change: ""@@ -1053,10 +1053,10 @@\n   resolved \""https://registry.yarnpkg.com/@types/node/-/node-17.0.21.tgz#864b987c0c68d07b4345845c3e63b75edd143644\""\n   integrity sha512-DBZCJbhII3r90XbQxI8Y9IjjiiOGlZ0Hr32omXIZvwwZ7p4DMMXGrKXVyPfuoBOri9XNtL0UK69jYIBIsRX3QQ==\n \n-\""@types/node@18.15.11\"":\n-  version \""18.15.11\""\n-  resolved \""https://registry.yarnpkg.com/@types/node/-/node-18.15.11.tgz#b3b790f09cb1696cffcec605de025b088fa4225f\""\n-  integrity sha512-E5Kwq2n4SbMzQOn6wnmBjuK9ouqlURrcZDVfbo9ftDDTFt3nk7ZKK4GMOzoYgnpQJKcxwQw+lGaBvvlMo0qN/Q==\n+\""@types/node@18.16.15\"":\n+  version \""18.16.15\""\n+  resolved \""https://registry.yarnpkg.com/@types/node/-/node-18.16.15.tgz#cdc55df400109c2c1a80c98fc9cec4bd3f1097e2\""\n+  integrity sha512-fv9H0101Lom0m76x5UekmudO0Vu611ElbTCLOeSbyX5WM6sme3gJ10PHP83pA1/eXbZpnDoTkeY40jykH38ptQ==\n \n \""@types/prettier@^2.1.5\"":\n   version \""2.4.4\""""
- Review Comment: ""- standardize formatting (e.g., indentation)\n- remove trailing spaces\n- use consistent quotation marks""

Subsequent Code Changes: Here are the cumulative modifications made to the reviewed file ""yarn.lock"" after the Code Review.
""--- \n\n+++ \n\n@@ -1053,10 +1053,12 @@\n\n   resolved \""https://registry.yarnpkg.com/@types/node/-/node-17.0.21.tgz#864b987c0c68d07b4345845c3e63b75edd143644\""\n   integrity sha512-DBZCJbhII3r90XbQxI8Y9IjjiiOGlZ0Hr32omXIZvwwZ7p4DMMXGrKXVyPfuoBOri9XNtL0UK69jYIBIsRX3QQ==\n \n-\""@types/node@18.16.15\"":\n-  version \""18.16.15\""\n-  resolved \""https://registry.yarnpkg.com/@types/node/-/node-18.16.15.tgz#cdc55df400109c2c1a80c98fc9cec4bd3f1097e2\""\n-  integrity sha512-fv9H0101Lom0m76x5UekmudO0Vu611ElbTCLOeSbyX5WM6sme3gJ10PHP83pA1/eXbZpnDoTkeY40jykH38ptQ==\n+\""@types/node@18.19.26\"":\n+  version \""18.19.26\""\n+  resolved \""https://registry.yarnpkg.com/@types/node/-/node-18.19.26.tgz#18991279d0a0e53675285e8cf4a0823766349729\""\n+  integrity sha512-+wiMJsIwLOYCvUqSdKTrfkS8mpTp+MPINe6+Np4TAGFWWRWiBQ5kSq9nZGCSPkzx9mvT+uEukzpX4MOSCydcvw==\n+  dependencies:\n+    undici-types \""~5.26.4\""\n \n \""@types/prettier@^2.1.5\"":\n   version \""2.4.4\""\n@@ -4755,6 +4757,11 @@\n\n   resolved \""https://registry.yarnpkg.com/undefsafe/-/undefsafe-2.0.5.tgz#38733b9327bdcd226db889fb723a6efd162e6e2c\""\n   integrity sha512-WxONCrssBM8TSPRqN5EmsjVrsv4A8X12J4ArBiiayv3DyyG3ZlIg6yysuuSYdZsVz3TKcTg2fd//Ujd4CHV1iA==\n \n+undici-types@~5.26.4:\n+  version \""5.26.5\""\n+  resolved \""https://registry.yarnpkg.com/undici-types/-/undici-types-5.26.5.tgz#bcd539893d00b56e964fd2657a4866b221a65617\""\n+  integrity sha512-JlCMO+ehdEIKqlFxk6IfVoAUVmgz7cU7zD/h9XZ0qzeosSHmUJVOzSQvvYSYWXkFXC+IfLKSIffhv0sVZup6pA==\n+\n unpipe@1.0.0, unpipe@~1.0.0:\n   version \""1.0.0\""\n   resolved \""https://registry.yarnpkg.com/unpipe/-/unpipe-1.0.0.tgz#b2bf4ee8514aae6165b4817829d21b2ef49904ec\""""

Output: List the addressed and unaddressed items, and make the final classification.
","Analysis details:
- Addressed Items: None
- Unaddressed Items: ""standardize formatting (e.g., indentation)"", ""remove trailing spaces"", ""use consistent quotation marks""
Classification: Not Addressed"
https://api.github.com/repos/sidhantpanda/docker-express-typescript-boilerplate/pulls/comments/1306774323,Not contain any items.,Not contain any items.
https://api.github.com/repos/sidhantpanda/docker-express-typescript-boilerplate/pulls/comments/1306774334,Not contain any items.,Not contain any items.
https://api.github.com/repos/sidhantpanda/docker-express-typescript-boilerplate/pulls/comments/1313612894,Not contain specific items.,Not contain specific items.
https://api.github.com/repos/sidhantpanda/docker-express-typescript-boilerplate/pulls/comments/1271312455,"Input Format:
Code Review:
- Reviewed Path: The file path of the code change.
- Reviewed Change: The code change under review. (""+"" indicates added lines, ""-"" indicates removed lines)
- Review Comment: A list of issues or suggestions for the above changes.
Subsequent Code Changes: A cumulative code changes made to the reviewed file after the review.

Task: For each item in the Review Comment, analyze whether it has been addressed by the Subsequent Code Changes by determining if:
- The issue has been completely resolved.
- The suggestion has been completely followed. (If the suggestion includes concrete code examples, it does not need to be followed exactly. As long as the code change serves the same intended purpose, the suggestion can be considered addressed.)
After completing the analysis, classify the entire review comment into one of the following categories:
- Not Addressed: None of the issues or suggestions have been addressed by the Subsequent Code Changes.
- Partly Addressed: Some but not all issues or suggestions have been addressed.
- Fully Addressed: All issues or suggestions have been addressed.
If the code relevant to the Review Comment has been completely removed in the Subsequent Code Changes, and it is not possible to determine whether the removal was an intentional response to the comment, you can classify it as ""Not Enough Information"".

Output Format:
Analysis details:
- Addressed Items: List the issues or suggestions that have been addressed.
- Unaddressed Items: List the issues or suggestions that have not been addressed.
Classification: Based on the Addressed Items and Unaddressed Items, select one of ""Not Addressed"", ""Partly Addressed"", ""Fully Addressed"", or ""Not Enough Information"" as the final classification without more explanations.

Input:
Code Review:
- Reviewed Path: ""Dockerfile""
- Reviewed Change: ""@@ -1,4 +1,4 @@\n-FROM node:18.16.0-alpine as base\n+FROM node:18.17.0-alpine as base\n \n # Add package file\n COPY package.json ./\n@@ -17,7 +17,7 @@ COPY openapi.yml ./openapi.yml\n RUN yarn build\n \n # Start production image build\n-FROM node:18.16.0-alpine\n+FROM node:18.17.0-alpine\n \n # Copy node modules and build directory\n COPY --from=base ./node_modules ./node_modules""
- Review Comment: ""- ensure that the required dependencies are installed before running the `yarn build` command.""

Subsequent Code Changes: Here are the cumulative modifications made to the reviewed file ""Dockerfile"" after the Code Review.
""--- \n\n+++ \n\n@@ -1,4 +1,4 @@\n\n-FROM node:18.17.0-alpine as base\n+FROM node:20.11.1-alpine as base\n \n # Add package file\n COPY package.json ./\n@@ -17,7 +17,7 @@\n\n RUN yarn build\n \n # Start production image build\n-FROM node:18.17.0-alpine\n+FROM node:20.11.1-alpine\n \n # Copy node modules and build directory\n COPY --from=base ./node_modules ./node_modules""

Output: List the addressed and unaddressed items, and make the final classification.
","Analysis details:
- Addressed Items: None.
- Unaddressed Items: ""- ensure that the required dependencies are installed before running the `yarn build` command.""
Classification: Not Addressed"
https://api.github.com/repos/sidhantpanda/docker-express-typescript-boilerplate/pulls/comments/1313612927,Not contain specific items.,Not contain specific items.
https://api.github.com/repos/sidhantpanda/docker-express-typescript-boilerplate/pulls/comments/1314002596,Not contain any items.,Not contain any items.
https://api.github.com/repos/sidhantpanda/docker-express-typescript-boilerplate/pulls/comments/1314002660,Not contain specific items.,Not contain specific items.
https://api.github.com/repos/sidhantpanda/docker-express-typescript-boilerplate/pulls/comments/1320380383,Not contain any items.,Not contain any items.
https://api.github.com/repos/sidhantpanda/docker-express-typescript-boilerplate/pulls/comments/1320380482,Not contain specific items.,Not contain specific items.
https://api.github.com/repos/sidhantpanda/docker-express-typescript-boilerplate/pulls/comments/1320380437,Not contain specific items.,Not contain specific items.
https://api.github.com/repos/sidhantpanda/docker-express-typescript-boilerplate/pulls/comments/1314002668,Not contain specific items.,Not contain specific items.
https://api.github.com/repos/sidhantpanda/docker-express-typescript-boilerplate/pulls/comments/1326992972,Not contain specific items.,Not contain specific items.
https://api.github.com/repos/sidhantpanda/docker-express-typescript-boilerplate/pulls/comments/1306774309,"Input Format:
Code Review:
- Reviewed Path: The file path of the code change.
- Reviewed Change: The code change under review. (""+"" indicates added lines, ""-"" indicates removed lines)
- Review Comment: A list of issues or suggestions for the above changes.
Subsequent Code Changes: A cumulative code changes made to the reviewed file after the review.

Task: For each item in the Review Comment, analyze whether it has been addressed by the Subsequent Code Changes by determining if:
- The issue has been completely resolved.
- The suggestion has been completely followed. (If the suggestion includes concrete code examples, it does not need to be followed exactly. As long as the code change serves the same intended purpose, the suggestion can be considered addressed.)
After completing the analysis, classify the entire review comment into one of the following categories:
- Not Addressed: None of the issues or suggestions have been addressed by the Subsequent Code Changes.
- Partly Addressed: Some but not all issues or suggestions have been addressed.
- Fully Addressed: All issues or suggestions have been addressed.
If the code relevant to the Review Comment has been completely removed in the Subsequent Code Changes, and it is not possible to determine whether the removal was an intentional response to the comment, you can classify it as ""Not Enough Information"".

Output Format:
Analysis details:
- Addressed Items: List the issues or suggestions that have been addressed.
- Unaddressed Items: List the issues or suggestions that have not been addressed.
Classification: Based on the Addressed Items and Unaddressed Items, select one of ""Not Addressed"", ""Partly Addressed"", ""Fully Addressed"", or ""Not Enough Information"" as the final classification without more explanations.

Input:
Code Review:
- Reviewed Path: ""Dockerfile""
- Reviewed Change: ""@@ -1,4 +1,4 @@\n-FROM node:18.16.0-alpine as base\n+FROM node:18.17.1-alpine as base\n \n # Add package file\n COPY package.json ./\n@@ -17,7 +17,7 @@ COPY openapi.yml ./openapi.yml\n RUN yarn build\n \n # Start production image build\n-FROM node:18.16.0-alpine\n+FROM node:18.17.1-alpine\n \n # Copy node modules and build directory\n COPY --from=base ./node_modules ./node_modules""
- Review Comment: ""- improvement suggestion: it would be helpful to ensure that the \""yarn build\"" step has appropriate error handling and logging, in case there are any issues during the build process.""

Subsequent Code Changes: Here are the cumulative modifications made to the reviewed file ""Dockerfile"" after the Code Review.
""--- \n\n+++ \n\n@@ -1,4 +1,4 @@\n\n-FROM node:18.17.1-alpine as base\n+FROM node:20.11.1-alpine as base\n \n # Add package file\n COPY package.json ./\n@@ -17,7 +17,7 @@\n\n RUN yarn build\n \n # Start production image build\n-FROM node:18.17.1-alpine\n+FROM node:20.11.1-alpine\n \n # Copy node modules and build directory\n COPY --from=base ./node_modules ./node_modules""

Output: List the addressed and unaddressed items, and make the final classification.
","Analysis details:
- Addressed Items: None.
- Unaddressed Items: ""improvement suggestion: it would be helpful to ensure that the 'yarn build' step has appropriate error handling and logging, in case there are any issues during the build process.""
Classification: Not Addressed"
https://api.github.com/repos/sidhantpanda/docker-express-typescript-boilerplate/pulls/comments/1326993157,Not contain specific items.,Not contain specific items.
https://api.github.com/repos/sidhantpanda/docker-express-typescript-boilerplate/pulls/comments/1327944501,Not contain specific items.,Not contain specific items.
https://api.github.com/repos/sidhantpanda/docker-express-typescript-boilerplate/pulls/comments/1327944493,Not contain specific items.,Not contain specific items.
https://api.github.com/repos/sidhantpanda/docker-express-typescript-boilerplate/pulls/comments/1327944507,Not contain specific items.,Not contain specific items.
https://api.github.com/repos/sidhantpanda/docker-express-typescript-boilerplate/pulls/comments/1330860638,Not contain specific items.,Not contain specific items.
https://api.github.com/repos/sidhantpanda/docker-express-typescript-boilerplate/pulls/comments/1330860739,Not contain any items.,Not contain any items.
https://api.github.com/repos/sidhantpanda/docker-express-typescript-boilerplate/pulls/comments/1330860696,Not contain specific items.,Not contain specific items.
https://api.github.com/repos/sidhantpanda/docker-express-typescript-boilerplate/pulls/comments/1330994140,Not contain specific items.,Not contain specific items.
https://api.github.com/repos/sidhantpanda/docker-express-typescript-boilerplate/pulls/comments/1330994191,Not contain any items.,Not contain any items.
https://api.github.com/repos/sidhantpanda/docker-express-typescript-boilerplate/pulls/comments/1287750650,"Input Format:
Code Review:
- Reviewed Path: The file path of the code change.
- Reviewed Change: The code change under review. (""+"" indicates added lines, ""-"" indicates removed lines)
- Review Comment: A list of issues or suggestions for the above changes.
Subsequent Code Changes: A cumulative code changes made to the reviewed file after the review.

Task: For each item in the Review Comment, analyze whether it has been addressed by the Subsequent Code Changes by determining if:
- The issue has been completely resolved.
- The suggestion has been completely followed. (If the suggestion includes concrete code examples, it does not need to be followed exactly. As long as the code change serves the same intended purpose, the suggestion can be considered addressed.)
After completing the analysis, classify the entire review comment into one of the following categories:
- Not Addressed: None of the issues or suggestions have been addressed by the Subsequent Code Changes.
- Partly Addressed: Some but not all issues or suggestions have been addressed.
- Fully Addressed: All issues or suggestions have been addressed.
If the code relevant to the Review Comment has been completely removed in the Subsequent Code Changes, and it is not possible to determine whether the removal was an intentional response to the comment, you can classify it as ""Not Enough Information"".

Output Format:
Analysis details:
- Addressed Items: List the issues or suggestions that have been addressed.
- Unaddressed Items: List the issues or suggestions that have not been addressed.
Classification: Based on the Addressed Items and Unaddressed Items, select one of ""Not Addressed"", ""Partly Addressed"", ""Fully Addressed"", or ""Not Enough Information"" as the final classification without more explanations.

Input:
Code Review:
- Reviewed Path: ""Dockerfile""
- Reviewed Change: ""@@ -1,4 +1,4 @@\n-FROM node:18.16.0-alpine as base\n+FROM node:18.17.0-alpine as base\n \n # Add package file\n COPY package.json ./\n@@ -17,7 +17,7 @@ COPY openapi.yml ./openapi.yml\n RUN yarn build\n \n # Start production image build\n-FROM node:18.16.0-alpine\n+FROM node:18.17.0-alpine\n \n # Copy node modules and build directory\n COPY --from=base ./node_modules ./node_modules""
- Review Comment: ""- one improvement suggestion would be to use a more specific tag for the node.js base image, such as `node:18.17-alpine3.14`, where `3.14` corresponds to the specific version of alpine linux being used. this helps ensure that future updates to the base image won't introduce unexpected changes.""

Subsequent Code Changes: Here are the cumulative modifications made to the reviewed file ""Dockerfile"" after the Code Review.
""--- \n\n+++ \n\n@@ -1,4 +1,4 @@\n\n-FROM node:18.17.0-alpine as base\n+FROM node:20.11.1-alpine as base\n \n # Add package file\n COPY package.json ./\n@@ -17,7 +17,7 @@\n\n RUN yarn build\n \n # Start production image build\n-FROM node:18.17.0-alpine\n+FROM node:20.11.1-alpine\n \n # Copy node modules and build directory\n COPY --from=base ./node_modules ./node_modules""

Output: List the addressed and unaddressed items, and make the final classification.
","Analysis details:
- Addressed Items: None.
- Unaddressed Items: The suggestion to use a more specific tag (e.g. including the Alpine version such as ""node:18.17-alpine3.14"") was not followed, as the updated tags (""node:20.11.1-alpine"") do not include that specificity.
Classification: Not Addressed"
https://api.github.com/repos/sidhantpanda/docker-express-typescript-boilerplate/pulls/comments/1335078655,Not contain specific items.,Not contain specific items.
https://api.github.com/repos/sidhantpanda/docker-express-typescript-boilerplate/pulls/comments/1335078685,Not contain specific items.,Not contain specific items.
https://api.github.com/repos/sidhantpanda/docker-express-typescript-boilerplate/pulls/comments/1336353245,Not contain specific items.,Not contain specific items.
https://api.github.com/repos/sidhantpanda/docker-express-typescript-boilerplate/pulls/comments/1336353154,Not contain any items.,Not contain any items.
https://api.github.com/repos/sidhantpanda/docker-express-typescript-boilerplate/pulls/comments/1336353405,Not contain specific items.,Not contain specific items.
https://api.github.com/repos/sidhantpanda/docker-express-typescript-boilerplate/pulls/comments/1335078703,Not contain specific items.,Not contain specific items.
https://api.github.com/repos/sidhantpanda/docker-express-typescript-boilerplate/pulls/comments/1341612695,Not contain specific items.,Not contain specific items.
https://api.github.com/repos/sidhantpanda/docker-express-typescript-boilerplate/pulls/comments/1341612989,Not contain specific items.,Not contain specific items.
https://api.github.com/repos/sidhantpanda/docker-express-typescript-boilerplate/pulls/comments/1341612200,Not contain any items.,Not contain any items.
https://api.github.com/repos/sidhantpanda/docker-express-typescript-boilerplate/pulls/comments/1343250521,Not contain specific items.,Not contain specific items.
https://api.github.com/repos/sidhantpanda/docker-express-typescript-boilerplate/pulls/comments/1343250488,Not contain specific items.,Not contain specific items.
https://api.github.com/repos/sidhantpanda/docker-express-typescript-boilerplate/pulls/comments/1343250555,Not contain specific items.,Not contain specific items.
https://api.github.com/repos/sidhantpanda/docker-express-typescript-boilerplate/pulls/comments/1298852902,"Input Format:
Code Review:
- Reviewed Path: The file path of the code change.
- Reviewed Change: The code change under review. (""+"" indicates added lines, ""-"" indicates removed lines)
- Review Comment: A list of issues or suggestions for the above changes.
Subsequent Code Changes: A cumulative code changes made to the reviewed file after the review.

Task: For each item in the Review Comment, analyze whether it has been addressed by the Subsequent Code Changes by determining if:
- The issue has been completely resolved.
- The suggestion has been completely followed. (If the suggestion includes concrete code examples, it does not need to be followed exactly. As long as the code change serves the same intended purpose, the suggestion can be considered addressed.)
After completing the analysis, classify the entire review comment into one of the following categories:
- Not Addressed: None of the issues or suggestions have been addressed by the Subsequent Code Changes.
- Partly Addressed: Some but not all issues or suggestions have been addressed.
- Fully Addressed: All issues or suggestions have been addressed.
If the code relevant to the Review Comment has been completely removed in the Subsequent Code Changes, and it is not possible to determine whether the removal was an intentional response to the comment, you can classify it as ""Not Enough Information"".

Output Format:
Analysis details:
- Addressed Items: List the issues or suggestions that have been addressed.
- Unaddressed Items: List the issues or suggestions that have not been addressed.
Classification: Based on the Addressed Items and Unaddressed Items, select one of ""Not Addressed"", ""Partly Addressed"", ""Fully Addressed"", or ""Not Enough Information"" as the final classification without more explanations.

Input:
Code Review:
- Reviewed Path: ""Dockerfile""
- Reviewed Change: ""@@ -1,4 +1,4 @@\n-FROM node:18.16.0-alpine as base\n+FROM node:18.17.1-alpine as base\n \n # Add package file\n COPY package.json ./\n@@ -17,7 +17,7 @@ COPY openapi.yml ./openapi.yml\n RUN yarn build\n \n # Start production image build\n-FROM node:18.16.0-alpine\n+FROM node:18.17.1-alpine\n \n # Copy node modules and build directory\n COPY --from=base ./node_modules ./node_modules""
- Review Comment: ""- ensure that the package.json specifies the exact dependency versions to achieve reproducibility.\n- consider adding additional steps such as cleaning up unnecessary files or setting environment variables if they are required for your application.""

Subsequent Code Changes: Here are the cumulative modifications made to the reviewed file ""Dockerfile"" after the Code Review.
""--- \n\n+++ \n\n@@ -1,4 +1,4 @@\n\n-FROM node:18.17.1-alpine as base\n+FROM node:20.11.1-alpine as base\n \n # Add package file\n COPY package.json ./\n@@ -17,7 +17,7 @@\n\n RUN yarn build\n \n # Start production image build\n-FROM node:18.17.1-alpine\n+FROM node:20.11.1-alpine\n \n # Copy node modules and build directory\n COPY --from=base ./node_modules ./node_modules""

Output: List the addressed and unaddressed items, and make the final classification.
","Analysis details:
- Addressed Items: None
- Unaddressed Items: 
  • ""ensure that the package.json specifies the exact dependency versions to achieve reproducibility.""
  • ""consider adding additional steps such as cleaning up unnecessary files or setting environment variables if they are required for your application.""
Classification: Not Addressed"
https://api.github.com/repos/sidhantpanda/docker-express-typescript-boilerplate/pulls/comments/1349436879,Not contain specific items.,Not contain specific items.
https://api.github.com/repos/sidhantpanda/docker-express-typescript-boilerplate/pulls/comments/1349436867,Not contain any items.,Not contain any items.
https://api.github.com/repos/sidhantpanda/docker-express-typescript-boilerplate/pulls/comments/1355930057,Not contain any items.,Not contain any items.
https://api.github.com/repos/sidhantpanda/docker-express-typescript-boilerplate/pulls/comments/1355930121,Not contain specific items.,Not contain specific items.
https://api.github.com/repos/sidhantpanda/docker-express-typescript-boilerplate/pulls/comments/1357513876,Not contain any items.,Not contain any items.
https://api.github.com/repos/sidhantpanda/docker-express-typescript-boilerplate/pulls/comments/1357513829,Not contain any items.,Not contain any items.
https://api.github.com/repos/sidhantpanda/docker-express-typescript-boilerplate/pulls/comments/1274075993,"Input Format:
Code Review:
- Reviewed Path: The file path of the code change.
- Reviewed Change: The code change under review. (""+"" indicates added lines, ""-"" indicates removed lines)
- Review Comment: A list of issues or suggestions for the above changes.
Subsequent Code Changes: A cumulative code changes made to the reviewed file after the review.

Task: For each item in the Review Comment, analyze whether it has been addressed by the Subsequent Code Changes by determining if:
- The issue has been completely resolved.
- The suggestion has been completely followed. (If the suggestion includes concrete code examples, it does not need to be followed exactly. As long as the code change serves the same intended purpose, the suggestion can be considered addressed.)
After completing the analysis, classify the entire review comment into one of the following categories:
- Not Addressed: None of the issues or suggestions have been addressed by the Subsequent Code Changes.
- Partly Addressed: Some but not all issues or suggestions have been addressed.
- Fully Addressed: All issues or suggestions have been addressed.
If the code relevant to the Review Comment has been completely removed in the Subsequent Code Changes, and it is not possible to determine whether the removal was an intentional response to the comment, you can classify it as ""Not Enough Information"".

Output Format:
Analysis details:
- Addressed Items: List the issues or suggestions that have been addressed.
- Unaddressed Items: List the issues or suggestions that have not been addressed.
Classification: Based on the Addressed Items and Unaddressed Items, select one of ""Not Addressed"", ""Partly Addressed"", ""Fully Addressed"", or ""Not Enough Information"" as the final classification without more explanations.

Input:
Code Review:
- Reviewed Path: ""Dockerfile""
- Reviewed Change: ""@@ -1,4 +1,4 @@\n-FROM node:18.16.0-alpine as base\n+FROM node:18.17.0-alpine as base\n \n # Add package file\n COPY package.json ./\n@@ -17,7 +17,7 @@ COPY openapi.yml ./openapi.yml\n RUN yarn build\n \n # Start production image build\n-FROM node:18.16.0-alpine\n+FROM node:18.17.0-alpine\n \n # Copy node modules and build directory\n COPY --from=base ./node_modules ./node_modules""
- Review Comment: ""- the openapi.yml file is also being copied during the build process, which suggests it might be used by the node.js application. make sure it's needed and placed correctly in your project structure.\n- the yarn build command is executed in the \""base\"" stage. check if there are any build commands in your project that need to run before this step or after for a complete and successful build.\n- in the final production build stage, the node modules and build directory are copied from the \""base\"" stage. ensure that this is the correct approach for your node.js application's specific requirements.\n- consider adding a version tag to the final production image, such as node:18.17.0-alpine, for better management and reproducibility.""

Subsequent Code Changes: Here are the cumulative modifications made to the reviewed file ""Dockerfile"" after the Code Review.
""--- \n\n+++ \n\n@@ -1,4 +1,4 @@\n\n-FROM node:18.17.0-alpine as base\n+FROM node:20.11.1-alpine as base\n \n # Add package file\n COPY package.json ./\n@@ -17,7 +17,7 @@\n\n RUN yarn build\n \n # Start production image build\n-FROM node:18.17.0-alpine\n+FROM node:20.11.1-alpine\n \n # Copy node modules and build directory\n COPY --from=base ./node_modules ./node_modules""

Output: List the addressed and unaddressed items, and make the final classification.
","Analysis details:
- Addressed Items:
  • Consider adding a version tag to the final production image (the image version was updated from 18.17.0 to 20.11.1 in both stages).
- Unaddressed Items:
  • The openapi.yml file’s placement and necessity in the build process.
  • The positioning and completeness of the yarn build commands.
  • The approach of copying node modules and the build directory from the “base” stage.

Classification: Partly Addressed"
https://api.github.com/repos/sidhantpanda/docker-express-typescript-boilerplate/pulls/comments/1361115807,Not contain specific items.,Not contain specific items.
https://api.github.com/repos/sidhantpanda/docker-express-typescript-boilerplate/pulls/comments/1361115917,Not contain specific items.,Not contain specific items.
https://api.github.com/repos/sidhantpanda/docker-express-typescript-boilerplate/pulls/comments/1363580376,Not contain any items.,Not contain any items.
https://api.github.com/repos/sidhantpanda/docker-express-typescript-boilerplate/pulls/comments/1181010841,"Input Format:
Code Review:
- Reviewed Path: The file path of the code change.
- Reviewed Change: The code change under review. (""+"" indicates added lines, ""-"" indicates removed lines)
- Review Comment: A list of issues or suggestions for the above changes.
Subsequent Code Changes: A cumulative code changes made to the reviewed file after the review.

Task: For each item in the Review Comment, analyze whether it has been addressed by the Subsequent Code Changes by determining if:
- The issue has been completely resolved.
- The suggestion has been completely followed. (If the suggestion includes concrete code examples, it does not need to be followed exactly. As long as the code change serves the same intended purpose, the suggestion can be considered addressed.)
After completing the analysis, classify the entire review comment into one of the following categories:
- Not Addressed: None of the issues or suggestions have been addressed by the Subsequent Code Changes.
- Partly Addressed: Some but not all issues or suggestions have been addressed.
- Fully Addressed: All issues or suggestions have been addressed.
If the code relevant to the Review Comment has been completely removed in the Subsequent Code Changes, and it is not possible to determine whether the removal was an intentional response to the comment, you can classify it as ""Not Enough Information"".

Output Format:
Analysis details:
- Addressed Items: List the issues or suggestions that have been addressed.
- Unaddressed Items: List the issues or suggestions that have not been addressed.
Classification: Based on the Addressed Items and Unaddressed Items, select one of ""Not Addressed"", ""Partly Addressed"", ""Fully Addressed"", or ""Not Enough Information"" as the final classification without more explanations.

Input:
Code Review:
- Reviewed Path: ""yarn.lock""
- Reviewed Change: ""@@ -1053,10 +1053,10 @@\n   resolved \""https://registry.yarnpkg.com/@types/node/-/node-17.0.21.tgz#864b987c0c68d07b4345845c3e63b75edd143644\""\n   integrity sha512-DBZCJbhII3r90XbQxI8Y9IjjiiOGlZ0Hr32omXIZvwwZ7p4DMMXGrKXVyPfuoBOri9XNtL0UK69jYIBIsRX3QQ==\n \n-\""@types/node@18.15.11\"":\n-  version \""18.15.11\""\n-  resolved \""https://registry.yarnpkg.com/@types/node/-/node-18.15.11.tgz#b3b790f09cb1696cffcec605de025b088fa4225f\""\n-  integrity sha512-E5Kwq2n4SbMzQOn6wnmBjuK9ouqlURrcZDVfbo9ftDDTFt3nk7ZKK4GMOzoYgnpQJKcxwQw+lGaBvvlMo0qN/Q==\n+\""@types/node@18.16.3\"":\n+  version \""18.16.3\""\n+  resolved \""https://registry.yarnpkg.com/@types/node/-/node-18.16.3.tgz#6bda7819aae6ea0b386ebc5b24bdf602f1b42b01\""\n+  integrity sha512-OPs5WnnT1xkCBiuQrZA4+YAV4HEJejmHneyraIaxsbev5yCEr6KMwINNFP9wQeFIw8FWcoTqF3vQsa5CDaI+8Q==\n \n \""@types/prettier@^2.1.5\"":\n   version \""2.4.4\""""
- Review Comment: ""- \""it would also improve readability to have consistent indentation and formatting throughout the file.\""""

Subsequent Code Changes: Here are the cumulative modifications made to the reviewed file ""yarn.lock"" after the Code Review.
""--- \n\n+++ \n\n@@ -1053,10 +1053,12 @@\n\n   resolved \""https://registry.yarnpkg.com/@types/node/-/node-17.0.21.tgz#864b987c0c68d07b4345845c3e63b75edd143644\""\n   integrity sha512-DBZCJbhII3r90XbQxI8Y9IjjiiOGlZ0Hr32omXIZvwwZ7p4DMMXGrKXVyPfuoBOri9XNtL0UK69jYIBIsRX3QQ==\n \n-\""@types/node@18.16.3\"":\n-  version \""18.16.3\""\n-  resolved \""https://registry.yarnpkg.com/@types/node/-/node-18.16.3.tgz#6bda7819aae6ea0b386ebc5b24bdf602f1b42b01\""\n-  integrity sha512-OPs5WnnT1xkCBiuQrZA4+YAV4HEJejmHneyraIaxsbev5yCEr6KMwINNFP9wQeFIw8FWcoTqF3vQsa5CDaI+8Q==\n+\""@types/node@18.19.26\"":\n+  version \""18.19.26\""\n+  resolved \""https://registry.yarnpkg.com/@types/node/-/node-18.19.26.tgz#18991279d0a0e53675285e8cf4a0823766349729\""\n+  integrity sha512-+wiMJsIwLOYCvUqSdKTrfkS8mpTp+MPINe6+Np4TAGFWWRWiBQ5kSq9nZGCSPkzx9mvT+uEukzpX4MOSCydcvw==\n+  dependencies:\n+    undici-types \""~5.26.4\""\n \n \""@types/prettier@^2.1.5\"":\n   version \""2.4.4\""\n@@ -4755,6 +4757,11 @@\n\n   resolved \""https://registry.yarnpkg.com/undefsafe/-/undefsafe-2.0.5.tgz#38733b9327bdcd226db889fb723a6efd162e6e2c\""\n   integrity sha512-WxONCrssBM8TSPRqN5EmsjVrsv4A8X12J4ArBiiayv3DyyG3ZlIg6yysuuSYdZsVz3TKcTg2fd//Ujd4CHV1iA==\n \n+undici-types@~5.26.4:\n+  version \""5.26.5\""\n+  resolved \""https://registry.yarnpkg.com/undici-types/-/undici-types-5.26.5.tgz#bcd539893d00b56e964fd2657a4866b221a65617\""\n+  integrity sha512-JlCMO+ehdEIKqlFxk6IfVoAUVmgz7cU7zD/h9XZ0qzeosSHmUJVOzSQvvYSYWXkFXC+IfLKSIffhv0sVZup6pA==\n+\n unpipe@1.0.0, unpipe@~1.0.0:\n   version \""1.0.0\""\n   resolved \""https://registry.yarnpkg.com/unpipe/-/unpipe-1.0.0.tgz#b2bf4ee8514aae6165b4817829d21b2ef49904ec\""""

Output: List the addressed and unaddressed items, and make the final classification.
","Analysis details:
- Addressed Items: None.
- Unaddressed Items: The suggestion to improve readability by ensuring consistent indentation and formatting throughout the file.
Classification: Not Addressed"
https://api.github.com/repos/sidhantpanda/docker-express-typescript-boilerplate/pulls/comments/1363580457,Not contain any items.,Not contain any items.
https://api.github.com/repos/sidhantpanda/docker-express-typescript-boilerplate/pulls/comments/1361116013,Not contain specific items.,Not contain specific items.
https://api.github.com/repos/sidhantpanda/docker-express-typescript-boilerplate/pulls/comments/1372279480,Not contain any items.,Not contain any items.
https://api.github.com/repos/sidhantpanda/docker-express-typescript-boilerplate/pulls/comments/1372279575,Not contain specific items.,Not contain specific items.
https://api.github.com/repos/sidhantpanda/docker-express-typescript-boilerplate/pulls/comments/1372279708,Not contain specific items.,Not contain specific items.
https://api.github.com/repos/sidhantpanda/docker-express-typescript-boilerplate/pulls/comments/1326992601,"Input Format:
Code Review:
- Reviewed Path: The file path of the code change.
- Reviewed Change: The code change under review. (""+"" indicates added lines, ""-"" indicates removed lines)
- Review Comment: A list of issues or suggestions for the above changes.
Subsequent Code Changes: A cumulative code changes made to the reviewed file after the review.

Task: For each item in the Review Comment, analyze whether it has been addressed by the Subsequent Code Changes by determining if:
- The issue has been completely resolved.
- The suggestion has been completely followed. (If the suggestion includes concrete code examples, it does not need to be followed exactly. As long as the code change serves the same intended purpose, the suggestion can be considered addressed.)
After completing the analysis, classify the entire review comment into one of the following categories:
- Not Addressed: None of the issues or suggestions have been addressed by the Subsequent Code Changes.
- Partly Addressed: Some but not all issues or suggestions have been addressed.
- Fully Addressed: All issues or suggestions have been addressed.
If the code relevant to the Review Comment has been completely removed in the Subsequent Code Changes, and it is not possible to determine whether the removal was an intentional response to the comment, you can classify it as ""Not Enough Information"".

Output Format:
Analysis details:
- Addressed Items: List the issues or suggestions that have been addressed.
- Unaddressed Items: List the issues or suggestions that have not been addressed.
Classification: Based on the Addressed Items and Unaddressed Items, select one of ""Not Addressed"", ""Partly Addressed"", ""Fully Addressed"", or ""Not Enough Information"" as the final classification without more explanations.

Input:
Code Review:
- Reviewed Path: ""Dockerfile""
- Reviewed Change: ""@@ -1,4 +1,4 @@\n-FROM node:18.16.0-alpine as base\n+FROM node:18.17.1-alpine as base\n \n # Add package file\n COPY package.json ./\n@@ -17,7 +17,7 @@ COPY openapi.yml ./openapi.yml\n RUN yarn build\n \n # Start production image build\n-FROM node:18.16.0-alpine\n+FROM node:18.17.1-alpine\n \n # Copy node modules and build directory\n COPY --from=base ./node_modules ./node_modules""
- Review Comment: ""- duplicate node.js base image: there are two occurrences of the `from node:18.17.1-alpine` line. to optimize the docker image, you can remove the second occurrence since it is not required.""

Subsequent Code Changes: Here are the cumulative modifications made to the reviewed file ""Dockerfile"" after the Code Review.
""--- \n\n+++ \n\n@@ -1,4 +1,4 @@\n\n-FROM node:18.17.1-alpine as base\n+FROM node:20.11.1-alpine as base\n \n # Add package file\n COPY package.json ./\n@@ -17,7 +17,7 @@\n\n RUN yarn build\n \n # Start production image build\n-FROM node:18.17.1-alpine\n+FROM node:20.11.1-alpine\n \n # Copy node modules and build directory\n COPY --from=base ./node_modules ./node_modules""

Output: List the addressed and unaddressed items, and make the final classification.
","Analysis details:
- Addressed Items: None.
- Unaddressed Items: Duplicate node.js base image remains (the second occurrence was not removed).
Classification: Not Addressed."
https://api.github.com/repos/sidhantpanda/docker-express-typescript-boilerplate/pulls/comments/1377430688,Not contain specific items.,Not contain specific items.
https://api.github.com/repos/sidhantpanda/docker-express-typescript-boilerplate/pulls/comments/1313612870,"Input Format:
Code Review:
- Reviewed Path: The file path of the code change.
- Reviewed Change: The code change under review. (""+"" indicates added lines, ""-"" indicates removed lines)
- Review Comment: A list of issues or suggestions for the above changes.
Subsequent Code Changes: A cumulative code changes made to the reviewed file after the review.

Task: For each item in the Review Comment, analyze whether it has been addressed by the Subsequent Code Changes by determining if:
- The issue has been completely resolved.
- The suggestion has been completely followed. (If the suggestion includes concrete code examples, it does not need to be followed exactly. As long as the code change serves the same intended purpose, the suggestion can be considered addressed.)
After completing the analysis, classify the entire review comment into one of the following categories:
- Not Addressed: None of the issues or suggestions have been addressed by the Subsequent Code Changes.
- Partly Addressed: Some but not all issues or suggestions have been addressed.
- Fully Addressed: All issues or suggestions have been addressed.
If the code relevant to the Review Comment has been completely removed in the Subsequent Code Changes, and it is not possible to determine whether the removal was an intentional response to the comment, you can classify it as ""Not Enough Information"".

Output Format:
Analysis details:
- Addressed Items: List the issues or suggestions that have been addressed.
- Unaddressed Items: List the issues or suggestions that have not been addressed.
Classification: Based on the Addressed Items and Unaddressed Items, select one of ""Not Addressed"", ""Partly Addressed"", ""Fully Addressed"", or ""Not Enough Information"" as the final classification without more explanations.

Input:
Code Review:
- Reviewed Path: ""Dockerfile""
- Reviewed Change: ""@@ -1,4 +1,4 @@\n-FROM node:18.16.0-alpine as base\n+FROM node:18.17.1-alpine as base\n \n # Add package file\n COPY package.json ./\n@@ -17,7 +17,7 @@ COPY openapi.yml ./openapi.yml\n RUN yarn build\n \n # Start production image build\n-FROM node:18.16.0-alpine\n+FROM node:18.17.1-alpine\n \n # Copy node modules and build directory\n COPY --from=base ./node_modules ./node_modules""
- Review Comment: ""- verify that you need both the node_modules directory and the build files in your final image. (refers to the line: copy --from=base ./node_modules ./node_modules)\n- consider using a specific version tag for the from instruction, instead of relying on the \""latest\"" tag (e.g., node:18.17.1-alpine). this ensures reproducibility and avoids unexpected changes if newer versions of the base image introduce breaking changes.""

Subsequent Code Changes: Here are the cumulative modifications made to the reviewed file ""Dockerfile"" after the Code Review.
""--- \n\n+++ \n\n@@ -1,4 +1,4 @@\n\n-FROM node:18.17.1-alpine as base\n+FROM node:20.11.1-alpine as base\n \n # Add package file\n COPY package.json ./\n@@ -17,7 +17,7 @@\n\n RUN yarn build\n \n # Start production image build\n-FROM node:18.17.1-alpine\n+FROM node:20.11.1-alpine\n \n # Copy node modules and build directory\n COPY --from=base ./node_modules ./node_modules""

Output: List the addressed and unaddressed items, and make the final classification.
","Analysis details:
- Addressed Items:
  • The suggestion to use a specific version tag for the FROM instruction is addressed by switching from node:18.17.1-alpine to node:20.11.1-alpine.
- Unaddressed Items:
  • The review comment regarding verifying that both the node_modules directory and the build files are needed in the final image remains unaddressed, as the change still only copies the node_modules directory and does not address the build files.
Classification: Partly Addressed"
https://api.github.com/repos/sidhantpanda/docker-express-typescript-boilerplate/pulls/comments/1385670099,Not contain any items.,Not contain any items.
https://api.github.com/repos/sidhantpanda/docker-express-typescript-boilerplate/pulls/comments/1355929987,"Input Format:
Code Review:
- Reviewed Path: The file path of the code change.
- Reviewed Change: The code change under review. (""+"" indicates added lines, ""-"" indicates removed lines)
- Review Comment: A list of issues or suggestions for the above changes.
Subsequent Code Changes: A cumulative code changes made to the reviewed file after the review.

Task: For each item in the Review Comment, analyze whether it has been addressed by the Subsequent Code Changes by determining if:
- The issue has been completely resolved.
- The suggestion has been completely followed. (If the suggestion includes concrete code examples, it does not need to be followed exactly. As long as the code change serves the same intended purpose, the suggestion can be considered addressed.)
After completing the analysis, classify the entire review comment into one of the following categories:
- Not Addressed: None of the issues or suggestions have been addressed by the Subsequent Code Changes.
- Partly Addressed: Some but not all issues or suggestions have been addressed.
- Fully Addressed: All issues or suggestions have been addressed.
If the code relevant to the Review Comment has been completely removed in the Subsequent Code Changes, and it is not possible to determine whether the removal was an intentional response to the comment, you can classify it as ""Not Enough Information"".

Output Format:
Analysis details:
- Addressed Items: List the issues or suggestions that have been addressed.
- Unaddressed Items: List the issues or suggestions that have not been addressed.
Classification: Based on the Addressed Items and Unaddressed Items, select one of ""Not Addressed"", ""Partly Addressed"", ""Fully Addressed"", or ""Not Enough Information"" as the final classification without more explanations.

Input:
Code Review:
- Reviewed Path: ""Dockerfile""
- Reviewed Change: ""@@ -1,4 +1,4 @@\n-FROM node:18.16.0-alpine as base\n+FROM node:18.18.1-alpine as base\n \n # Add package file\n COPY package.json ./\n@@ -17,7 +17,7 @@ COPY openapi.yml ./openapi.yml\n RUN yarn build\n \n # Start production image build\n-FROM node:18.16.0-alpine\n+FROM node:18.18.1-alpine\n \n # Copy node modules and build directory\n COPY --from=base ./node_modules ./node_modules""
- Review Comment: ""1. consider using specific version tags instead of generic \""alpine\"" tags to ensure consistency and avoid unexpected changes in future updates.\n2. add comment lines to explain the purpose of each section or instruction to improve code readability and maintainability.""

Subsequent Code Changes: Here are the cumulative modifications made to the reviewed file ""Dockerfile"" after the Code Review.
""--- \n\n+++ \n\n@@ -1,4 +1,4 @@\n\n-FROM node:18.18.1-alpine as base\n+FROM node:20.11.1-alpine as base\n \n # Add package file\n COPY package.json ./\n@@ -17,7 +17,7 @@\n\n RUN yarn build\n \n # Start production image build\n-FROM node:18.18.1-alpine\n+FROM node:20.11.1-alpine\n \n # Copy node modules and build directory\n COPY --from=base ./node_modules ./node_modules""

Output: List the addressed and unaddressed items, and make the final classification.
","Analysis details:
- Addressed Items: None
- Unaddressed Items: 
  1. Use of specific version tags instead of generic ""alpine"" tags.
  2. Adding comment lines to explain each section.
Classification: Not Addressed"
https://api.github.com/repos/sidhantpanda/docker-express-typescript-boilerplate/pulls/comments/1385670529,Not contain specific items.,Not contain specific items.
https://api.github.com/repos/sidhantpanda/docker-express-typescript-boilerplate/pulls/comments/1398284116,Not contain specific items.,Not contain specific items.
https://api.github.com/repos/sidhantpanda/docker-express-typescript-boilerplate/pulls/comments/1330994029,"Input Format:
Code Review:
- Reviewed Path: The file path of the code change.
- Reviewed Change: The code change under review. (""+"" indicates added lines, ""-"" indicates removed lines)
- Review Comment: A list of issues or suggestions for the above changes.
Subsequent Code Changes: A cumulative code changes made to the reviewed file after the review.

Task: For each item in the Review Comment, analyze whether it has been addressed by the Subsequent Code Changes by determining if:
- The issue has been completely resolved.
- The suggestion has been completely followed. (If the suggestion includes concrete code examples, it does not need to be followed exactly. As long as the code change serves the same intended purpose, the suggestion can be considered addressed.)
After completing the analysis, classify the entire review comment into one of the following categories:
- Not Addressed: None of the issues or suggestions have been addressed by the Subsequent Code Changes.
- Partly Addressed: Some but not all issues or suggestions have been addressed.
- Fully Addressed: All issues or suggestions have been addressed.
If the code relevant to the Review Comment has been completely removed in the Subsequent Code Changes, and it is not possible to determine whether the removal was an intentional response to the comment, you can classify it as ""Not Enough Information"".

Output Format:
Analysis details:
- Addressed Items: List the issues or suggestions that have been addressed.
- Unaddressed Items: List the issues or suggestions that have not been addressed.
Classification: Based on the Addressed Items and Unaddressed Items, select one of ""Not Addressed"", ""Partly Addressed"", ""Fully Addressed"", or ""Not Enough Information"" as the final classification without more explanations.

Input:
Code Review:
- Reviewed Path: ""Dockerfile""
- Reviewed Change: ""@@ -1,4 +1,4 @@\n-FROM node:18.16.0-alpine as base\n+FROM node:18.18.0-alpine as base\n \n # Add package file\n COPY package.json ./\n@@ -17,7 +17,7 @@ COPY openapi.yml ./openapi.yml\n RUN yarn build\n \n # Start production image build\n-FROM node:18.16.0-alpine\n+FROM node:18.18.0-alpine\n \n # Copy node modules and build directory\n COPY --from=base ./node_modules ./node_modules""
- Review Comment: ""- consider adding a `.dockerignore` file to exclude unnecessary files and directories from being copied.\n- it's a good practice to use the workdir instruction to set the default working directory for subsequent instructions. for example, `workdir /app` will set the working directory to `/app`.\n- if you have a package-lock.json or yarn.lock file, it's safer to copy that instead of just the package.json file. this ensures consistent installation of dependencies across different environments.\n- after copying the necessary files, consider running cleanup commands to remove any unnecessary files or dependencies that were only needed during the build stage.""

Subsequent Code Changes: Here are the cumulative modifications made to the reviewed file ""Dockerfile"" after the Code Review.
""--- \n\n+++ \n\n@@ -1,4 +1,4 @@\n\n-FROM node:18.18.0-alpine as base\n+FROM node:20.11.1-alpine as base\n \n # Add package file\n COPY package.json ./\n@@ -17,7 +17,7 @@\n\n RUN yarn build\n \n # Start production image build\n-FROM node:18.18.0-alpine\n+FROM node:20.11.1-alpine\n \n # Copy node modules and build directory\n COPY --from=base ./node_modules ./node_modules""

Output: List the addressed and unaddressed items, and make the final classification.
","Analysis details:
- Addressed Items: None.
- Unaddressed Items: 
  • consider adding a `.dockerignore` file to exclude unnecessary files and directories from being copied.
  • it's a good practice to use the workdir instruction to set the default working directory (e.g., `workdir /app`).
  • if you have a package-lock.json or yarn.lock file, it's safer to copy that instead of just the package.json file.
  • after copying the necessary files, consider running cleanup commands to remove any unnecessary files or dependencies needed only during the build stage.
Classification: Not Addressed"
https://api.github.com/repos/sidhantpanda/docker-express-typescript-boilerplate/pulls/comments/1398284109,Not contain specific items.,Not contain specific items.
https://api.github.com/repos/sidhantpanda/docker-express-typescript-boilerplate/pulls/comments/1400013112,Not contain specific items.,Not contain specific items.
https://api.github.com/repos/sidhantpanda/docker-express-typescript-boilerplate/pulls/comments/1400013193,Not contain any items.,Not contain any items.
https://api.github.com/repos/sidhantpanda/docker-express-typescript-boilerplate/pulls/comments/1377430520,"Input Format:
Code Review:
- Reviewed Path: The file path of the code change.
- Reviewed Change: The code change under review. (""+"" indicates added lines, ""-"" indicates removed lines)
- Review Comment: A list of issues or suggestions for the above changes.
Subsequent Code Changes: A cumulative code changes made to the reviewed file after the review.

Task: For each item in the Review Comment, analyze whether it has been addressed by the Subsequent Code Changes by determining if:
- The issue has been completely resolved.
- The suggestion has been completely followed. (If the suggestion includes concrete code examples, it does not need to be followed exactly. As long as the code change serves the same intended purpose, the suggestion can be considered addressed.)
After completing the analysis, classify the entire review comment into one of the following categories:
- Not Addressed: None of the issues or suggestions have been addressed by the Subsequent Code Changes.
- Partly Addressed: Some but not all issues or suggestions have been addressed.
- Fully Addressed: All issues or suggestions have been addressed.
If the code relevant to the Review Comment has been completely removed in the Subsequent Code Changes, and it is not possible to determine whether the removal was an intentional response to the comment, you can classify it as ""Not Enough Information"".

Output Format:
Analysis details:
- Addressed Items: List the issues or suggestions that have been addressed.
- Unaddressed Items: List the issues or suggestions that have not been addressed.
Classification: Based on the Addressed Items and Unaddressed Items, select one of ""Not Addressed"", ""Partly Addressed"", ""Fully Addressed"", or ""Not Enough Information"" as the final classification without more explanations.

Input:
Code Review:
- Reviewed Path: ""package.json""
- Reviewed Change: ""@@ -46,7 +46,7 @@\n     \""@types/hapi__joi\"": \""17.1.9\"",\n     \""@types/jest\"": \""29.5.0\"",\n     \""@types/js-yaml\"": \""^4.0.5\"",\n-    \""@types/node\"": \""18.15.11\"",\n+    \""@types/node\"": \""18.18.8\"",\n     \""@types/supertest\"": \""2.0.12\"",\n     \""@types/swagger-ui-express\"": \""4.1.3\"",\n     \""@typescript-eslint/eslint-plugin\"": \""5.58.0\"",""
- Review Comment: ""- consider using the tilde (~) or caret (^) symbols in the dependency version to specify the desired level of flexibility for future updates.""

Subsequent Code Changes: Here are the cumulative modifications made to the reviewed file ""package.json"" after the Code Review.
""--- \n\n+++ \n\n@@ -46,7 +46,7 @@\n\n     \""@types/hapi__joi\"": \""17.1.9\"",\n     \""@types/jest\"": \""29.5.0\"",\n     \""@types/js-yaml\"": \""^4.0.5\"",\n-    \""@types/node\"": \""18.18.8\"",\n+    \""@types/node\"": \""18.19.26\"",\n     \""@types/supertest\"": \""2.0.12\"",\n     \""@types/swagger-ui-express\"": \""4.1.3\"",\n     \""@typescript-eslint/eslint-plugin\"": \""5.58.0\"",""

Output: List the addressed and unaddressed items, and make the final classification.
","Analysis details:
- Addressed Items: None.
- Unaddressed Items: ""consider using the tilde (~) or caret (^) symbols in the dependency version to specify the desired level of flexibility for future updates.""
Classification: Not Addressed"
https://api.github.com/repos/sidhantpanda/docker-express-typescript-boilerplate/pulls/comments/1401409953,Not contain any items.,Not contain any items.
https://api.github.com/repos/sidhantpanda/docker-express-typescript-boilerplate/pulls/comments/1401410019,Not contain any items.,Not contain any items.
https://api.github.com/repos/sidhantpanda/docker-express-typescript-boilerplate/pulls/comments/1401409911,Not contain specific items.,Not contain specific items.
https://api.github.com/repos/sidhantpanda/docker-express-typescript-boilerplate/pulls/comments/1403780795,Not contain any items.,Not contain any items.
https://api.github.com/repos/sidhantpanda/docker-express-typescript-boilerplate/pulls/comments/1403780752,Not contain any items.,Not contain any items.
https://api.github.com/repos/sidhantpanda/docker-express-typescript-boilerplate/pulls/comments/1303585712,"Input Format:
Code Review:
- Reviewed Path: The file path of the code change.
- Reviewed Change: The code change under review. (""+"" indicates added lines, ""-"" indicates removed lines)
- Review Comment: A list of issues or suggestions for the above changes.
Subsequent Code Changes: A cumulative code changes made to the reviewed file after the review.

Task: For each item in the Review Comment, analyze whether it has been addressed by the Subsequent Code Changes by determining if:
- The issue has been completely resolved.
- The suggestion has been completely followed. (If the suggestion includes concrete code examples, it does not need to be followed exactly. As long as the code change serves the same intended purpose, the suggestion can be considered addressed.)
After completing the analysis, classify the entire review comment into one of the following categories:
- Not Addressed: None of the issues or suggestions have been addressed by the Subsequent Code Changes.
- Partly Addressed: Some but not all issues or suggestions have been addressed.
- Fully Addressed: All issues or suggestions have been addressed.
If the code relevant to the Review Comment has been completely removed in the Subsequent Code Changes, and it is not possible to determine whether the removal was an intentional response to the comment, you can classify it as ""Not Enough Information"".

Output Format:
Analysis details:
- Addressed Items: List the issues or suggestions that have been addressed.
- Unaddressed Items: List the issues or suggestions that have not been addressed.
Classification: Based on the Addressed Items and Unaddressed Items, select one of ""Not Addressed"", ""Partly Addressed"", ""Fully Addressed"", or ""Not Enough Information"" as the final classification without more explanations.

Input:
Code Review:
- Reviewed Path: ""Dockerfile""
- Reviewed Change: ""@@ -1,4 +1,4 @@\n-FROM node:18.16.0-alpine as base\n+FROM node:18.17.1-alpine as base\n \n # Add package file\n COPY package.json ./\n@@ -17,7 +17,7 @@ COPY openapi.yml ./openapi.yml\n RUN yarn build\n \n # Start production image build\n-FROM node:18.16.0-alpine\n+FROM node:18.17.1-alpine\n \n # Copy node modules and build directory\n COPY --from=base ./node_modules ./node_modules""
- Review Comment: ""1. it is generally recommended to use specific versions of node.js for consistency and to avoid unexpected issues. the patch updates the base image from node:18.16.0-alpine to node:18.17.1-alpine, which may introduce new bugs or compatibility issues with your code.\n\n2. specify the exact version of node.js that you want to use, rather than relying on the \""latest\"" tag. this ensures that your build is reproducible and avoids potential issues introduced by newer versions.\n\nfor example, instead of from node:18.17.1-alpine, you can specify a specific version like from node:18.17.1-alpine3.14 if available.""

Subsequent Code Changes: Here are the cumulative modifications made to the reviewed file ""Dockerfile"" after the Code Review.
""--- \n\n+++ \n\n@@ -1,4 +1,4 @@\n\n-FROM node:18.17.1-alpine as base\n+FROM node:20.11.1-alpine as base\n \n # Add package file\n COPY package.json ./\n@@ -17,7 +17,7 @@\n\n RUN yarn build\n \n # Start production image build\n-FROM node:18.17.1-alpine\n+FROM node:20.11.1-alpine\n \n # Copy node modules and build directory\n COPY --from=base ./node_modules ./node_modules""

Output: List the addressed and unaddressed items, and make the final classification.
","Analysis details:
- Addressed Items: The subsequent changes no longer rely on a generic or loose version tag; they explicitly specify a fixed node version (node:20.11.1-alpine) rather than using an ambiguous or “latest” tag.
- Unaddressed Items: The review suggestion to specify an even more exact version (for example, using a tag such as node:18.17.1-alpine3.14) in order to ensure reproducibility was not followed. Additionally, the concern that updating to a newer version might introduce compatibility issues was not directly addressed.
Classification: Partly Addressed"
https://api.github.com/repos/sidhantpanda/docker-express-typescript-boilerplate/pulls/comments/1409975717,Not contain any items.,Not contain any items.
https://api.github.com/repos/sidhantpanda/docker-express-typescript-boilerplate/pulls/comments/1409975788,Not contain specific items.,Not contain specific items.
https://api.github.com/repos/sidhantpanda/docker-express-typescript-boilerplate/pulls/comments/1398284089,"Input Format:
Code Review:
- Reviewed Path: The file path of the code change.
- Reviewed Change: The code change under review. (""+"" indicates added lines, ""-"" indicates removed lines)
- Review Comment: A list of issues or suggestions for the above changes.
Subsequent Code Changes: A cumulative code changes made to the reviewed file after the review.

Task: For each item in the Review Comment, analyze whether it has been addressed by the Subsequent Code Changes by determining if:
- The issue has been completely resolved.
- The suggestion has been completely followed. (If the suggestion includes concrete code examples, it does not need to be followed exactly. As long as the code change serves the same intended purpose, the suggestion can be considered addressed.)
After completing the analysis, classify the entire review comment into one of the following categories:
- Not Addressed: None of the issues or suggestions have been addressed by the Subsequent Code Changes.
- Partly Addressed: Some but not all issues or suggestions have been addressed.
- Fully Addressed: All issues or suggestions have been addressed.
If the code relevant to the Review Comment has been completely removed in the Subsequent Code Changes, and it is not possible to determine whether the removal was an intentional response to the comment, you can classify it as ""Not Enough Information"".

Output Format:
Analysis details:
- Addressed Items: List the issues or suggestions that have been addressed.
- Unaddressed Items: List the issues or suggestions that have not been addressed.
Classification: Based on the Addressed Items and Unaddressed Items, select one of ""Not Addressed"", ""Partly Addressed"", ""Fully Addressed"", or ""Not Enough Information"" as the final classification without more explanations.

Input:
Code Review:
- Reviewed Path: ""Dockerfile""
- Reviewed Change: ""@@ -1,4 +1,4 @@\n-FROM node:18.16.0-alpine as base\n+FROM node:18.18.2-alpine as base\n \n # Add package file\n COPY package.json ./\n@@ -17,7 +17,7 @@ COPY openapi.yml ./openapi.yml\n RUN yarn build\n \n # Start production image build\n-FROM node:18.16.0-alpine\n+FROM node:18.18.2-alpine\n \n # Copy node modules and build directory\n COPY --from=base ./node_modules ./node_modules""
- Review Comment: ""- consider adding comments explaining the purpose of each section of the dockerfile for better readability and clarity.""

Subsequent Code Changes: Here are the cumulative modifications made to the reviewed file ""Dockerfile"" after the Code Review.
""--- \n\n+++ \n\n@@ -1,4 +1,4 @@\n\n-FROM node:18.18.2-alpine as base\n+FROM node:20.11.1-alpine as base\n \n # Add package file\n COPY package.json ./\n@@ -17,7 +17,7 @@\n\n RUN yarn build\n \n # Start production image build\n-FROM node:18.18.2-alpine\n+FROM node:20.11.1-alpine\n \n # Copy node modules and build directory\n COPY --from=base ./node_modules ./node_modules""

Output: List the addressed and unaddressed items, and make the final classification.
","Analysis details:
- Addressed Items: []
- Unaddressed Items: [""- consider adding comments explaining the purpose of each section of the dockerfile for better readability and clarity.""]
Classification: Not Addressed"
https://api.github.com/repos/sidhantpanda/docker-express-typescript-boilerplate/pulls/comments/1411375607,Not contain specific items.,Not contain specific items.
https://api.github.com/repos/sidhantpanda/docker-express-typescript-boilerplate/pulls/comments/1412663344,Not contain any items.,Not contain any items.
https://api.github.com/repos/sidhantpanda/docker-express-typescript-boilerplate/pulls/comments/1411375692,Not contain specific items.,Not contain specific items.
https://api.github.com/repos/sidhantpanda/docker-express-typescript-boilerplate/pulls/comments/1412663375,Not contain specific items.,Not contain specific items.
https://api.github.com/repos/sidhantpanda/docker-express-typescript-boilerplate/pulls/comments/1412698106,Not contain specific items.,Not contain specific items.
https://api.github.com/repos/sidhantpanda/docker-express-typescript-boilerplate/pulls/comments/1412663423,Not contain specific items.,Not contain specific items.
https://api.github.com/repos/sidhantpanda/docker-express-typescript-boilerplate/pulls/comments/1412698118,Not contain specific items.,Not contain specific items.
https://api.github.com/repos/sidhantpanda/docker-express-typescript-boilerplate/pulls/comments/1412698128,Not contain any items.,Not contain any items.
https://api.github.com/repos/sidhantpanda/docker-express-typescript-boilerplate/pulls/comments/1413176318,Not contain specific items.,Not contain specific items.
https://api.github.com/repos/sidhantpanda/docker-express-typescript-boilerplate/pulls/comments/1413176031,Not contain specific items.,Not contain specific items.
https://api.github.com/repos/sidhantpanda/docker-express-typescript-boilerplate/pulls/comments/1377430372,"Input Format:
Code Review:
- Reviewed Path: The file path of the code change.
- Reviewed Change: The code change under review. (""+"" indicates added lines, ""-"" indicates removed lines)
- Review Comment: A list of issues or suggestions for the above changes.
Subsequent Code Changes: A cumulative code changes made to the reviewed file after the review.

Task: For each item in the Review Comment, analyze whether it has been addressed by the Subsequent Code Changes by determining if:
- The issue has been completely resolved.
- The suggestion has been completely followed. (If the suggestion includes concrete code examples, it does not need to be followed exactly. As long as the code change serves the same intended purpose, the suggestion can be considered addressed.)
After completing the analysis, classify the entire review comment into one of the following categories:
- Not Addressed: None of the issues or suggestions have been addressed by the Subsequent Code Changes.
- Partly Addressed: Some but not all issues or suggestions have been addressed.
- Fully Addressed: All issues or suggestions have been addressed.
If the code relevant to the Review Comment has been completely removed in the Subsequent Code Changes, and it is not possible to determine whether the removal was an intentional response to the comment, you can classify it as ""Not Enough Information"".

Output Format:
Analysis details:
- Addressed Items: List the issues or suggestions that have been addressed.
- Unaddressed Items: List the issues or suggestions that have not been addressed.
Classification: Based on the Addressed Items and Unaddressed Items, select one of ""Not Addressed"", ""Partly Addressed"", ""Fully Addressed"", or ""Not Enough Information"" as the final classification without more explanations.

Input:
Code Review:
- Reviewed Path: ""Dockerfile""
- Reviewed Change: ""@@ -1,4 +1,4 @@\n-FROM node:18.16.0-alpine as base\n+FROM node:18.18.2-alpine as base\n \n # Add package file\n COPY package.json ./\n@@ -17,7 +17,7 @@ COPY openapi.yml ./openapi.yml\n RUN yarn build\n \n # Start production image build\n-FROM node:18.16.0-alpine\n+FROM node:18.18.2-alpine\n \n # Copy node modules and build directory\n COPY --from=base ./node_modules ./node_modules""
- Review Comment: ""- it would be better to copy the lock file as well (e.g., `yarn.lock` or `package-lock.json`) to ensure deterministic package installations.\n- in the second stage, when copying the node modules and build directory, it would be beneficial to specify the exact paths to avoid copying unnecessary files. for example, instead of `copy --from=base ./node_modules ./node_modules`, you can use `copy --from=base /path/to/node_modules /path/to/node_modules` for more precision.""

Subsequent Code Changes: Here are the cumulative modifications made to the reviewed file ""Dockerfile"" after the Code Review.
""--- \n\n+++ \n\n@@ -1,4 +1,4 @@\n\n-FROM node:18.18.2-alpine as base\n+FROM node:20.11.1-alpine as base\n \n # Add package file\n COPY package.json ./\n@@ -17,7 +17,7 @@\n\n RUN yarn build\n \n # Start production image build\n-FROM node:18.18.2-alpine\n+FROM node:20.11.1-alpine\n \n # Copy node modules and build directory\n COPY --from=base ./node_modules ./node_modules""

Output: List the addressed and unaddressed items, and make the final classification.
","Analysis details:
- Addressed Items: None.
- Unaddressed Items: 
  1. The suggestion to copy the lock file (e.g., yarn.lock or package-lock.json) to ensure deterministic package installations.
  2. The suggestion to specify exact paths when copying node modules and the build directory in the second stage.
Classification: Not Addressed"
https://api.github.com/repos/sidhantpanda/docker-express-typescript-boilerplate/pulls/comments/1530354388,No change happened; the comment remains unaddressed.,No change happened; the comment remains unaddressed.
https://api.github.com/repos/sidhantpanda/docker-express-typescript-boilerplate/pulls/comments/1530358404,Not contain specific items.,Not contain specific items.
https://api.github.com/repos/sidhantpanda/docker-express-typescript-boilerplate/pulls/comments/1413175663,Not contain specific items.,Not contain specific items.
https://api.github.com/repos/sidhantpanda/docker-express-typescript-boilerplate/pulls/comments/1530354530,Not contain specific items.,Not contain specific items.
https://api.github.com/repos/sidhantpanda/docker-express-typescript-boilerplate/pulls/comments/1530358577,No change happened; the comment remains unaddressed.,No change happened; the comment remains unaddressed.
https://api.github.com/repos/sidhantpanda/docker-express-typescript-boilerplate/pulls/comments/1400013070,"Input Format:
Code Review:
- Reviewed Path: The file path of the code change.
- Reviewed Change: The code change under review. (""+"" indicates added lines, ""-"" indicates removed lines)
- Review Comment: A list of issues or suggestions for the above changes.
Subsequent Code Changes: A cumulative code changes made to the reviewed file after the review.

Task: For each item in the Review Comment, analyze whether it has been addressed by the Subsequent Code Changes by determining if:
- The issue has been completely resolved.
- The suggestion has been completely followed. (If the suggestion includes concrete code examples, it does not need to be followed exactly. As long as the code change serves the same intended purpose, the suggestion can be considered addressed.)
After completing the analysis, classify the entire review comment into one of the following categories:
- Not Addressed: None of the issues or suggestions have been addressed by the Subsequent Code Changes.
- Partly Addressed: Some but not all issues or suggestions have been addressed.
- Fully Addressed: All issues or suggestions have been addressed.
If the code relevant to the Review Comment has been completely removed in the Subsequent Code Changes, and it is not possible to determine whether the removal was an intentional response to the comment, you can classify it as ""Not Enough Information"".

Output Format:
Analysis details:
- Addressed Items: List the issues or suggestions that have been addressed.
- Unaddressed Items: List the issues or suggestions that have not been addressed.
Classification: Based on the Addressed Items and Unaddressed Items, select one of ""Not Addressed"", ""Partly Addressed"", ""Fully Addressed"", or ""Not Enough Information"" as the final classification without more explanations.

Input:
Code Review:
- Reviewed Path: ""Dockerfile""
- Reviewed Change: ""@@ -1,4 +1,4 @@\n-FROM node:18.16.0-alpine as base\n+FROM node:18.18.2-alpine as base\n \n # Add package file\n COPY package.json ./\n@@ -17,7 +17,7 @@ COPY openapi.yml ./openapi.yml\n RUN yarn build\n \n # Start production image build\n-FROM node:18.16.0-alpine\n+FROM node:18.18.2-alpine\n \n # Copy node modules and build directory\n COPY --from=base ./node_modules ./node_modules""
- Review Comment: ""- make sure the \""openapi.yml\"" file is required and used properly in your application.\n- you should ensure that the `yarn build` command is the correct command for building your application. verify if any additional build steps or scripts are needed.""

Subsequent Code Changes: Here are the cumulative modifications made to the reviewed file ""Dockerfile"" after the Code Review.
""--- \n\n+++ \n\n@@ -1,4 +1,4 @@\n\n-FROM node:18.18.2-alpine as base\n+FROM node:20.11.1-alpine as base\n \n # Add package file\n COPY package.json ./\n@@ -17,7 +17,7 @@\n\n RUN yarn build\n \n # Start production image build\n-FROM node:18.18.2-alpine\n+FROM node:20.11.1-alpine\n \n # Copy node modules and build directory\n COPY --from=base ./node_modules ./node_modules""

Output: List the addressed and unaddressed items, and make the final classification.
","Analysis details:
- Addressed Items: None
- Unaddressed Items: 
   1. ""make sure the \""openapi.yml\"" file is required and used properly in your application.""
   2. ""you should ensure that the `yarn build` command is the correct command for building your application. verify if any additional build steps or scripts are needed.""
Classification: Not Addressed"
https://api.github.com/repos/sidhantpanda/docker-express-typescript-boilerplate/pulls/comments/1363580193,"Input Format:
Code Review:
- Reviewed Path: The file path of the code change.
- Reviewed Change: The code change under review. (""+"" indicates added lines, ""-"" indicates removed lines)
- Review Comment: A list of issues or suggestions for the above changes.
Subsequent Code Changes: A cumulative code changes made to the reviewed file after the review.

Task: For each item in the Review Comment, analyze whether it has been addressed by the Subsequent Code Changes by determining if:
- The issue has been completely resolved.
- The suggestion has been completely followed. (If the suggestion includes concrete code examples, it does not need to be followed exactly. As long as the code change serves the same intended purpose, the suggestion can be considered addressed.)
After completing the analysis, classify the entire review comment into one of the following categories:
- Not Addressed: None of the issues or suggestions have been addressed by the Subsequent Code Changes.
- Partly Addressed: Some but not all issues or suggestions have been addressed.
- Fully Addressed: All issues or suggestions have been addressed.
If the code relevant to the Review Comment has been completely removed in the Subsequent Code Changes, and it is not possible to determine whether the removal was an intentional response to the comment, you can classify it as ""Not Enough Information"".

Output Format:
Analysis details:
- Addressed Items: List the issues or suggestions that have been addressed.
- Unaddressed Items: List the issues or suggestions that have not been addressed.
Classification: Based on the Addressed Items and Unaddressed Items, select one of ""Not Addressed"", ""Partly Addressed"", ""Fully Addressed"", or ""Not Enough Information"" as the final classification without more explanations.

Input:
Code Review:
- Reviewed Path: ""Dockerfile""
- Reviewed Change: ""@@ -1,4 +1,4 @@\n-FROM node:18.16.0-alpine as base\n+FROM node:18.18.2-alpine as base\n \n # Add package file\n COPY package.json ./\n@@ -17,7 +17,7 @@ COPY openapi.yml ./openapi.yml\n RUN yarn build\n \n # Start production image build\n-FROM node:18.16.0-alpine\n+FROM node:18.18.2-alpine\n \n # Copy node modules and build directory\n COPY --from=base ./node_modules ./node_modules""
- Review Comment: ""1. update the patch comment: the comment on line 2 should be updated to reflect the actual change made in the patch.\n2. consider using specific version tags: instead of using generic tags like alpine, it's generally recommended to use specific version tags like alpine3.14 to ensure consistent and predictable behavior across builds.\n5. consider adding checksum verification or signing: for critical files like package.json or openapi.yml, you can consider including checksum verification or digital signatures to ensure their integrity during the build process.""

Subsequent Code Changes: Here are the cumulative modifications made to the reviewed file ""Dockerfile"" after the Code Review.
""--- \n\n+++ \n\n@@ -1,4 +1,4 @@\n\n-FROM node:18.18.2-alpine as base\n+FROM node:20.11.1-alpine as base\n \n # Add package file\n COPY package.json ./\n@@ -17,7 +17,7 @@\n\n RUN yarn build\n \n # Start production image build\n-FROM node:18.18.2-alpine\n+FROM node:20.11.1-alpine\n \n # Copy node modules and build directory\n COPY --from=base ./node_modules ./node_modules""

Output: List the addressed and unaddressed items, and make the final classification.
","Analysis details:
- Addressed Items: None.
- Unaddressed Items: 
  1. Update the patch comment on line 2.
  2. Consider using specific version tags.
  5. Consider adding checksum verification or signing.
Classification: Not Addressed."
https://api.github.com/repos/sidhantpanda/docker-express-typescript-boilerplate/pulls/comments/1403780728,"Input Format:
Code Review:
- Reviewed Path: The file path of the code change.
- Reviewed Change: The code change under review. (""+"" indicates added lines, ""-"" indicates removed lines)
- Review Comment: A list of issues or suggestions for the above changes.
Subsequent Code Changes: A cumulative code changes made to the reviewed file after the review.

Task: For each item in the Review Comment, analyze whether it has been addressed by the Subsequent Code Changes by determining if:
- The issue has been completely resolved.
- The suggestion has been completely followed. (If the suggestion includes concrete code examples, it does not need to be followed exactly. As long as the code change serves the same intended purpose, the suggestion can be considered addressed.)
After completing the analysis, classify the entire review comment into one of the following categories:
- Not Addressed: None of the issues or suggestions have been addressed by the Subsequent Code Changes.
- Partly Addressed: Some but not all issues or suggestions have been addressed.
- Fully Addressed: All issues or suggestions have been addressed.
If the code relevant to the Review Comment has been completely removed in the Subsequent Code Changes, and it is not possible to determine whether the removal was an intentional response to the comment, you can classify it as ""Not Enough Information"".

Output Format:
Analysis details:
- Addressed Items: List the issues or suggestions that have been addressed.
- Unaddressed Items: List the issues or suggestions that have not been addressed.
Classification: Based on the Addressed Items and Unaddressed Items, select one of ""Not Addressed"", ""Partly Addressed"", ""Fully Addressed"", or ""Not Enough Information"" as the final classification without more explanations.

Input:
Code Review:
- Reviewed Path: ""Dockerfile""
- Reviewed Change: ""@@ -1,4 +1,4 @@\n-FROM node:18.16.0-alpine as base\n+FROM node:18.18.2-alpine as base\n \n # Add package file\n COPY package.json ./\n@@ -17,7 +17,7 @@ COPY openapi.yml ./openapi.yml\n RUN yarn build\n \n # Start production image build\n-FROM node:18.16.0-alpine\n+FROM node:18.18.2-alpine\n \n # Copy node modules and build directory\n COPY --from=base ./node_modules ./node_modules""
- Review Comment: ""- one improvement suggestion is to use specific version tags for the base image rather than using only the major and minor version numbers. for example, instead of \""node:18.18.2-alpine,\"" specifying a more specific tag like \""node:18.18.2-alpine3.14\"" can ensure better consistency and prevent unexpected changes that might be introduced in future releases.""

Subsequent Code Changes: Here are the cumulative modifications made to the reviewed file ""Dockerfile"" after the Code Review.
""--- \n\n+++ \n\n@@ -1,4 +1,4 @@\n\n-FROM node:18.18.2-alpine as base\n+FROM node:20.11.1-alpine as base\n \n # Add package file\n COPY package.json ./\n@@ -17,7 +17,7 @@\n\n RUN yarn build\n \n # Start production image build\n-FROM node:18.18.2-alpine\n+FROM node:20.11.1-alpine\n \n # Copy node modules and build directory\n COPY --from=base ./node_modules ./node_modules""

Output: List the addressed and unaddressed items, and make the final classification.
","Analysis details:
- Addressed Items: None.
- Unaddressed Items: The suggestion to use specific version tags (e.g., ""node:18.18.2-alpine3.14"") was not followed; instead, the image tag was changed to ""node:20.11.1-alpine"" without including the more specific Alpine version.
Classification: Not Addressed"
https://api.github.com/repos/sidhantpanda/docker-express-typescript-boilerplate/pulls/comments/1409975663,"Input Format:
Code Review:
- Reviewed Path: The file path of the code change.
- Reviewed Change: The code change under review. (""+"" indicates added lines, ""-"" indicates removed lines)
- Review Comment: A list of issues or suggestions for the above changes.
Subsequent Code Changes: A cumulative code changes made to the reviewed file after the review.

Task: For each item in the Review Comment, analyze whether it has been addressed by the Subsequent Code Changes by determining if:
- The issue has been completely resolved.
- The suggestion has been completely followed. (If the suggestion includes concrete code examples, it does not need to be followed exactly. As long as the code change serves the same intended purpose, the suggestion can be considered addressed.)
After completing the analysis, classify the entire review comment into one of the following categories:
- Not Addressed: None of the issues or suggestions have been addressed by the Subsequent Code Changes.
- Partly Addressed: Some but not all issues or suggestions have been addressed.
- Fully Addressed: All issues or suggestions have been addressed.
If the code relevant to the Review Comment has been completely removed in the Subsequent Code Changes, and it is not possible to determine whether the removal was an intentional response to the comment, you can classify it as ""Not Enough Information"".

Output Format:
Analysis details:
- Addressed Items: List the issues or suggestions that have been addressed.
- Unaddressed Items: List the issues or suggestions that have not been addressed.
Classification: Based on the Addressed Items and Unaddressed Items, select one of ""Not Addressed"", ""Partly Addressed"", ""Fully Addressed"", or ""Not Enough Information"" as the final classification without more explanations.

Input:
Code Review:
- Reviewed Path: ""Dockerfile""
- Reviewed Change: ""@@ -1,4 +1,4 @@\n-FROM node:18.16.0-alpine as base\n+FROM node:18.18.2-alpine as base\n \n # Add package file\n COPY package.json ./\n@@ -17,7 +17,7 @@ COPY openapi.yml ./openapi.yml\n RUN yarn build\n \n # Start production image build\n-FROM node:18.16.0-alpine\n+FROM node:18.18.2-alpine\n \n # Copy node modules and build directory\n COPY --from=base ./node_modules ./node_modules""
- Review Comment: ""- ensure that this file (`openapi.yml`) exists and is necessary for the application's functionality.\n- make sure this command (`yarn build`) is correct and performs the necessary build steps for your application.""

Subsequent Code Changes: Here are the cumulative modifications made to the reviewed file ""Dockerfile"" after the Code Review.
""--- \n\n+++ \n\n@@ -1,4 +1,4 @@\n\n-FROM node:18.18.2-alpine as base\n+FROM node:20.11.1-alpine as base\n \n # Add package file\n COPY package.json ./\n@@ -17,7 +17,7 @@\n\n RUN yarn build\n \n # Start production image build\n-FROM node:18.18.2-alpine\n+FROM node:20.11.1-alpine\n \n # Copy node modules and build directory\n COPY --from=base ./node_modules ./node_modules""

Output: List the addressed and unaddressed items, and make the final classification.
","Analysis details:
- Addressed Items: None.
- Unaddressed Items: 
  • Ensure that the file (openapi.yml) exists and is necessary for the application's functionality.
  • Make sure the command (yarn build) is correct and performs the necessary build steps for your application.
Classification: Not Addressed."
https://api.github.com/repos/sidhantpanda/docker-express-typescript-boilerplate/pulls/comments/1357513777,"Input Format:
Code Review:
- Reviewed Path: The file path of the code change.
- Reviewed Change: The code change under review. (""+"" indicates added lines, ""-"" indicates removed lines)
- Review Comment: A list of issues or suggestions for the above changes.
Subsequent Code Changes: A cumulative code changes made to the reviewed file after the review.

Task: For each item in the Review Comment, analyze whether it has been addressed by the Subsequent Code Changes by determining if:
- The issue has been completely resolved.
- The suggestion has been completely followed. (If the suggestion includes concrete code examples, it does not need to be followed exactly. As long as the code change serves the same intended purpose, the suggestion can be considered addressed.)
After completing the analysis, classify the entire review comment into one of the following categories:
- Not Addressed: None of the issues or suggestions have been addressed by the Subsequent Code Changes.
- Partly Addressed: Some but not all issues or suggestions have been addressed.
- Fully Addressed: All issues or suggestions have been addressed.
If the code relevant to the Review Comment has been completely removed in the Subsequent Code Changes, and it is not possible to determine whether the removal was an intentional response to the comment, you can classify it as ""Not Enough Information"".

Output Format:
Analysis details:
- Addressed Items: List the issues or suggestions that have been addressed.
- Unaddressed Items: List the issues or suggestions that have not been addressed.
Classification: Based on the Addressed Items and Unaddressed Items, select one of ""Not Addressed"", ""Partly Addressed"", ""Fully Addressed"", or ""Not Enough Information"" as the final classification without more explanations.

Input:
Code Review:
- Reviewed Path: ""Dockerfile""
- Reviewed Change: ""@@ -1,4 +1,4 @@\n-FROM node:18.16.0-alpine as base\n+FROM node:18.18.1-alpine as base\n \n # Add package file\n COPY package.json ./\n@@ -17,7 +17,7 @@ COPY openapi.yml ./openapi.yml\n RUN yarn build\n \n # Start production image build\n-FROM node:18.16.0-alpine\n+FROM node:18.18.1-alpine\n \n # Copy node modules and build directory\n COPY --from=base ./node_modules ./node_modules""
- Review Comment: ""- ensure that this file exists and is required for the application. (referring to the line: \""the openapi.yml file is also copied into the base image.\"")\n- verify that the necessary build steps are correctly defined and are compatible with the image being used. (referring to the line: \""the yarn build command is executed in the base image.\"")""

Subsequent Code Changes: Here are the cumulative modifications made to the reviewed file ""Dockerfile"" after the Code Review.
""--- \n\n+++ \n\n@@ -1,4 +1,4 @@\n\n-FROM node:18.18.1-alpine as base\n+FROM node:20.11.1-alpine as base\n \n # Add package file\n COPY package.json ./\n@@ -17,7 +17,7 @@\n\n RUN yarn build\n \n # Start production image build\n-FROM node:18.18.1-alpine\n+FROM node:20.11.1-alpine\n \n # Copy node modules and build directory\n COPY --from=base ./node_modules ./node_modules""

Output: List the addressed and unaddressed items, and make the final classification.
","Analysis details:
- Addressed Items:
  • The comment regarding ensuring that the openapi.yml file exists is addressed since the COPY openapi.yml command remains intact.
- Unaddressed Items:
  • The comment about verifying that the necessary build steps are correctly defined and compatible with the image has not been explicitly addressed.
Classification: Partly Addressed"
https://api.github.com/repos/sidhantpanda/docker-express-typescript-boilerplate/pulls/comments/1349436838,"Input Format:
Code Review:
- Reviewed Path: The file path of the code change.
- Reviewed Change: The code change under review. (""+"" indicates added lines, ""-"" indicates removed lines)
- Review Comment: A list of issues or suggestions for the above changes.
Subsequent Code Changes: A cumulative code changes made to the reviewed file after the review.

Task: For each item in the Review Comment, analyze whether it has been addressed by the Subsequent Code Changes by determining if:
- The issue has been completely resolved.
- The suggestion has been completely followed. (If the suggestion includes concrete code examples, it does not need to be followed exactly. As long as the code change serves the same intended purpose, the suggestion can be considered addressed.)
After completing the analysis, classify the entire review comment into one of the following categories:
- Not Addressed: None of the issues or suggestions have been addressed by the Subsequent Code Changes.
- Partly Addressed: Some but not all issues or suggestions have been addressed.
- Fully Addressed: All issues or suggestions have been addressed.
If the code relevant to the Review Comment has been completely removed in the Subsequent Code Changes, and it is not possible to determine whether the removal was an intentional response to the comment, you can classify it as ""Not Enough Information"".

Output Format:
Analysis details:
- Addressed Items: List the issues or suggestions that have been addressed.
- Unaddressed Items: List the issues or suggestions that have not been addressed.
Classification: Based on the Addressed Items and Unaddressed Items, select one of ""Not Addressed"", ""Partly Addressed"", ""Fully Addressed"", or ""Not Enough Information"" as the final classification without more explanations.

Input:
Code Review:
- Reviewed Path: ""Dockerfile""
- Reviewed Change: ""@@ -1,4 +1,4 @@\n-FROM node:18.16.0-alpine as base\n+FROM node:18.18.0-alpine as base\n \n # Add package file\n COPY package.json ./\n@@ -17,7 +17,7 @@ COPY openapi.yml ./openapi.yml\n RUN yarn build\n \n # Start production image build\n-FROM node:18.16.0-alpine\n+FROM node:18.18.0-alpine\n \n # Copy node modules and build directory\n COPY --from=base ./node_modules ./node_modules""
- Review Comment: ""- however, it's worth noting that copying only the `package.json` file might not be sufficient if you have other configuration files or dependencies required during the build process. make sure all necessary files are included.\n- the patch introduces a new line to copy an `openapi.yml` file into the image. it's important to ensure that this file exists at the specified location and is needed for your application to run correctly.\n- the code executes a `yarn build` command during the build stage. make sure this is correct and necessary for your project. if you're using a different package manager or don't require a build command, adjust it accordingly.""

Subsequent Code Changes: Here are the cumulative modifications made to the reviewed file ""Dockerfile"" after the Code Review.
""--- \n\n+++ \n\n@@ -1,4 +1,4 @@\n\n-FROM node:18.18.0-alpine as base\n+FROM node:20.11.1-alpine as base\n \n # Add package file\n COPY package.json ./\n@@ -17,7 +17,7 @@\n\n RUN yarn build\n \n # Start production image build\n-FROM node:18.18.0-alpine\n+FROM node:20.11.1-alpine\n \n # Copy node modules and build directory\n COPY --from=base ./node_modules ./node_modules""

Output: List the addressed and unaddressed items, and make the final classification.
","Analysis details:
- Addressed Items: None.
- Unaddressed Items:
  • The suggestion to copy all necessary files (beyond just package.json) is not addressed.
  • The concern regarding the newly added copying of openapi.yml is not clearly addressed (the line was removed, so it’s unclear if that was an intentional response).
  • The review comment on verifying the necessity of the yarn build command remains unaddressed.
Classification: Not Addressed"
https://api.github.com/repos/sidhantpanda/docker-express-typescript-boilerplate/pulls/comments/1411375536,"Input Format:
Code Review:
- Reviewed Path: The file path of the code change.
- Reviewed Change: The code change under review. (""+"" indicates added lines, ""-"" indicates removed lines)
- Review Comment: A list of issues or suggestions for the above changes.
Subsequent Code Changes: A cumulative code changes made to the reviewed file after the review.

Task: For each item in the Review Comment, analyze whether it has been addressed by the Subsequent Code Changes by determining if:
- The issue has been completely resolved.
- The suggestion has been completely followed. (If the suggestion includes concrete code examples, it does not need to be followed exactly. As long as the code change serves the same intended purpose, the suggestion can be considered addressed.)
After completing the analysis, classify the entire review comment into one of the following categories:
- Not Addressed: None of the issues or suggestions have been addressed by the Subsequent Code Changes.
- Partly Addressed: Some but not all issues or suggestions have been addressed.
- Fully Addressed: All issues or suggestions have been addressed.
If the code relevant to the Review Comment has been completely removed in the Subsequent Code Changes, and it is not possible to determine whether the removal was an intentional response to the comment, you can classify it as ""Not Enough Information"".

Output Format:
Analysis details:
- Addressed Items: List the issues or suggestions that have been addressed.
- Unaddressed Items: List the issues or suggestions that have not been addressed.
Classification: Based on the Addressed Items and Unaddressed Items, select one of ""Not Addressed"", ""Partly Addressed"", ""Fully Addressed"", or ""Not Enough Information"" as the final classification without more explanations.

Input:
Code Review:
- Reviewed Path: ""Dockerfile""
- Reviewed Change: ""@@ -1,4 +1,4 @@\n-FROM node:18.16.0-alpine as base\n+FROM node:18.18.2-alpine as base\n \n # Add package file\n COPY package.json ./\n@@ -17,7 +17,7 @@ COPY openapi.yml ./openapi.yml\n RUN yarn build\n \n # Start production image build\n-FROM node:18.16.0-alpine\n+FROM node:18.18.2-alpine\n \n # Copy node modules and build directory\n COPY --from=base ./node_modules ./node_modules""
- Review Comment: ""1. it's generally a good practice to use specific version tags for docker images instead of using a generic tag like alpine. if possible, consider specifying a more specific version tag (18.18.2 or higher) to ensure that you have control over the exact version used.\n2. review the package.json and ensure that all dependencies are pinned to specific versions. this ensures consistent behavior across different environments and avoids potential compatibility issues.\n3. consider adding a comment or documentation explaining the purpose or reason behind specific steps in the dockerfile. this can make it easier for others to understand the intention of the code and troubleshoot any future issues.""

Subsequent Code Changes: Here are the cumulative modifications made to the reviewed file ""Dockerfile"" after the Code Review.
""--- \n\n+++ \n\n@@ -1,4 +1,4 @@\n\n-FROM node:18.18.2-alpine as base\n+FROM node:20.11.1-alpine as base\n \n # Add package file\n COPY package.json ./\n@@ -17,7 +17,7 @@\n\n RUN yarn build\n \n # Start production image build\n-FROM node:18.18.2-alpine\n+FROM node:20.11.1-alpine\n \n # Copy node modules and build directory\n COPY --from=base ./node_modules ./node_modules""

Output: List the addressed and unaddressed items, and make the final classification.
","Analysis details:
- Addressed Items:
  • Item 1: The Docker image version tag has been updated to a more specific version (now node:20.11.1-alpine), which meets the suggestion to use a specific version tag.
- Unaddressed Items:
  • Item 2: There is no change related to ensuring that package.json dependencies are pinned to specific versions.
  • Item 3: There is no added comment or documentation explaining the purpose of specific steps in the Dockerfile.
Classification: Partly Addressed"
https://api.github.com/repos/sidhantpanda/docker-express-typescript-boilerplate/pulls/comments/1530354256,"Input Format:
Code Review:
- Reviewed Path: The file path of the code change.
- Reviewed Change: The code change under review. (""+"" indicates added lines, ""-"" indicates removed lines)
- Review Comment: A list of issues or suggestions for the above changes.
Subsequent Code Changes: A cumulative code changes made to the reviewed file after the review.

Task: For each item in the Review Comment, analyze whether it has been addressed by the Subsequent Code Changes by determining if:
- The issue has been completely resolved.
- The suggestion has been completely followed. (If the suggestion includes concrete code examples, it does not need to be followed exactly. As long as the code change serves the same intended purpose, the suggestion can be considered addressed.)
After completing the analysis, classify the entire review comment into one of the following categories:
- Not Addressed: None of the issues or suggestions have been addressed by the Subsequent Code Changes.
- Partly Addressed: Some but not all issues or suggestions have been addressed.
- Fully Addressed: All issues or suggestions have been addressed.
If the code relevant to the Review Comment has been completely removed in the Subsequent Code Changes, and it is not possible to determine whether the removal was an intentional response to the comment, you can classify it as ""Not Enough Information"".

Output Format:
Analysis details:
- Addressed Items: List the issues or suggestions that have been addressed.
- Unaddressed Items: List the issues or suggestions that have not been addressed.
Classification: Based on the Addressed Items and Unaddressed Items, select one of ""Not Addressed"", ""Partly Addressed"", ""Fully Addressed"", or ""Not Enough Information"" as the final classification without more explanations.

Input:
Code Review:
- Reviewed Path: ""Dockerfile""
- Reviewed Change: ""@@ -1,4 +1,4 @@\n-FROM node:18.16.0-alpine as base\n+FROM node:18.19.1-alpine as base\n \n # Add package file\n COPY package.json ./\n@@ -17,7 +17,7 @@ COPY openapi.yml ./openapi.yml\n RUN yarn build\n \n # Start production image build\n-FROM node:18.16.0-alpine\n+FROM node:18.19.1-alpine\n \n # Copy node modules and build directory\n COPY --from=base ./node_modules ./node_modules""
- Review Comment: ""- ensure that your dependencies are compatible with node 18.19.1; a run of `yarn install` might be necessary if dependencies were not rebuilt since the base image change.\n- consider combining `run yarn install`, `copy .`, and `run yarn build` into a single step to reduce the number of image layers, potentially improving caching and final image size.\n- verify that copying `package.json` and `openapi.yml` at the beginning is still valid for your application. if these files don't change frequently, copying them after installing dependencies might improve docker build caching.\n- ensure the readme or dockerfile comments are updated to reflect the changes made.""

Subsequent Code Changes: Here are the cumulative modifications made to the reviewed file ""Dockerfile"" after the Code Review.
""--- \n\n+++ \n\n@@ -1,4 +1,4 @@\n\n-FROM node:18.19.1-alpine as base\n+FROM node:20.11.1-alpine as base\n \n # Add package file\n COPY package.json ./\n@@ -17,7 +17,7 @@\n\n RUN yarn build\n \n # Start production image build\n-FROM node:18.19.1-alpine\n+FROM node:20.11.1-alpine\n \n # Copy node modules and build directory\n COPY --from=base ./node_modules ./node_modules""

Output: List the addressed and unaddressed items, and make the final classification.
","Analysis details:
- Addressed Items: None.
- Unaddressed Items: 
  • Ensure that your dependencies are compatible with node 18.19.1; a run of `yarn install` might be necessary.
  • Consider combining `run yarn install`, `copy .`, and `run yarn build` into a single step.
  • Verify that copying `package.json` and `openapi.yml` at the beginning is still valid for your application.
  • Ensure the readme or dockerfile comments are updated to reflect the changes made.
Classification: Not Addressed"
https://api.github.com/repos/sidhantpanda/docker-express-typescript-boilerplate/pulls/comments/1248780961,"Input Format:
Code Review:
- Reviewed Path: The file path of the code change.
- Reviewed Change: The code change under review. (""+"" indicates added lines, ""-"" indicates removed lines)
- Review Comment: A list of issues or suggestions for the above changes.
Subsequent Code Changes: A cumulative code changes made to the reviewed file after the review.

Task: For each item in the Review Comment, analyze whether it has been addressed by the Subsequent Code Changes by determining if:
- The issue has been completely resolved.
- The suggestion has been completely followed. (If the suggestion includes concrete code examples, it does not need to be followed exactly. As long as the code change serves the same intended purpose, the suggestion can be considered addressed.)
After completing the analysis, classify the entire review comment into one of the following categories:
- Not Addressed: None of the issues or suggestions have been addressed by the Subsequent Code Changes.
- Partly Addressed: Some but not all issues or suggestions have been addressed.
- Fully Addressed: All issues or suggestions have been addressed.
If the code relevant to the Review Comment has been completely removed in the Subsequent Code Changes, and it is not possible to determine whether the removal was an intentional response to the comment, you can classify it as ""Not Enough Information"".

Output Format:
Analysis details:
- Addressed Items: List the issues or suggestions that have been addressed.
- Unaddressed Items: List the issues or suggestions that have not been addressed.
Classification: Based on the Addressed Items and Unaddressed Items, select one of ""Not Addressed"", ""Partly Addressed"", ""Fully Addressed"", or ""Not Enough Information"" as the final classification without more explanations.

Input:
Code Review:
- Reviewed Path: ""Dockerfile""
- Reviewed Change: ""@@ -1,4 +1,4 @@\n-FROM node:18.16.0-alpine as base\n+FROM node:18.16.1-alpine as base\n \n # Add package file\n COPY package.json ./\n@@ -17,7 +17,7 @@ COPY openapi.yml ./openapi.yml\n RUN yarn build\n \n # Start production image build\n-FROM node:18.16.0-alpine\n+FROM node:18.16.1-alpine\n \n # Copy node modules and build directory\n COPY --from=base ./node_modules ./node_modules""
- Review Comment: ""2. consider specifying the version range in the package.json file instead of relying on a specific version. for example, instead of `\""node\"": \""18.16.0\""` you can use something like `\""node\"": \""^18.0.0\""` to allow updates within the major version.\n\n3. make sure to install specific package versions by running `yarn install` instead of just copying the package.json file. this ensures consistency and avoids potential conflicts between different environments.\n\n4. consider using multi-stage builds. currently, you're using two separate docker images (`base` and the final image). with multi-stage builds, you can optimize the container size by separating the build environment from the production environment, thus reducing the risk of including unnecessary files.""

Subsequent Code Changes: Here are the cumulative modifications made to the reviewed file ""Dockerfile"" after the Code Review.
""--- \n\n+++ \n\n@@ -1,4 +1,4 @@\n\n-FROM node:18.16.1-alpine as base\n+FROM node:20.11.1-alpine as base\n \n # Add package file\n COPY package.json ./\n@@ -17,7 +17,7 @@\n\n RUN yarn build\n \n # Start production image build\n-FROM node:18.16.1-alpine\n+FROM node:20.11.1-alpine\n \n # Copy node modules and build directory\n COPY --from=base ./node_modules ./node_modules""

Output: List the addressed and unaddressed items, and make the final classification.
","Analysis details:
- Addressed Items: None
- Unaddressed Items: 
  • Specify the version range in package.json (using a range like ""^18.0.0"").
  • Installing specific package versions by running “yarn install” instead of merely copying the package.json.
  • Using multi‐stage builds for optimizing the final image.
Classification: Not Addressed"
https://api.github.com/repos/SainsburyWellcomeCentre/aeon_mecha/pulls/comments/1796097705,No change happened; the comment remains unaddressed.,No change happened; the comment remains unaddressed.
https://api.github.com/repos/SainsburyWellcomeCentre/aeon_mecha/pulls/comments/1796140384,Not contain specific items.,Not contain specific items.
https://api.github.com/repos/SainsburyWellcomeCentre/aeon_mecha/pulls/comments/1796140386,Not contain specific items.,Not contain specific items.
https://api.github.com/repos/SainsburyWellcomeCentre/aeon_mecha/pulls/comments/1796205264,No change happened; the comment remains unaddressed.,No change happened; the comment remains unaddressed.
https://api.github.com/repos/SainsburyWellcomeCentre/aeon_mecha/pulls/comments/1796205277,No change happened; the comment remains unaddressed.,No change happened; the comment remains unaddressed.
https://api.github.com/repos/SainsburyWellcomeCentre/aeon_mecha/pulls/comments/1796205306,No change happened; the comment remains unaddressed.,No change happened; the comment remains unaddressed.
https://api.github.com/repos/SainsburyWellcomeCentre/aeon_mecha/pulls/comments/1796205294,No change happened; the comment remains unaddressed.,No change happened; the comment remains unaddressed.
https://api.github.com/repos/SainsburyWellcomeCentre/aeon_mecha/pulls/comments/1796223566,No change happened; the comment remains unaddressed.,No change happened; the comment remains unaddressed.
https://api.github.com/repos/SainsburyWellcomeCentre/aeon_mecha/pulls/comments/1796223564,No change happened; the comment remains unaddressed.,No change happened; the comment remains unaddressed.
https://api.github.com/repos/SainsburyWellcomeCentre/aeon_mecha/pulls/comments/1796223570,No change happened; the comment remains unaddressed.,No change happened; the comment remains unaddressed.
https://api.github.com/repos/SainsburyWellcomeCentre/aeon_mecha/pulls/comments/1796223571,No change happened; the comment remains unaddressed.,No change happened; the comment remains unaddressed.
https://api.github.com/repos/SainsburyWellcomeCentre/aeon_mecha/pulls/comments/1931010859,No change happened; the comment remains unaddressed.,No change happened; the comment remains unaddressed.
https://api.github.com/repos/SainsburyWellcomeCentre/aeon_mecha/pulls/comments/1931010865,No change happened; the comment remains unaddressed.,No change happened; the comment remains unaddressed.
https://api.github.com/repos/Taiki130/pill_notify/pulls/comments/1490981924,Not contain any items.,Not contain any items.
https://api.github.com/repos/imajoriri/tokeru/pulls/comments/1536598852,Not contain any items.,Not contain any items.
https://api.github.com/repos/imajoriri/tokeru/pulls/comments/1536598849,Not contain any items.,Not contain any items.
https://api.github.com/repos/SainsburyWellcomeCentre/aeon_mecha/pulls/comments/1796097706,"Input Format:
Code Review:
- Reviewed Path: The file path of the code change.
- Reviewed Change: The code change under review. (""+"" indicates added lines, ""-"" indicates removed lines)
- Review Comment: A list of issues or suggestions for the above changes.
Subsequent Code Changes: A cumulative code changes made to the reviewed file after the review.

Task: For each item in the Review Comment, analyze whether it has been addressed by the Subsequent Code Changes by determining if:
- The issue has been completely resolved.
- The suggestion has been completely followed. (If the suggestion includes concrete code examples, it does not need to be followed exactly. As long as the code change serves the same intended purpose, the suggestion can be considered addressed.)
After completing the analysis, classify the entire review comment into one of the following categories:
- Not Addressed: None of the issues or suggestions have been addressed by the Subsequent Code Changes.
- Partly Addressed: Some but not all issues or suggestions have been addressed.
- Fully Addressed: All issues or suggestions have been addressed.
If the code relevant to the Review Comment has been completely removed in the Subsequent Code Changes, and it is not possible to determine whether the removal was an intentional response to the comment, you can classify it as ""Not Enough Information"".

Output Format:
Analysis details:
- Addressed Items: List the issues or suggestions that have been addressed.
- Unaddressed Items: List the issues or suggestions that have not been addressed.
Classification: Based on the Addressed Items and Unaddressed Items, select one of ""Not Addressed"", ""Partly Addressed"", ""Fully Addressed"", or ""Not Enough Information"" as the final classification without more explanations.

Input:
Code Review:
- Reviewed Path: ""aeon/schema/ingestion_schemas.py""
- Reviewed Change: ""+    def read(self, file: PathLike[str], sr_hz: int = 50) -> pd.DataFrame:\n+        \""\""\""Reads encoder data from the specified Harp binary file.\""\""\""\n+        data = super().read(file)\n+        data.index = aeon_time(data.index)\n+        first_index = data.first_valid_index()\n+        if first_index is not None:\n+            data = data.resample(f\""{1/sr_hz}S\"").first()  # take first sample in each resampled bin\n+        return data""
- Review Comment: ""- the read method in the _encoder class is downsampling the data by taking the first sample in each resampled bin. this approach might lead to loss of important data if there are significant changes within each bin. consider using a different resampling strategy, such as averaging, which could provide a more representative sample for each bin.\n```diff\n-        data = data.resample(f\""{1/sr_hz}s\"").first()  # take first sample in each resampled bin\n+        data = data.resample(f\""{1/sr_hz}s\"").mean()  # take average of samples in each resampled bin\n```""

Subsequent Code Changes: Here are the cumulative modifications made to the reviewed file ""aeon/schema/ingestion_schemas.py"" after the Code Review.
""--- \n\n+++ \n\n@@ -23,7 +23,7 @@\n\n         data.index = aeon_time(data.index)\n         first_index = data.first_valid_index()\n         if first_index is not None:\n-            data = data.resample(f\""{1/sr_hz}S\"").first()  # take first sample in each resampled bin\n+            data = data.resample(f\""{1/sr_hz}s\"").first()  # take first sample in each resampled bin\n         return data""

Output: List the addressed and unaddressed items, and make the final classification.
","Analysis details:
- Addressed Items: None.
- Unaddressed Items: The suggestion to replace the .first() resampling with .mean() to average samples in each bin has not been implemented.
Classification: Not Addressed"
https://api.github.com/repos/SainsburyWellcomeCentre/aeon_mecha/pulls/comments/1796097717,"Input Format:
Code Review:
- Reviewed Path: The file path of the code change.
- Reviewed Change: The code change under review. (""+"" indicates added lines, ""-"" indicates removed lines)
- Review Comment: A list of issues or suggestions for the above changes.
Subsequent Code Changes: A cumulative code changes made to the reviewed file after the review.

Task: For each item in the Review Comment, analyze whether it has been addressed by the Subsequent Code Changes by determining if:
- The issue has been completely resolved.
- The suggestion has been completely followed. (If the suggestion includes concrete code examples, it does not need to be followed exactly. As long as the code change serves the same intended purpose, the suggestion can be considered addressed.)
After completing the analysis, classify the entire review comment into one of the following categories:
- Not Addressed: None of the issues or suggestions have been addressed by the Subsequent Code Changes.
- Partly Addressed: Some but not all issues or suggestions have been addressed.
- Fully Addressed: All issues or suggestions have been addressed.
If the code relevant to the Review Comment has been completely removed in the Subsequent Code Changes, and it is not possible to determine whether the removal was an intentional response to the comment, you can classify it as ""Not Enough Information"".

Output Format:
Analysis details:
- Addressed Items: List the issues or suggestions that have been addressed.
- Unaddressed Items: List the issues or suggestions that have not been addressed.
Classification: Based on the Addressed Items and Unaddressed Items, select one of ""Not Addressed"", ""Partly Addressed"", ""Fully Addressed"", or ""Not Enough Information"" as the final classification without more explanations.

Input:
Code Review:
- Reviewed Path: ""aeon/schema/ingestion_schemas.py""
- Reviewed Change: ""+    def __init__(self, pattern):\n+        super().__init__(pattern, DepletionFunction, Encoder, Feeder)""
- Review Comment: ""- the __init__ method in the patch class is directly modifying the input argument pattern. this can lead to unexpected behavior if the caller does not anticipate that the input will be changed. consider creating a new variable instead of modifying the input argument.\n```diff\n-        super().__init__(pattern, depletionfunction, encoder, feeder)\n+        pattern_modified = pattern\n+        super().__init__(pattern_modified, depletionfunction, encoder, feeder)\n```""

Subsequent Code Changes: Here are the cumulative modifications made to the reviewed file ""aeon/schema/ingestion_schemas.py"" after the Code Review.
""--- \n\n+++ \n\n@@ -23,7 +23,7 @@\n\n         data.index = aeon_time(data.index)\n         first_index = data.first_valid_index()\n         if first_index is not None:\n-            data = data.resample(f\""{1/sr_hz}S\"").first()  # take first sample in each resampled bin\n+            data = data.resample(f\""{1/sr_hz}s\"").first()  # take first sample in each resampled bin\n         return data""

Output: List the addressed and unaddressed items, and make the final classification.
","Analysis details:
- Addressed Items: None.
- Unaddressed Items: ""the __init__ method in the patch class is directly modifying the input argument pattern. this can lead to unexpected behavior if the caller does not anticipate that the input will be changed. consider creating a new variable instead of modifying the input argument.""
Classification: Not Addressed"
https://api.github.com/repos/Kanaries/graphic-walker/issues/comments/1825892035-1,"Input Format:
Code Review:
- Reviewed Path: The file path of the code change.
- Reviewed Change: The code change under review. (""+"" indicates added lines, ""-"" indicates removed lines)
- Review Comment: A list of issues or suggestions for the above changes.
Subsequent Code Changes: A cumulative code changes made to the reviewed file after the review.

Task: For each item in the Review Comment, analyze whether it has been addressed by the Subsequent Code Changes by determining if:
- The issue has been completely resolved.
- The suggestion has been completely followed. (If the suggestion includes concrete code examples, it does not need to be followed exactly. As long as the code change serves the same intended purpose, the suggestion can be considered addressed.)
After completing the analysis, classify the entire review comment into one of the following categories:
- Not Addressed: None of the issues or suggestions have been addressed by the Subsequent Code Changes.
- Partly Addressed: Some but not all issues or suggestions have been addressed.
- Fully Addressed: All issues or suggestions have been addressed.
If the code relevant to the Review Comment has been completely removed in the Subsequent Code Changes, and it is not possible to determine whether the removal was an intentional response to the comment, you can classify it as ""Not Enough Information"".

Output Format:
Analysis details:
- Addressed Items: List the issues or suggestions that have been addressed.
- Unaddressed Items: List the issues or suggestions that have not been addressed.
Classification: Based on the Addressed Items and Unaddressed Items, select one of ""Not Addressed"", ""Partly Addressed"", ""Fully Addressed"", or ""Not Enough Information"" as the final classification without more explanations.

Input:
Code Review:
- Reviewed Path: ""packages/graphic-walker/src/computation/clientComputation.ts""
- Reviewed Change: ""@@ -1,34 +1,26 @@\n-import type { IDataQueryPayload, IDataQueryWorkflowStep, IFilterFiledSimple, IRow } from \""../interfaces\"";\n-import { applyFilter, applySort, applyViewQuery, transformDataService } from \""../services\"";\n+import type { IDataQueryPayload, IDataQueryWorkflowStep, IFilterFiledSimple, IRow } from '../interfaces';\n+import { applyFilter, applySort, applyViewQuery, transformDataService } from '../services';\n \n-export const dataQueryClient = async (\n-    rawData: IRow[],\n-    workflow: IDataQueryWorkflowStep[],\n-    offset?: number,\n-    limit?: number,\n-): Promise<IRow[]> => {\n-    if (process.env.NODE_ENV !== \""production\"") {\n+export const dataQueryClient = async (rawData: IRow[], workflow: IDataQueryWorkflowStep[], offset?: number, limit?: number): Promise<IRow[]> => {\n+    if (process.env.NODE_ENV !== 'production') {\n         console.log('local query triggered', workflow);\n     }\n     let res = rawData;\n     for await (const step of workflow) {\n         switch (step.type) {\n             case 'filter': {\n-                res = await applyFilter(res, step.filters.map(filter => {\n-                    const res: IFilterFiledSimple = {\n-                        fid: filter.fid,\n-                        rule: null,\n-                    };\n-                    if (filter.rule.type === 'one of' || filter.rule.type === 'not in') {\n-                        res.rule = {\n-                            type: filter.rule.type,\n-                            value: new Set(filter.rule.value),\n-                        };\n-                    } else {\n-                        res.rule = filter.rule;\n-                    }\n-                    return res;\n-                }).filter(Boolean));\n+                res = await applyFilter(\n+                    res,\n+                    step.filters\n+                        .map((filter) => {\n+                            const res: IFilterFiledSimple = {\n+                                fid: filter.fid,\n+                                rule: filter.rule,\n+                            };\n+                            return res;\n+                        })\n+                        .filter(Boolean)\n+                );\n                 break;\n             }\n             case 'transform': {\n@@ -52,7 +44,7 @@ export const dataQueryClient = async (\n             }\n         }\n     }\n-    return res.slice(offset ?? 0, limit ? ((offset ?? 0) + limit) : undefined);\n+    return res.slice(offset ?? 0, limit ? (offset ?? 0) + limit : undefined);\n };\n \n-export const getComputation = (rawData: IRow[]) => (payload: IDataQueryPayload) => dataQueryClient(rawData, payload.workflow, payload.offset, payload.limit)\n+export const getComputation = (rawData: IRow[]) => (payload: IDataQueryPayload) => dataQueryClient(rawData, payload.workflow, payload.offset, payload.limit);""
- Review Comment: ""1. error handling: the default case in the switch statement logs a warning message when an unknown step type is encountered. it would be better to throw an error instead to ensure that the issue is not silently ignored. for example:\n```typescript\ndefault: {\n    throw new error(`unknown step type: ${step.type}`);\n}\n```\n2. code duplication: the applyfilter and applysort functions are called with similar arguments. this could be refactored into a separate function to reduce duplication and improve maintainability.\n3. type safety: the workflow parameter in the dataqueryclient function is an array of idataqueryworkflowstep, which is a union type. this could potentially lead to type errors. it would be better to separate these into distinct types to ensure type safety.""

Subsequent Code Changes: Here are the cumulative modifications made to the reviewed file ""packages/graphic-walker/src/computation/clientComputation.ts"" after the Code Review.
""--- \n\n+++ \n\n@@ -1,34 +1,26 @@\n\n-import type { IDataQueryPayload, IDataQueryWorkflowStep, IFilterFiledSimple, IRow } from \""../interfaces\"";\n-import { applyFilter, applySort, applyViewQuery, transformDataService } from \""../services\"";\n+import type { IDataQueryPayload, IDataQueryWorkflowStep, IFilterFiledSimple, IRow } from '../interfaces';\n+import { applyFilter, applySort, applyViewQuery, transformDataService } from '../services';\n \n-export const dataQueryClient = async (\n-    rawData: IRow[],\n-    workflow: IDataQueryWorkflowStep[],\n-    offset?: number,\n-    limit?: number,\n-): Promise<IRow[]> => {\n-    if (process.env.NODE_ENV !== \""production\"") {\n+export const dataQueryClient = async (rawData: IRow[], workflow: IDataQueryWorkflowStep[], offset?: number, limit?: number): Promise<IRow[]> => {\n+    if (process.env.NODE_ENV !== 'production') {\n         console.log('local query triggered', workflow);\n     }\n     let res = rawData;\n     for await (const step of workflow) {\n         switch (step.type) {\n             case 'filter': {\n-                res = await applyFilter(res, step.filters.map(filter => {\n-                    const res: IFilterFiledSimple = {\n-                        fid: filter.fid,\n-                        rule: null,\n-                    };\n-                    if (filter.rule.type === 'one of' || filter.rule.type === 'not in') {\n-                        res.rule = {\n-                            type: filter.rule.type,\n-                            value: new Set(filter.rule.value),\n-                        };\n-                    } else {\n-                        res.rule = filter.rule;\n-                    }\n-                    return res;\n-                }).filter(Boolean));\n+                res = await applyFilter(\n+                    res,\n+                    step.filters\n+                        .map((filter) => {\n+                            const res: IFilterFiledSimple = {\n+                                fid: filter.fid,\n+                                rule: filter.rule,\n+                            };\n+                            return res;\n+                        })\n+                        .filter(Boolean)\n+                );\n                 break;\n             }\n             case 'transform': {\n@@ -52,7 +44,7 @@\n\n             }\n         }\n     }\n-    return res.slice(offset ?? 0, limit ? ((offset ?? 0) + limit) : undefined);\n+    return res.slice(offset ?? 0, limit ? (offset ?? 0) + limit : undefined);\n };\n \n-export const getComputation = (rawData: IRow[]) => (payload: IDataQueryPayload) => dataQueryClient(rawData, payload.workflow, payload.offset, payload.limit)\n+export const getComputation = (rawData: IRow[]) => (payload: IDataQueryPayload) => dataQueryClient(rawData, payload.workflow, payload.offset, payload.limit);""

Output: List the addressed and unaddressed items, and make the final classification.
","Analysis details:
- Addressed Items: None.
- Unaddressed Items: 
  1. Error handling: No change was made to handle an unknown step type by throwing an error.
  2. Code duplication: There was no refactoring to reduce duplication in the applyFilter and applySort calls.
  3. Type safety: No changes were introduced to separate the union type of workflow into distinct types.

Classification: Not Addressed"
https://api.github.com/repos/Kanaries/graphic-walker/issues/comments/1888626993-2,"Input Format:
Code Review:
- Reviewed Path: The file path of the code change.
- Reviewed Change: The code change under review. (""+"" indicates added lines, ""-"" indicates removed lines)
- Review Comment: A list of issues or suggestions for the above changes.
Subsequent Code Changes: A cumulative code changes made to the reviewed file after the review.

Task: For each item in the Review Comment, analyze whether it has been addressed by the Subsequent Code Changes by determining if:
- The issue has been completely resolved.
- The suggestion has been completely followed. (If the suggestion includes concrete code examples, it does not need to be followed exactly. As long as the code change serves the same intended purpose, the suggestion can be considered addressed.)
After completing the analysis, classify the entire review comment into one of the following categories:
- Not Addressed: None of the issues or suggestions have been addressed by the Subsequent Code Changes.
- Partly Addressed: Some but not all issues or suggestions have been addressed.
- Fully Addressed: All issues or suggestions have been addressed.
If the code relevant to the Review Comment has been completely removed in the Subsequent Code Changes, and it is not possible to determine whether the removal was an intentional response to the comment, you can classify it as ""Not Enough Information"".

Output Format:
Analysis details:
- Addressed Items: List the issues or suggestions that have been addressed.
- Unaddressed Items: List the issues or suggestions that have not been addressed.
Classification: Based on the Addressed Items and Unaddressed Items, select one of ""Not Addressed"", ""Partly Addressed"", ""Fully Addressed"", or ""Not Enough Information"" as the final classification without more explanations.

Input:
Code Review:
- Reviewed Path: ""packages/graphic-walker/src/fields/obComponents/obPill.tsx""
- Reviewed Change: ""@@ -32,7 +32,7 @@ const OBPill: React.FC<PillProps> = (props) => {\n     }, []);\n \n     const foldOptions = useMemo<ISelectContextOption[]>(() => {\n-        const validFoldBy = allFields.filter((f) => f.analyticType === 'measure' && f.fid !== MEA_VAL_ID);\n+        const validFoldBy = allFields.filter((f) => f.analyticType === 'measure' && f.fid !== MEA_VAL_ID && f.aggName !== 'expr');\n         return validFoldBy.map<ISelectContextOption>((f) => ({\n             key: f.fid,\n             label: f.name,""
- Review Comment: ""- there is a potential performance issue with the use of usememo hook without any dependencies. consider adding dependencies to the usememo hook or removing it if it's not necessary.\n- for example, in the following code:\n  ```typescript\n  const aggregationoptions = usememo(() => {\n      return global_config.aggregator_list.map((op) => ({\n          value: op,\n          label: t(op),\n      }));\n  }, []); // add dependencies or remove usememo if not necessary\n  ```\n  suggestion: add dependencies to the usememo hook or remove usememo if not necessary.""

Subsequent Code Changes: Here are the cumulative modifications made to the reviewed file ""packages/graphic-walker/src/fields/obComponents/obPill.tsx"" after the Code Review.
""--- \n\n+++ \n\n@@ -32,7 +32,7 @@\n\n     }, []);\n \n     const foldOptions = useMemo<ISelectContextOption[]>(() => {\n-        const validFoldBy = allFields.filter((f) => f.analyticType === 'measure' && f.fid !== MEA_VAL_ID);\n+        const validFoldBy = allFields.filter((f) => f.analyticType === 'measure' && f.fid !== MEA_VAL_ID && f.aggName !== 'expr');\n         return validFoldBy.map<ISelectContextOption>((f) => ({\n             key: f.fid,\n             label: f.name,""

Output: List the addressed and unaddressed items, and make the final classification.
","Analysis details:
- Addressed Items: None.
- Unaddressed Items: 
  • The potential performance issue with the useMemo hook having no dependencies.
  • The suggestion to add dependencies to the useMemo hook or remove it if not necessary.
Classification: Not Addressed"
https://api.github.com/repos/Kanaries/graphic-walker/issues/comments/1888626993-1,"Input Format:
Code Review:
- Reviewed Path: The file path of the code change.
- Reviewed Change: The code change under review. (""+"" indicates added lines, ""-"" indicates removed lines)
- Review Comment: A list of issues or suggestions for the above changes.
Subsequent Code Changes: A cumulative code changes made to the reviewed file after the review.

Task: For each item in the Review Comment, analyze whether it has been addressed by the Subsequent Code Changes by determining if:
- The issue has been completely resolved.
- The suggestion has been completely followed. (If the suggestion includes concrete code examples, it does not need to be followed exactly. As long as the code change serves the same intended purpose, the suggestion can be considered addressed.)
After completing the analysis, classify the entire review comment into one of the following categories:
- Not Addressed: None of the issues or suggestions have been addressed by the Subsequent Code Changes.
- Partly Addressed: Some but not all issues or suggestions have been addressed.
- Fully Addressed: All issues or suggestions have been addressed.
If the code relevant to the Review Comment has been completely removed in the Subsequent Code Changes, and it is not possible to determine whether the removal was an intentional response to the comment, you can classify it as ""Not Enough Information"".

Output Format:
Analysis details:
- Addressed Items: List the issues or suggestions that have been addressed.
- Unaddressed Items: List the issues or suggestions that have not been addressed.
Classification: Based on the Addressed Items and Unaddressed Items, select one of ""Not Addressed"", ""Partly Addressed"", ""Fully Addressed"", or ""Not Enough Information"" as the final classification without more explanations.

Input:
Code Review:
- Reviewed Path: ""packages/graphic-walker/src/fields/encodeFields/singleEncodeEditor.tsx""
- Reviewed Change: ""@@ -41,7 +41,7 @@ const SingleEncodeEditor: React.FC<SingleEncodeEditorProps> = (props) => {\n     }, []);\n \n     const foldOptions = useMemo<ISelectContextOption[]>(() => {\n-        const validFoldBy = allFields.filter((f) => f.analyticType === 'measure' && f.fid !== MEA_VAL_ID);\n+        const validFoldBy = allFields.filter((f) => f.analyticType === 'measure' && f.fid !== MEA_VAL_ID && f.aggName !== 'expr');\n         return validFoldBy.map<ISelectContextOption>((f) => ({\n             key: f.fid,\n             label: f.name,""
- Review Comment: ""- there is a potential performance issue with the use of usememo hook. the usememo hook is used to memoize the result of a function, but in this case, it is used without any dependencies. this means that the function will be re-computed on every render, which could lead to performance issues if the computation is expensive. consider adding dependencies to the usememo hook or removing it if it's not necessary.""

Subsequent Code Changes: Here are the cumulative modifications made to the reviewed file ""packages/graphic-walker/src/fields/encodeFields/singleEncodeEditor.tsx"" after the Code Review.
""--- \n\n+++ \n\n@@ -41,7 +41,7 @@\n\n     }, []);\n \n     const foldOptions = useMemo<ISelectContextOption[]>(() => {\n-        const validFoldBy = allFields.filter((f) => f.analyticType === 'measure' && f.fid !== MEA_VAL_ID);\n+        const validFoldBy = allFields.filter((f) => f.analyticType === 'measure' && f.fid !== MEA_VAL_ID && f.aggName !== 'expr');\n         return validFoldBy.map<ISelectContextOption>((f) => ({\n             key: f.fid,\n             label: f.name,""

Output: List the addressed and unaddressed items, and make the final classification.
","Analysis details:
- Addressed Items: None.
- Unaddressed Items: The potential performance issue with the useMemo hook (lack of proper dependencies) has not been addressed.
Classification: Not Addressed."
https://api.github.com/repos/Kanaries/graphic-walker/issues/comments/1825892035-3,"Input Format:
Code Review:
- Reviewed Path: The file path of the code change.
- Reviewed Change: The code change under review. (""+"" indicates added lines, ""-"" indicates removed lines)
- Review Comment: A list of issues or suggestions for the above changes.
Subsequent Code Changes: A cumulative code changes made to the reviewed file after the review.

Task: For each item in the Review Comment, analyze whether it has been addressed by the Subsequent Code Changes by determining if:
- The issue has been completely resolved.
- The suggestion has been completely followed. (If the suggestion includes concrete code examples, it does not need to be followed exactly. As long as the code change serves the same intended purpose, the suggestion can be considered addressed.)
After completing the analysis, classify the entire review comment into one of the following categories:
- Not Addressed: None of the issues or suggestions have been addressed by the Subsequent Code Changes.
- Partly Addressed: Some but not all issues or suggestions have been addressed.
- Fully Addressed: All issues or suggestions have been addressed.
If the code relevant to the Review Comment has been completely removed in the Subsequent Code Changes, and it is not possible to determine whether the removal was an intentional response to the comment, you can classify it as ""Not Enough Information"".

Output Format:
Analysis details:
- Addressed Items: List the issues or suggestions that have been addressed.
- Unaddressed Items: List the issues or suggestions that have not been addressed.
Classification: Based on the Addressed Items and Unaddressed Items, select one of ""Not Addressed"", ""Partly Addressed"", ""Fully Addressed"", or ""Not Enough Information"" as the final classification without more explanations.

Input:
Code Review:
- Reviewed Path: ""packages/graphic-walker/src/App.tsx""
- Reviewed Change: ""@@ -238,7 +238,7 @@ export function VizAppWithContext(props: IVizAppProps) {\n \n     return (\n         <div className={`${darkMode === 'dark' ? 'dark' : ''} App font-sans bg-white dark:bg-zinc-900 dark:text-white m-0 p-0`}>\n-            <VizStoreWrapper onMetaChange={props.onMetaChange} meta={safeMetas} keepAlive={props.keepAlive} storeRef={props.storeRef}>\n+            <VizStoreWrapper onSpecChange={props.onSpecChange} onMetaChange={props.onMetaChange} meta={safeMetas} keepAlive={props.keepAlive} storeRef={props.storeRef}>\n                 <FieldsContextWrapper>\n                     <VizApp\n                         darkMode={darkMode}""
- Review Comment: ""1. **use of usememo hook**: \""it's important to ensure that the dependencies provided to usememo are correct. in this case, the dependencies include props.rawfields, props.datasource ? props.datasource : props.computation, and props.fieldkeyguard. if any of these values change, the computation and safemetas will be recalculated. if these dependencies are not expected to change often, this is fine. however, if they do change frequently, the overhead of recalculating these values may outweigh the benefits of memoization.\""\n2. **error handling**: \""the error handling in this code could be improved. currently, errors are logged to the console and optionally passed to an onerror prop if it exists. it would be better to have a more robust error handling strategy, such as displaying error messages to the user or sending error reports to a logging service.\""\n3. **code organization**: \""this file is quite large and contains a lot of logic. it might be beneficial to break this up into smaller, more manageable components. this would make the code easier to read and maintain.\""""

Subsequent Code Changes: Here are the cumulative modifications made to the reviewed file ""packages/graphic-walker/src/App.tsx"" after the Code Review.
""--- \n\n+++ \n\n@@ -238,7 +238,7 @@\n\n \n     return (\n         <div className={`${darkMode === 'dark' ? 'dark' : ''} App font-sans bg-white dark:bg-zinc-900 dark:text-white m-0 p-0`}>\n-            <VizStoreWrapper onMetaChange={props.onMetaChange} meta={safeMetas} keepAlive={props.keepAlive} storeRef={props.storeRef}>\n+            <VizStoreWrapper onSpecChange={props.onSpecChange} onMetaChange={props.onMetaChange} meta={safeMetas} keepAlive={props.keepAlive} storeRef={props.storeRef}>\n                 <FieldsContextWrapper>\n                     <VizApp\n                         darkMode={darkMode}""

Output: List the addressed and unaddressed items, and make the final classification.
","Analysis details:
- Addressed Items: None.
- Unaddressed Items: 
  1. use of usememo hook
  2. error handling
  3. code organization
Classification: Not Addressed"
https://api.github.com/repos/Kanaries/graphic-walker/issues/comments/1825892035-2,"Input Format:
Code Review:
- Reviewed Path: The file path of the code change.
- Reviewed Change: The code change under review. (""+"" indicates added lines, ""-"" indicates removed lines)
- Review Comment: A list of issues or suggestions for the above changes.
Subsequent Code Changes: A cumulative code changes made to the reviewed file after the review.

Task: For each item in the Review Comment, analyze whether it has been addressed by the Subsequent Code Changes by determining if:
- The issue has been completely resolved.
- The suggestion has been completely followed. (If the suggestion includes concrete code examples, it does not need to be followed exactly. As long as the code change serves the same intended purpose, the suggestion can be considered addressed.)
After completing the analysis, classify the entire review comment into one of the following categories:
- Not Addressed: None of the issues or suggestions have been addressed by the Subsequent Code Changes.
- Partly Addressed: Some but not all issues or suggestions have been addressed.
- Fully Addressed: All issues or suggestions have been addressed.
If the code relevant to the Review Comment has been completely removed in the Subsequent Code Changes, and it is not possible to determine whether the removal was an intentional response to the comment, you can classify it as ""Not Enough Information"".

Output Format:
Analysis details:
- Addressed Items: List the issues or suggestions that have been addressed.
- Unaddressed Items: List the issues or suggestions that have not been addressed.
Classification: Based on the Addressed Items and Unaddressed Items, select one of ""Not Addressed"", ""Partly Addressed"", ""Fully Addressed"", or ""Not Enough Information"" as the final classification without more explanations.

Input:
Code Review:
- Reviewed Path: ""packages/graphic-walker/src/components/askViz/index.tsx""
- Reviewed Change: ""@@ -3,7 +3,7 @@ import React, { useCallback, useState } from 'react';\n import { useVizStore } from '../../store';\n import { HandThumbDownIcon, HandThumbUpIcon, PaperAirplaneIcon } from '@heroicons/react/24/outline';\n import Spinner from '../spinner';\n-import { IAskVizFeedback, IChartForExport, IViewField, IVisSpecForExport } from '../../interfaces';\n+import { IAskVizFeedback, IChart, IViewField, IVisSpec } from '../../interfaces';\n import { useTranslation } from 'react-i18next';\n import { useReporter } from '../../utils/reportError';\n import { parseErrorMessage } from '../../utils';\n@@ -30,7 +30,7 @@ async function vizQuery(api: string, metas: IViewField[], query: string, headers\n     });\n     const result: {\n         success: boolean;\n-        data: IVisSpecForExport | IChartForExport;\n+        data: IVisSpec | IChart;\n         message?: string;\n     } = await res.json();\n     if (result.success) {\n@@ -62,7 +62,7 @@ async function reportVizQuery(api: string | ((data: IAskVizFeedback) => void), d\n }\n \n const AskViz: React.FC<{\n-    api?: string | ((metas: IViewField[], query: string) => PromiseLike<IVisSpecForExport | IChartForExport> | IVisSpecForExport | IChartForExport);\n+    api?: string | ((metas: IViewField[], query: string) => PromiseLike<IVisSpec | IChart> | IVisSpec | IChart);\n     feedbackApi?: string | ((data: IAskVizFeedback) => void);\n     headers?: Record<string, string>;\n }> = (props) => {""
- Review Comment: ""1. error handling: the error handling in the vizquery and reportvizquery functions could be improved. currently, if the fetch request fails, it throws an error with the message from the response. it would be better to also include the status code in the error message to make debugging easier. for example:\n\n```typescript\nif (!result.success) {\n    throw new error(`${result.message}, status code: ${res.status}`);\n}\n```\n\n2. type safety: the api parameter in the askviz component can be either a string or a function. this could potentially lead to type errors. it would be better to separate these into two distinct props to ensure type safety.\n\n3. code duplication: there is some code duplication in the onclick handlers of the vote up and vote down buttons. this could be refactored into a separate function to reduce duplication and improve maintainability.""

Subsequent Code Changes: Here are the cumulative modifications made to the reviewed file ""packages/graphic-walker/src/components/askViz/index.tsx"" after the Code Review.
""--- \n\n+++ \n\n@@ -3,7 +3,7 @@\n\n import { useVizStore } from '../../store';\n import { HandThumbDownIcon, HandThumbUpIcon, PaperAirplaneIcon } from '@heroicons/react/24/outline';\n import Spinner from '../spinner';\n-import { IAskVizFeedback, IChartForExport, IViewField, IVisSpecForExport } from '../../interfaces';\n+import { IAskVizFeedback, IChart, IViewField, IVisSpec } from '../../interfaces';\n import { useTranslation } from 'react-i18next';\n import { useReporter } from '../../utils/reportError';\n import { parseErrorMessage } from '../../utils';\n@@ -30,7 +30,7 @@\n\n     });\n     const result: {\n         success: boolean;\n-        data: IVisSpecForExport | IChartForExport;\n+        data: IVisSpec | IChart;\n         message?: string;\n     } = await res.json();\n     if (result.success) {\n@@ -62,7 +62,7 @@\n\n }\n \n const AskViz: React.FC<{\n-    api?: string | ((metas: IViewField[], query: string) => PromiseLike<IVisSpecForExport | IChartForExport> | IVisSpecForExport | IChartForExport);\n+    api?: string | ((metas: IViewField[], query: string) => PromiseLike<IVisSpec | IChart> | IVisSpec | IChart);\n     feedbackApi?: string | ((data: IAskVizFeedback) => void);\n     headers?: Record<string, string>;\n }> = (props) => {""

Output: List the addressed and unaddressed items, and make the final classification.
","Analysis details:
- Addressed Items: None.
- Unaddressed Items: 
  1. Error handling improvements in vizQuery and reportVizQuery functions.
  2. Separation of the api prop into distinct props for type safety.
  3. Refactoring of duplicated code in the onclick handlers for vote up and vote down buttons.
Classification: Not Addressed"
https://api.github.com/repos/Kanaries/graphic-walker/issues/comments/2029467035-1,"Input Format:
Code Review:
- Reviewed Path: The file path of the code change.
- Reviewed Change: The code change under review. (""+"" indicates added lines, ""-"" indicates removed lines)
- Review Comment: A list of issues or suggestions for the above changes.
Subsequent Code Changes: A cumulative code changes made to the reviewed file after the review.

Task: For each item in the Review Comment, analyze whether it has been addressed by the Subsequent Code Changes by determining if:
- The issue has been completely resolved.
- The suggestion has been completely followed. (If the suggestion includes concrete code examples, it does not need to be followed exactly. As long as the code change serves the same intended purpose, the suggestion can be considered addressed.)
After completing the analysis, classify the entire review comment into one of the following categories:
- Not Addressed: None of the issues or suggestions have been addressed by the Subsequent Code Changes.
- Partly Addressed: Some but not all issues or suggestions have been addressed.
- Fully Addressed: All issues or suggestions have been addressed.
If the code relevant to the Review Comment has been completely removed in the Subsequent Code Changes, and it is not possible to determine whether the removal was an intentional response to the comment, you can classify it as ""Not Enough Information"".

Output Format:
Analysis details:
- Addressed Items: List the issues or suggestions that have been addressed.
- Unaddressed Items: List the issues or suggestions that have not been addressed.
Classification: Based on the Addressed Items and Unaddressed Items, select one of ""Not Addressed"", ""Partly Addressed"", ""Fully Addressed"", or ""Not Enough Information"" as the final classification without more explanations.

Input:
Code Review:
- Reviewed Path: ""packages/graphic-walker/src/renderer/index.tsx""
- Reviewed Change: ""@@ -29,6 +29,8 @@ import { GLOBAL_CONFIG } from '../config';\n import { Item } from 'vega';\n import { viewEncodingKeys } from '@/models/visSpec';\n import LoadingLayer from '@/components/loadingLayer';\n+import { getTimeFormat } from '@/lib/inferMeta';\n+import { unexceptedUTCParsedPatternFormats } from '@/lib/op/offset';\n \n interface RendererProps {\n     vizThemeConfig: IThemeKey | GWGlobalConfig;\n@@ -52,6 +54,7 @@ const Renderer = forwardRef<IReactVegaHandler, RendererProps>(function (props, r\n         config: visualConfig,\n         layout,\n         currentVis: chart,\n+        multiViewInfo,\n         visIndex,\n         visLength,\n         sort,\n@@ -65,8 +68,7 @@ const Renderer = forwardRef<IReactVegaHandler, RendererProps>(function (props, r\n         }),\n         [layout, overrideSize]\n     );\n-\n-    const draggableFieldState = chart.encodings;\n+    const draggableFieldState = { ...emptyEncodings, ...multiViewInfo.views, filters: multiViewInfo.filters };\n \n     const { i18n } = useTranslation();\n \n@@ -142,29 +144,48 @@ const Renderer = forwardRef<IReactVegaHandler, RendererProps>(function (props, r\n     });\n \n     const handleGeomClick = useCallback(\n-        (values: any, e: MouseEvent & { item: Item }) => {\n+        (_values: any, e: MouseEvent & { item: Item }) => {\n             e.stopPropagation();\n             if (GLOBAL_CONFIG.EMBEDED_MENU_LIST.length > 0) {\n                 runInAction(() => {\n                     vizStore.showEmbededMenu([e.clientX, e.clientY]);\n-                    vizStore.setFilters(values);\n                 });\n-                const selectedMarkObject = values.vlPoint.or[0];\n+                const viewKeys = new Set(\n+                    viewEncodingKeys(visualConfig.geoms[0])\n+                        .flatMap((k) => encodings[k] as IViewField[])\n+                        .map((x) => x.fid)\n+                );\n+                // getting fields from event, because vega cannot pass selection including dot in key.\n+                const selectedMarkObject = Object.fromEntries(Object.entries<string | number | undefined>(e.item.datum).filter(([k]) => viewKeys.has(k)));\n                 // check selected fields include temporal, and return temporal timestamp to original data\n                 const allFields = viewEncodingKeys(visualConfig.geoms[0]).flatMap((k) => encodings[k] as IViewField[]);\n                 const selectedTemporalFields = Object.keys(selectedMarkObject)\n                     .map((k) => allFields.find((x) => x.fid === k))\n                     .filter((x): x is IViewField => !!x && x.semanticType === 'temporal');\n                 if (selectedTemporalFields.length > 0) {\n+                    const displayOffset = visualConfig.timezoneDisplayOffset ?? new Date().getTimezoneOffset();\n                     selectedTemporalFields.forEach((f) => {\n+                        const offset = f.offset ?? new Date().getTimezoneOffset();\n                         const set = new Set(viewData.map((x) => x[f.fid] as string | number));\n-                        selectedMarkObject[f.fid] = [...set.values()].find((x) => new Date(x).getTime() === selectedMarkObject[f.fid]);\n+                        selectedMarkObject[f.fid] = Array.from(set).find((x) => {\n+                            const format = getTimeFormat(x);\n+                            let offsetTime = displayOffset * -60000;\n+                            if (format !== 'timestamp') {\n+                                offsetTime += offset * 60000;\n+                                if (!unexceptedUTCParsedPatternFormats.includes(format)) {\n+                                    // the raw data will be parsed as local timezone, so reduce the offset with the local time zone.\n+                                    offsetTime -= new Date().getTimezoneOffset() * 60000;\n+                                }\n+                            }\n+                            const time = new Date(x).getTime() + offsetTime;\n+                            return time === selectedMarkObject[f.fid];\n+                        });\n                     });\n                 }\n                 if (e.item.mark.marktype === 'line') {\n                     // use the filter in mark group\n                     const keys = new Set(Object.keys(e.item.mark.group.datum ?? {}));\n-                    vizStore.updateSelectedMarkObject(Object.fromEntries(Object.entries<string | number>(selectedMarkObject).filter(([k]) => keys.has(k))));\n+                    vizStore.updateSelectedMarkObject(Object.fromEntries(Object.entries(selectedMarkObject).filter(([k]) => keys.has(k))));\n                 } else {\n                     vizStore.updateSelectedMarkObject(selectedMarkObject);\n                 }""
- Review Comment: ""1. the useeffect hook at the end of the file has a dependency on isspatial and vizstore, but these are not included in the dependency array. this could lead to unexpected behavior. include isspatial and vizstore in the dependency array of the useeffect hook.\n\n```typescript\nuseeffect(() => {\n    // ... existing code ...\n}, [isspatial, vizstore]);\n```\n\n2. the handlegeomclick function is quite complex and could benefit from being broken down into smaller, more manageable functions. this would improve readability and maintainability of the code. consider refactoring this function to simplify its logic.""

Subsequent Code Changes: Here are the cumulative modifications made to the reviewed file ""packages/graphic-walker/src/renderer/index.tsx"" after the Code Review.
""--- \n\n+++ \n\n@@ -29,6 +29,8 @@\n\n import { Item } from 'vega';\n import { viewEncodingKeys } from '@/models/visSpec';\n import LoadingLayer from '@/components/loadingLayer';\n+import { getTimeFormat } from '@/lib/inferMeta';\n+import { unexceptedUTCParsedPatternFormats } from '@/lib/op/offset';\n \n interface RendererProps {\n     vizThemeConfig: IThemeKey | GWGlobalConfig;\n@@ -52,6 +54,7 @@\n\n         config: visualConfig,\n         layout,\n         currentVis: chart,\n+        multiViewInfo,\n         visIndex,\n         visLength,\n         sort,\n@@ -65,8 +68,7 @@\n\n         }),\n         [layout, overrideSize]\n     );\n-\n-    const draggableFieldState = chart.encodings;\n+    const draggableFieldState = { ...emptyEncodings, ...multiViewInfo.views, filters: multiViewInfo.filters };\n \n     const { i18n } = useTranslation();\n \n@@ -142,29 +144,48 @@\n\n     });\n \n     const handleGeomClick = useCallback(\n-        (values: any, e: MouseEvent & { item: Item }) => {\n+        (_values: any, e: MouseEvent & { item: Item }) => {\n             e.stopPropagation();\n             if (GLOBAL_CONFIG.EMBEDED_MENU_LIST.length > 0) {\n                 runInAction(() => {\n                     vizStore.showEmbededMenu([e.clientX, e.clientY]);\n-                    vizStore.setFilters(values);\n                 });\n-                const selectedMarkObject = values.vlPoint.or[0];\n+                const viewKeys = new Set(\n+                    viewEncodingKeys(visualConfig.geoms[0])\n+                        .flatMap((k) => encodings[k] as IViewField[])\n+                        .map((x) => x.fid)\n+                );\n+                // getting fields from event, because vega cannot pass selection including dot in key.\n+                const selectedMarkObject = Object.fromEntries(Object.entries<string | number | undefined>(e.item.datum).filter(([k]) => viewKeys.has(k)));\n                 // check selected fields include temporal, and return temporal timestamp to original data\n                 const allFields = viewEncodingKeys(visualConfig.geoms[0]).flatMap((k) => encodings[k] as IViewField[]);\n                 const selectedTemporalFields = Object.keys(selectedMarkObject)\n                     .map((k) => allFields.find((x) => x.fid === k))\n                     .filter((x): x is IViewField => !!x && x.semanticType === 'temporal');\n                 if (selectedTemporalFields.length > 0) {\n+                    const displayOffset = visualConfig.timezoneDisplayOffset ?? new Date().getTimezoneOffset();\n                     selectedTemporalFields.forEach((f) => {\n+                        const offset = f.offset ?? new Date().getTimezoneOffset();\n                         const set = new Set(viewData.map((x) => x[f.fid] as string | number));\n-                        selectedMarkObject[f.fid] = [...set.values()].find((x) => new Date(x).getTime() === selectedMarkObject[f.fid]);\n+                        selectedMarkObject[f.fid] = Array.from(set).find((x) => {\n+                            const format = getTimeFormat(x);\n+                            let offsetTime = displayOffset * -60000;\n+                            if (format !== 'timestamp') {\n+                                offsetTime += offset * 60000;\n+                                if (!unexceptedUTCParsedPatternFormats.includes(format)) {\n+                                    // the raw data will be parsed as local timezone, so reduce the offset with the local time zone.\n+                                    offsetTime -= new Date().getTimezoneOffset() * 60000;\n+                                }\n+                            }\n+                            const time = new Date(x).getTime() + offsetTime;\n+                            return time === selectedMarkObject[f.fid];\n+                        });\n                     });\n                 }\n                 if (e.item.mark.marktype === 'line') {\n                     // use the filter in mark group\n                     const keys = new Set(Object.keys(e.item.mark.group.datum ?? {}));\n-                    vizStore.updateSelectedMarkObject(Object.fromEntries(Object.entries<string | number>(selectedMarkObject).filter(([k]) => keys.has(k))));\n+                    vizStore.updateSelectedMarkObject(Object.fromEntries(Object.entries(selectedMarkObject).filter(([k]) => keys.has(k))));\n                 } else {\n                     vizStore.updateSelectedMarkObject(selectedMarkObject);\n                 }""

Output: List the addressed and unaddressed items, and make the final classification.
","Analysis details:
- Addressed Items: None.
- Unaddressed Items: 
  1. The missing dependencies (isspatial and vizstore) in the useEffect hook dependency array.
  2. The recommendation to refactor the handleGeomClick function into smaller, more manageable functions.
Classification: Not Addressed"
https://api.github.com/repos/Kanaries/graphic-walker/issues/comments/2029467035-3,"Input Format:
Code Review:
- Reviewed Path: The file path of the code change.
- Reviewed Change: The code change under review. (""+"" indicates added lines, ""-"" indicates removed lines)
- Review Comment: A list of issues or suggestions for the above changes.
Subsequent Code Changes: A cumulative code changes made to the reviewed file after the review.

Task: For each item in the Review Comment, analyze whether it has been addressed by the Subsequent Code Changes by determining if:
- The issue has been completely resolved.
- The suggestion has been completely followed. (If the suggestion includes concrete code examples, it does not need to be followed exactly. As long as the code change serves the same intended purpose, the suggestion can be considered addressed.)
After completing the analysis, classify the entire review comment into one of the following categories:
- Not Addressed: None of the issues or suggestions have been addressed by the Subsequent Code Changes.
- Partly Addressed: Some but not all issues or suggestions have been addressed.
- Fully Addressed: All issues or suggestions have been addressed.
If the code relevant to the Review Comment has been completely removed in the Subsequent Code Changes, and it is not possible to determine whether the removal was an intentional response to the comment, you can classify it as ""Not Enough Information"".

Output Format:
Analysis details:
- Addressed Items: List the issues or suggestions that have been addressed.
- Unaddressed Items: List the issues or suggestions that have not been addressed.
Classification: Based on the Addressed Items and Unaddressed Items, select one of ""Not Addressed"", ""Partly Addressed"", ""Fully Addressed"", or ""Not Enough Information"" as the final classification without more explanations.

Input:
Code Review:
- Reviewed Path: ""packages/graphic-walker/src/lib/insights/explainBySelection.ts""
- Reviewed Change: ""@@ -1,4 +1,15 @@\n-import { IAggregator, IExplainProps, IPredicate, IField, IRow, IViewField, IFilterField, IComputationFunction, IViewWorkflowStep, IDataQueryWorkflowStep } from '../../interfaces';\n+import {\n+    IAggregator,\n+    IExplainProps,\n+    IPredicate,\n+    IField,\n+    IRow,\n+    IViewField,\n+    IFilterField,\n+    IComputationFunction,\n+    IViewWorkflowStep,\n+    IDataQueryWorkflowStep,\n+} from '../../interfaces';\n import { filterByPredicates, getMeaAggKey } from '../../utils';\n import { compareDistribution, compareDistributionKL, compareDistributionJS, normalizeWithParent } from '../../utils/normalization';\n import { aggregate } from '../op/aggregate';\n@@ -44,22 +55,44 @@ export async function explainBySelection(props: {\n                             op: 'bin',\n                             as: extendDimFid,\n                             num: QUANT_BIN_NUM,\n-                            params: [{\n-                                type: 'field',\n-                                value: extendDim.fid,\n-                            }]\n-                        }\n-                    }\n+                            params: [\n+                                {\n+                                    type: 'field',\n+                                    value: extendDim.fid,\n+                                },\n+                            ],\n+                        },\n+                    },\n                 ],\n             });\n         }\n         for (let mea of viewMeasures) {\n-            const overallWorkflow = toWorkflow(viewFilters, allFields, [extendDim], [mea], true, 'none', [], undefined, timezoneDisplayOffset);\n+            const { workflow: overallWorkflow, datasets } = toWorkflow(\n+                viewFilters,\n+                allFields,\n+                [extendDim],\n+                [mea],\n+                true,\n+                'none',\n+                [],\n+                undefined,\n+                timezoneDisplayOffset\n+            );\n             const fullOverallWorkflow = extraPreWorkflow ? [...extraPreWorkflow, ...overallWorkflow] : overallWorkflow;\n-            const overallData = await dataQuery(computationFunction, fullOverallWorkflow);\n-            const viewWorkflow = toWorkflow(viewFilters, allFields, [...viewDimensions, extendDim], [mea], true, 'none', [], undefined, timezoneDisplayOffset);\n+            const overallData = await dataQuery(computationFunction, fullOverallWorkflow, datasets);\n+            const { workflow: viewWorkflow, datasets: viewDatasets } = toWorkflow(\n+                viewFilters,\n+                allFields,\n+                [...viewDimensions, extendDim],\n+                [mea],\n+                true,\n+                'none',\n+                [],\n+                undefined,\n+                timezoneDisplayOffset\n+            );\n             const fullViewWorkflow = extraPreWorkflow ? [...extraPreWorkflow, ...viewWorkflow] : viewWorkflow;\n-            const viewData = await dataQuery(computationFunction, fullViewWorkflow);\n+            const viewData = await dataQuery(computationFunction, fullViewWorkflow, viewDatasets);\n             const subData = filterByPredicates(viewData, predicates);\n             let outlierNormalization = normalizeWithParent(subData, overallData, [getMeaAggKey(mea.fid, mea.aggName ?? 'sum')], false);\n             let outlierScore = compareDistributionJS(""
- Review Comment: ""- the explainbyselection function is quite large and complex. it could be broken down into smaller, more manageable functions to improve readability and maintainability. for example, the logic inside the for loop could be extracted into a separate function.\n- the function is directly using the dataquery function. this could make testing this function in isolation difficult. consider passing the dataquery function as a parameter to the explainbyselection function.""

Subsequent Code Changes: Here are the cumulative modifications made to the reviewed file ""packages/graphic-walker/src/lib/insights/explainBySelection.ts"" after the Code Review.
""--- \n\n+++ \n\n@@ -1,4 +1,15 @@\n\n-import { IAggregator, IExplainProps, IPredicate, IField, IRow, IViewField, IFilterField, IComputationFunction, IViewWorkflowStep, IDataQueryWorkflowStep } from '../../interfaces';\n+import {\n+    IAggregator,\n+    IExplainProps,\n+    IPredicate,\n+    IField,\n+    IRow,\n+    IViewField,\n+    IFilterField,\n+    IComputationFunction,\n+    IViewWorkflowStep,\n+    IDataQueryWorkflowStep,\n+} from '../../interfaces';\n import { filterByPredicates, getMeaAggKey } from '../../utils';\n import { compareDistribution, compareDistributionKL, compareDistributionJS, normalizeWithParent } from '../../utils/normalization';\n import { aggregate } from '../op/aggregate';\n@@ -44,22 +55,44 @@\n\n                             op: 'bin',\n                             as: extendDimFid,\n                             num: QUANT_BIN_NUM,\n-                            params: [{\n-                                type: 'field',\n-                                value: extendDim.fid,\n-                            }]\n-                        }\n-                    }\n+                            params: [\n+                                {\n+                                    type: 'field',\n+                                    value: extendDim.fid,\n+                                },\n+                            ],\n+                        },\n+                    },\n                 ],\n             });\n         }\n         for (let mea of viewMeasures) {\n-            const overallWorkflow = toWorkflow(viewFilters, allFields, [extendDim], [mea], true, 'none', [], undefined, timezoneDisplayOffset);\n+            const { workflow: overallWorkflow, datasets } = toWorkflow(\n+                viewFilters,\n+                allFields,\n+                [extendDim],\n+                [mea],\n+                true,\n+                'none',\n+                [],\n+                undefined,\n+                timezoneDisplayOffset\n+            );\n             const fullOverallWorkflow = extraPreWorkflow ? [...extraPreWorkflow, ...overallWorkflow] : overallWorkflow;\n-            const overallData = await dataQuery(computationFunction, fullOverallWorkflow);\n-            const viewWorkflow = toWorkflow(viewFilters, allFields, [...viewDimensions, extendDim], [mea], true, 'none', [], undefined, timezoneDisplayOffset);\n+            const overallData = await dataQuery(computationFunction, fullOverallWorkflow, datasets);\n+            const { workflow: viewWorkflow, datasets: viewDatasets } = toWorkflow(\n+                viewFilters,\n+                allFields,\n+                [...viewDimensions, extendDim],\n+                [mea],\n+                true,\n+                'none',\n+                [],\n+                undefined,\n+                timezoneDisplayOffset\n+            );\n             const fullViewWorkflow = extraPreWorkflow ? [...extraPreWorkflow, ...viewWorkflow] : viewWorkflow;\n-            const viewData = await dataQuery(computationFunction, fullViewWorkflow);\n+            const viewData = await dataQuery(computationFunction, fullViewWorkflow, viewDatasets);\n             const subData = filterByPredicates(viewData, predicates);\n             let outlierNormalization = normalizeWithParent(subData, overallData, [getMeaAggKey(mea.fid, mea.aggName ?? 'sum')], false);\n             let outlierScore = compareDistributionJS(""

Output: List the addressed and unaddressed items, and make the final classification.
","Analysis details:
- Addressed Items: None.
- Unaddressed Items: 
  • The function has not been refactored into smaller, more manageable functions (e.g., no extraction of the logic inside the for loop).
  • The dataQuery function is still being directly used rather than being passed as a parameter.
Classification: Not Addressed"
https://api.github.com/repos/pass-culture/api-data/issues/comments/2405440231-2,"Input Format:
Code Review:
- Reviewed Path: The file path of the code change.
- Reviewed Change: The code change under review. (""+"" indicates added lines, ""-"" indicates removed lines)
- Review Comment: A list of issues or suggestions for the above changes.
Subsequent Code Changes: A cumulative code changes made to the reviewed file after the review.

Task: For each item in the Review Comment, analyze whether it has been addressed by the Subsequent Code Changes by determining if:
- The issue has been completely resolved.
- The suggestion has been completely followed. (If the suggestion includes concrete code examples, it does not need to be followed exactly. As long as the code change serves the same intended purpose, the suggestion can be considered addressed.)
After completing the analysis, classify the entire review comment into one of the following categories:
- Not Addressed: None of the issues or suggestions have been addressed by the Subsequent Code Changes.
- Partly Addressed: Some but not all issues or suggestions have been addressed.
- Fully Addressed: All issues or suggestions have been addressed.
If the code relevant to the Review Comment has been completely removed in the Subsequent Code Changes, and it is not possible to determine whether the removal was an intentional response to the comment, you can classify it as ""Not Enough Information"".

Output Format:
Analysis details:
- Addressed Items: List the issues or suggestions that have been addressed.
- Unaddressed Items: List the issues or suggestions that have not been addressed.
Classification: Based on the Addressed Items and Unaddressed Items, select one of ""Not Addressed"", ""Partly Addressed"", ""Fully Addressed"", or ""Not Enough Information"" as the final classification without more explanations.

Input:
Code Review:
- Reviewed Path: ""apps/fraud/compliance/api/src/pcpapillon/utils/constants.py""
- Reviewed Change: ""@@ -1,6 +1,10 @@\n from enum import Enum\n \n \n+def fake_model(a: int, b: str) -> int:\n+    return a + b\n+\n+\n class ModelName(Enum):\n     \""\""\""\n     Enum class for model names""
- Review Comment: ""- the function `fake_model` attempts to add an integer and a string, which will raise a typeerror. ensure that both operands are of compatible types before performing the addition. example fix:\n```python\nreturn a + int(b)\n```""

Subsequent Code Changes: Here are the cumulative modifications made to the reviewed file ""apps/fraud/compliance/api/src/pcpapillon/utils/constants.py"" after the Code Review.
""--- \n\n+++ \n\n@@ -1,4 +1,8 @@\n\n from enum import Enum\n+\n+\n+def fake_model(a: int, b: str) -> int:\n+    return a + b\n \n \n class ModelName(Enum):""

Output: List the addressed and unaddressed items, and make the final classification.
","Analysis details:
- Addressed Items: None
- Unaddressed Items: ""- the function `fake_model` attempts to add an integer and a string, which will raise a typeerror. ensure that both operands are of compatible types before performing the addition. example fix: return a + int(b)""
Classification: Not Addressed"
https://api.github.com/repos/pass-culture/api-data/issues/comments/2405287260-1,"Input Format:
Code Review:
- Reviewed Path: The file path of the code change.
- Reviewed Change: The code change under review. (""+"" indicates added lines, ""-"" indicates removed lines)
- Review Comment: A list of issues or suggestions for the above changes.
Subsequent Code Changes: A cumulative code changes made to the reviewed file after the review.

Task: For each item in the Review Comment, analyze whether it has been addressed by the Subsequent Code Changes by determining if:
- The issue has been completely resolved.
- The suggestion has been completely followed. (If the suggestion includes concrete code examples, it does not need to be followed exactly. As long as the code change serves the same intended purpose, the suggestion can be considered addressed.)
After completing the analysis, classify the entire review comment into one of the following categories:
- Not Addressed: None of the issues or suggestions have been addressed by the Subsequent Code Changes.
- Partly Addressed: Some but not all issues or suggestions have been addressed.
- Fully Addressed: All issues or suggestions have been addressed.
If the code relevant to the Review Comment has been completely removed in the Subsequent Code Changes, and it is not possible to determine whether the removal was an intentional response to the comment, you can classify it as ""Not Enough Information"".

Output Format:
Analysis details:
- Addressed Items: List the issues or suggestions that have been addressed.
- Unaddressed Items: List the issues or suggestions that have not been addressed.
Classification: Based on the Addressed Items and Unaddressed Items, select one of ""Not Addressed"", ""Partly Addressed"", ""Fully Addressed"", or ""Not Enough Information"" as the final classification without more explanations.

Input:
Code Review:
- Reviewed Path: ""apps/fraud/compliance/api/src/pcpapillon/utils/model_handler.py""
- Reviewed Change: ""@@ -21,6 +21,10 @@ class ModelWithMetadata:\n     model_identifier: str\n \n \n+def fake_model(a: int, b: str) -> int:\n+    return a + b\n+\n+\n class ModelHandler:\n     MODEL_ALIAS = \""@production\""""
- Review Comment: ""1. the function fake_model is defined with a type mismatch in its return statement. it attempts to add an integer and a string, which will raise a typeerror. ensure the types are compatible or adjust the function signature and logic accordingly.""

Subsequent Code Changes: Here are the cumulative modifications made to the reviewed file ""apps/fraud/compliance/api/src/pcpapillon/utils/model_handler.py"" after the Code Review.
""--- \n\n+++ \n\n@@ -19,6 +19,10 @@\n\n class ModelWithMetadata:\n     model: Union[mlflow.pyfunc.PythonModel, SentenceTransformer]\n     model_identifier: str\n+\n+\n+def fake_model(a: int, b: str) -> int:\n+    return a + b\n \n \n class ModelHandler:""

Output: List the addressed and unaddressed items, and make the final classification.
","Analysis details:
- Addressed Items: None.
- Unaddressed Items: ""the function fake_model is defined with a type mismatch in its return statement. it attempts to add an integer and a string, which will raise a typeerror. ensure the types are compatible or adjust the function signature and logic accordingly.""
Classification: Not Addressed"
https://api.github.com/repos/pass-culture/api-data/issues/comments/2405440231-1,"Input Format:
Code Review:
- Reviewed Path: The file path of the code change.
- Reviewed Change: The code change under review. (""+"" indicates added lines, ""-"" indicates removed lines)
- Review Comment: A list of issues or suggestions for the above changes.
Subsequent Code Changes: A cumulative code changes made to the reviewed file after the review.

Task: For each item in the Review Comment, analyze whether it has been addressed by the Subsequent Code Changes by determining if:
- The issue has been completely resolved.
- The suggestion has been completely followed. (If the suggestion includes concrete code examples, it does not need to be followed exactly. As long as the code change serves the same intended purpose, the suggestion can be considered addressed.)
After completing the analysis, classify the entire review comment into one of the following categories:
- Not Addressed: None of the issues or suggestions have been addressed by the Subsequent Code Changes.
- Partly Addressed: Some but not all issues or suggestions have been addressed.
- Fully Addressed: All issues or suggestions have been addressed.
If the code relevant to the Review Comment has been completely removed in the Subsequent Code Changes, and it is not possible to determine whether the removal was an intentional response to the comment, you can classify it as ""Not Enough Information"".

Output Format:
Analysis details:
- Addressed Items: List the issues or suggestions that have been addressed.
- Unaddressed Items: List the issues or suggestions that have not been addressed.
Classification: Based on the Addressed Items and Unaddressed Items, select one of ""Not Addressed"", ""Partly Addressed"", ""Fully Addressed"", or ""Not Enough Information"" as the final classification without more explanations.

Input:
Code Review:
- Reviewed Path: ""apps/fraud/compliance/api/src/pcpapillon/utils/model_handler.py""
- Reviewed Change: ""@@ -21,6 +21,10 @@ class ModelWithMetadata:\n     model_identifier: str\n \n \n+def fake_model(a: int, b: str) -> int:\n+    return a + b\n+\n+\n class ModelHandler:\n     MODEL_ALIAS = \""@production\""""
- Review Comment: ""- the function fake_model has the same issue as in the other file: it attempts to add an integer and a string, which will raise a typeerror. ensure that both operands are of compatible types before performing the addition. example fix:\n```python\nreturn a + int(b)\n```""

Subsequent Code Changes: Here are the cumulative modifications made to the reviewed file ""apps/fraud/compliance/api/src/pcpapillon/utils/model_handler.py"" after the Code Review.
""--- \n\n+++ \n\n@@ -19,6 +19,10 @@\n\n class ModelWithMetadata:\n     model: Union[mlflow.pyfunc.PythonModel, SentenceTransformer]\n     model_identifier: str\n+\n+\n+def fake_model(a: int, b: str) -> int:\n+    return a + b\n \n \n class ModelHandler:""

Output: List the addressed and unaddressed items, and make the final classification.
","Analysis details:
- Addressed Items: None
- Unaddressed Items: The issue with fake_model adding an integer and a string remains unaddressed.
Classification: Not Addressed"
https://api.github.com/repos/pass-culture/api-data/issues/comments/2405241324-1,"Input Format:
Code Review:
- Reviewed Path: The file path of the code change.
- Reviewed Change: The code change under review. (""+"" indicates added lines, ""-"" indicates removed lines)
- Review Comment: A list of issues or suggestions for the above changes.
Subsequent Code Changes: A cumulative code changes made to the reviewed file after the review.

Task: For each item in the Review Comment, analyze whether it has been addressed by the Subsequent Code Changes by determining if:
- The issue has been completely resolved.
- The suggestion has been completely followed. (If the suggestion includes concrete code examples, it does not need to be followed exactly. As long as the code change serves the same intended purpose, the suggestion can be considered addressed.)
After completing the analysis, classify the entire review comment into one of the following categories:
- Not Addressed: None of the issues or suggestions have been addressed by the Subsequent Code Changes.
- Partly Addressed: Some but not all issues or suggestions have been addressed.
- Fully Addressed: All issues or suggestions have been addressed.
If the code relevant to the Review Comment has been completely removed in the Subsequent Code Changes, and it is not possible to determine whether the removal was an intentional response to the comment, you can classify it as ""Not Enough Information"".

Output Format:
Analysis details:
- Addressed Items: List the issues or suggestions that have been addressed.
- Unaddressed Items: List the issues or suggestions that have not been addressed.
Classification: Based on the Addressed Items and Unaddressed Items, select one of ""Not Addressed"", ""Partly Addressed"", ""Fully Addressed"", or ""Not Enough Information"" as the final classification without more explanations.

Input:
Code Review:
- Reviewed Path: ""apps/fraud/compliance/api/src/pcpapillon/utils/model_handler.py""
- Reviewed Change: ""@@ -21,6 +21,10 @@ class ModelWithMetadata:\n     model_identifier: str\n \n \n+def fake_model(a: int, b: str):\n+    return a + b\n+\n+\n class ModelHandler:\n     MODEL_ALIAS = \""@production\""""
- Review Comment: ""1. the function fake_model is defined but seems to be a placeholder or incorrect implementation as it attempts to add an integer and a string, which will raise a typeerror. consider revising or removing this function if it's not intended for production.""

Subsequent Code Changes: Here are the cumulative modifications made to the reviewed file ""apps/fraud/compliance/api/src/pcpapillon/utils/model_handler.py"" after the Code Review.
""--- \n\n+++ \n\n@@ -19,6 +19,10 @@\n\n class ModelWithMetadata:\n     model: Union[mlflow.pyfunc.PythonModel, SentenceTransformer]\n     model_identifier: str\n+\n+\n+def fake_model(a: int, b: str):\n+    return a + b\n \n \n class ModelHandler:""

Output: List the addressed and unaddressed items, and make the final classification.
","Analysis details:
- Addressed Items: None.
- Unaddressed Items: The fake_model function still contains the incorrect implementation (adding an integer to a string), and no changes were made to fix or remove the placeholder function.
Classification: Not Addressed"
https://api.github.com/repos/pass-culture/api-data/issues/comments/2405486176-2,"Input Format:
Code Review:
- Reviewed Path: The file path of the code change.
- Reviewed Change: The code change under review. (""+"" indicates added lines, ""-"" indicates removed lines)
- Review Comment: A list of issues or suggestions for the above changes.
Subsequent Code Changes: A cumulative code changes made to the reviewed file after the review.

Task: For each item in the Review Comment, analyze whether it has been addressed by the Subsequent Code Changes by determining if:
- The issue has been completely resolved.
- The suggestion has been completely followed. (If the suggestion includes concrete code examples, it does not need to be followed exactly. As long as the code change serves the same intended purpose, the suggestion can be considered addressed.)
After completing the analysis, classify the entire review comment into one of the following categories:
- Not Addressed: None of the issues or suggestions have been addressed by the Subsequent Code Changes.
- Partly Addressed: Some but not all issues or suggestions have been addressed.
- Fully Addressed: All issues or suggestions have been addressed.
If the code relevant to the Review Comment has been completely removed in the Subsequent Code Changes, and it is not possible to determine whether the removal was an intentional response to the comment, you can classify it as ""Not Enough Information"".

Output Format:
Analysis details:
- Addressed Items: List the issues or suggestions that have been addressed.
- Unaddressed Items: List the issues or suggestions that have not been addressed.
Classification: Based on the Addressed Items and Unaddressed Items, select one of ""Not Addressed"", ""Partly Addressed"", ""Fully Addressed"", or ""Not Enough Information"" as the final classification without more explanations.

Input:
Code Review:
- Reviewed Path: ""apps/fraud/compliance/api/src/pcpapillon/utils/model_handler.py""
- Reviewed Change: ""@@ -21,6 +21,10 @@ class ModelWithMetadata:\n     model_identifier: str\n \n \n+def my_function(a: int, b: str) -> str:\n+    return a + b\n+\n+\n class ModelHandler:\n     MODEL_ALIAS = \""@production\""""
- Review Comment: ""1. the function my_function attempts to concatenate an integer and a string, which will raise a typeerror. consider converting the integer to a string before concatenation:\n   ```python\n   def my_function(a: int, b: str) -> str:\n       return str(a) + b\n   ```""

Subsequent Code Changes: Here are the cumulative modifications made to the reviewed file ""apps/fraud/compliance/api/src/pcpapillon/utils/model_handler.py"" after the Code Review.
""--- \n\n+++ \n\n@@ -19,6 +19,10 @@\n\n class ModelWithMetadata:\n     model: Union[mlflow.pyfunc.PythonModel, SentenceTransformer]\n     model_identifier: str\n+\n+\n+def my_function(a: int, b: str) -> str:\n+    return a + b\n \n \n class ModelHandler:""

Output: List the addressed and unaddressed items, and make the final classification.
","Analysis details:
- Addressed Items: []
- Unaddressed Items: [""the function my_function attempts to concatenate an integer and a string, which will raise a typeerror. consider converting the integer to a string before concatenation""]
Classification: Not Addressed"
https://api.github.com/repos/pass-culture/data-gcp/issues/comments/2485339251-1,"Input Format:
Code Review:
- Reviewed Path: The file path of the code change.
- Reviewed Change: The code change under review. (""+"" indicates added lines, ""-"" indicates removed lines)
- Review Comment: A list of issues or suggestions for the above changes.
Subsequent Code Changes: A cumulative code changes made to the reviewed file after the review.

Task: For each item in the Review Comment, analyze whether it has been addressed by the Subsequent Code Changes by determining if:
- The issue has been completely resolved.
- The suggestion has been completely followed. (If the suggestion includes concrete code examples, it does not need to be followed exactly. As long as the code change serves the same intended purpose, the suggestion can be considered addressed.)
After completing the analysis, classify the entire review comment into one of the following categories:
- Not Addressed: None of the issues or suggestions have been addressed by the Subsequent Code Changes.
- Partly Addressed: Some but not all issues or suggestions have been addressed.
- Fully Addressed: All issues or suggestions have been addressed.
If the code relevant to the Review Comment has been completely removed in the Subsequent Code Changes, and it is not possible to determine whether the removal was an intentional response to the comment, you can classify it as ""Not Enough Information"".

Output Format:
Analysis details:
- Addressed Items: List the issues or suggestions that have been addressed.
- Unaddressed Items: List the issues or suggestions that have not been addressed.
Classification: Based on the Addressed Items and Unaddressed Items, select one of ""Not Addressed"", ""Partly Addressed"", ""Fully Addressed"", or ""Not Enough Information"" as the final classification without more explanations.

Input:
Code Review:
- Reviewed Path: ""orchestration/dags/common/operators/gce.py""
- Reviewed Change: ""@@ -20,6 +20,7 @@\n from airflow.providers.google.cloud.hooks.compute_ssh import ComputeEngineSSHHook\n from airflow.utils.decorators import apply_defaults\n \n+print(\""GCE Operators loaded\"")\n UV_VERSION = \""0.5.2\""""
- Review Comment: ""1. the added print(\""gce operators loaded\"") statement is likely for debugging purposes. consider removing it or using a logging mechanism instead to avoid unnecessary console output in production.\n\n```python\nself.log.info(\""gce operators loaded\"")\n```\n\n2. in the __init__ methods, mutable default arguments like labels={} and environment={} can lead to unexpected behavior due to shared state across instances. use none as the default and initialize inside the method.\n\n```python\nlabels=none\n...\nself.labels = labels or {}\n```\n\n3. in the make_install_command method, ensure that the installer variable is validated before constructing the command to prevent potential command injection vulnerabilities.""

Subsequent Code Changes: Here are the cumulative modifications made to the reviewed file ""orchestration/dags/common/operators/gce.py"" after the Code Review.
""--- \n\n+++ \n\n@@ -20,6 +20,7 @@\n\n from airflow.providers.google.cloud.hooks.compute_ssh import ComputeEngineSSHHook\n from airflow.utils.decorators import apply_defaults\n \n+print(\""GCE Operators loaded\"")\n UV_VERSION = \""0.5.2\""""

Output: List the addressed and unaddressed items, and make the final classification.
","Analysis details:
- Addressed Items: None.
- Unaddressed Items: 
  1. The print statement intended for debugging remains unchanged and no logging mechanism has been applied.
  2. The mutable default arguments in __init__ methods have not been modified.
  3. No validation for the installer variable in make_install_command has been added.
Classification: Not Addressed."
https://api.github.com/repos/Kanaries/graphic-walker/issues/comments/2029467035-2,"Input Format:
Code Review:
- Reviewed Path: The file path of the code change.
- Reviewed Change: The code change under review. (""+"" indicates added lines, ""-"" indicates removed lines)
- Review Comment: A list of issues or suggestions for the above changes.
Subsequent Code Changes: A cumulative code changes made to the reviewed file after the review.

Task: For each item in the Review Comment, analyze whether it has been addressed by the Subsequent Code Changes by determining if:
- The issue has been completely resolved.
- The suggestion has been completely followed. (If the suggestion includes concrete code examples, it does not need to be followed exactly. As long as the code change serves the same intended purpose, the suggestion can be considered addressed.)
After completing the analysis, classify the entire review comment into one of the following categories:
- Not Addressed: None of the issues or suggestions have been addressed by the Subsequent Code Changes.
- Partly Addressed: Some but not all issues or suggestions have been addressed.
- Fully Addressed: All issues or suggestions have been addressed.
If the code relevant to the Review Comment has been completely removed in the Subsequent Code Changes, and it is not possible to determine whether the removal was an intentional response to the comment, you can classify it as ""Not Enough Information"".

Output Format:
Analysis details:
- Addressed Items: List the issues or suggestions that have been addressed.
- Unaddressed Items: List the issues or suggestions that have not been addressed.
Classification: Based on the Addressed Items and Unaddressed Items, select one of ""Not Addressed"", ""Partly Addressed"", ""Fully Addressed"", or ""Not Enough Information"" as the final classification without more explanations.

Input:
Code Review:
- Reviewed Path: ""packages/graphic-walker/src/computation/clientComputation.ts""
- Reviewed Change: ""@@ -1,26 +1,41 @@\n-import type { IDataQueryPayload, IDataQueryWorkflowStep, IFilterFiledSimple, IRow } from \""../interfaces\"";\n-import { applyFilter, applySort, applyViewQuery, transformDataService } from \""../services\"";\n+import { DEFAULT_DATASET } from '@/constants';\n+import type { IDataQueryPayload, IDataQueryWorkflowStep, IFilterFiledSimple, IRow, IBasicDataQueryWorkflowStep, IJoinWorkflowStep } from '../interfaces';\n+import { applyFilter, applySort, applyViewQuery, joinDataService, transformDataService } from '../services';\n \n export const dataQueryClient = async (\n-    rawData: IRow[],\n+    rawDatas: Record<string, IRow[]>,\n     workflow: IDataQueryWorkflowStep[],\n+    datasets: string[],\n     offset?: number,\n-    limit?: number,\n+    limit?: number\n ): Promise<IRow[]> => {\n-    if (process.env.NODE_ENV !== \""production\"") {\n-        console.log('local query triggered', workflow);\n+    if (process.env.NODE_ENV !== 'production') {\n+        console.log('local query triggered', workflow, datasets);\n     }\n-    let res = rawData;\n-    for await (const step of workflow) {\n+\n+    const steps = workflow.filter((step): step is IBasicDataQueryWorkflowStep => step.type !== 'join');\n+    const joins = workflow.find((step): step is IJoinWorkflowStep => step.type === 'join');\n+    let res: IRow[];\n+    if (joins) {\n+        res = await joinDataService(rawDatas, joins.foreigns);\n+    } else {\n+        res = datasets.flatMap((dataset) => rawDatas[dataset]);\n+    }\n+    for await (const step of steps) {\n         switch (step.type) {\n             case 'filter': {\n-                res = await applyFilter(res, step.filters.map(filter => {\n-                    const res: IFilterFiledSimple = {\n-                        fid: filter.fid,\n-                        rule: filter.rule,\n-                    };\n-                    return res;\n-                }).filter(Boolean));\n+                res = await applyFilter(\n+                    res,\n+                    step.filters\n+                        .map((filter) => {\n+                            const res: IFilterFiledSimple = {\n+                                fid: filter.fid,\n+                                rule: filter.rule,\n+                            };\n+                            return res;\n+                        })\n+                        .filter(Boolean)\n+                );\n                 break;\n             }\n             case 'transform': {\n@@ -44,7 +59,14 @@ export const dataQueryClient = async (\n             }\n         }\n     }\n-    return res.slice(offset ?? 0, limit ? ((offset ?? 0) + limit) : undefined);\n+\n+    return res.slice(offset ?? 0, limit ? (offset ?? 0) + limit : undefined);\n };\n \n-export const getComputation = (rawData: IRow[]) => (payload: IDataQueryPayload) => dataQueryClient(rawData, payload.workflow, payload.offset, payload.limit)\n+export const getComputation = (rawDatas: Record<string, IRow[]> | IRow[]) => {\n+    if (rawDatas instanceof Array) {\n+        return (payload: IDataQueryPayload) =>\n+            dataQueryClient({ [DEFAULT_DATASET]: rawDatas }, payload.workflow, [DEFAULT_DATASET], payload.offset, payload.limit);\n+    }\n+    return (payload: IDataQueryPayload) => dataQueryClient(rawDatas, payload.workflow, payload.datasets, payload.offset, payload.limit);\n+};""
- Review Comment: ""- there is a potential issue with the `filter` case in the `switch` statement. the `map` function is used but the returned value is not used. this could lead to unexpected behavior. consider removing the `map` function or use the returned value.""

Subsequent Code Changes: Here are the cumulative modifications made to the reviewed file ""packages/graphic-walker/src/computation/clientComputation.ts"" after the Code Review.
""--- \n\n+++ \n\n@@ -1,26 +1,41 @@\n\n-import type { IDataQueryPayload, IDataQueryWorkflowStep, IFilterFiledSimple, IRow } from \""../interfaces\"";\n-import { applyFilter, applySort, applyViewQuery, transformDataService } from \""../services\"";\n+import { DEFAULT_DATASET } from '@/constants';\n+import type { IDataQueryPayload, IDataQueryWorkflowStep, IFilterFiledSimple, IRow, IBasicDataQueryWorkflowStep, IJoinWorkflowStep } from '../interfaces';\n+import { applyFilter, applySort, applyViewQuery, joinDataService, transformDataService } from '../services';\n \n export const dataQueryClient = async (\n-    rawData: IRow[],\n+    rawDatas: Record<string, IRow[]>,\n     workflow: IDataQueryWorkflowStep[],\n+    datasets: string[],\n     offset?: number,\n-    limit?: number,\n+    limit?: number\n ): Promise<IRow[]> => {\n-    if (process.env.NODE_ENV !== \""production\"") {\n-        console.log('local query triggered', workflow);\n+    if (process.env.NODE_ENV !== 'production') {\n+        console.log('local query triggered', workflow, datasets);\n     }\n-    let res = rawData;\n-    for await (const step of workflow) {\n+\n+    const steps = workflow.filter((step): step is IBasicDataQueryWorkflowStep => step.type !== 'join');\n+    const joins = workflow.find((step): step is IJoinWorkflowStep => step.type === 'join');\n+    let res: IRow[];\n+    if (joins) {\n+        res = await joinDataService(rawDatas, joins.foreigns);\n+    } else {\n+        res = datasets.flatMap((dataset) => rawDatas[dataset]);\n+    }\n+    for await (const step of steps) {\n         switch (step.type) {\n             case 'filter': {\n-                res = await applyFilter(res, step.filters.map(filter => {\n-                    const res: IFilterFiledSimple = {\n-                        fid: filter.fid,\n-                        rule: filter.rule,\n-                    };\n-                    return res;\n-                }).filter(Boolean));\n+                res = await applyFilter(\n+                    res,\n+                    step.filters\n+                        .map((filter) => {\n+                            const res: IFilterFiledSimple = {\n+                                fid: filter.fid,\n+                                rule: filter.rule,\n+                            };\n+                            return res;\n+                        })\n+                        .filter(Boolean)\n+                );\n                 break;\n             }\n             case 'transform': {\n@@ -44,7 +59,14 @@\n\n             }\n         }\n     }\n-    return res.slice(offset ?? 0, limit ? ((offset ?? 0) + limit) : undefined);\n+\n+    return res.slice(offset ?? 0, limit ? (offset ?? 0) + limit : undefined);\n };\n \n-export const getComputation = (rawData: IRow[]) => (payload: IDataQueryPayload) => dataQueryClient(rawData, payload.workflow, payload.offset, payload.limit)\n+export const getComputation = (rawDatas: Record<string, IRow[]> | IRow[]) => {\n+    if (rawDatas instanceof Array) {\n+        return (payload: IDataQueryPayload) =>\n+            dataQueryClient({ [DEFAULT_DATASET]: rawDatas }, payload.workflow, [DEFAULT_DATASET], payload.offset, payload.limit);\n+    }\n+    return (payload: IDataQueryPayload) => dataQueryClient(rawDatas, payload.workflow, payload.datasets, payload.offset, payload.limit);\n+};""

Output: List the addressed and unaddressed items, and make the final classification.
","Analysis details:
- Addressed Items: None.
- Unaddressed Items: The potential issue with the filter case in the switch statement, where the map function’s returned value is used without any modifications, remains unchanged.
Classification: Not Addressed"
